t_global,x,y,v,em,es,action
183.723,-16,713,0,0,100,still_30s
183.764,-21,714,0,0,100,still_30s
183.836,-21,714,0,0,100,still_30s
183.909,-34,713,0,0,100,still_30s
183.949,-51,707,0,0,100,still_30s
184.021,-51,707,0,0,100,still_30s
184.094,-72,699,0,0,100,still_30s
184.134,-91,690,0,0,100,still_30s
184.206,-91,690,0,0,100,still_30s
184.279,-126,672,8,0,100,still_30s
184.320,-131,669,0,0,100,still_30s
184.392,-129,670,0,0,100,still_30s
184.465,-129,670,0,0,100,still_30s
184.505,-125,673,0,0,100,still_30s
184.578,-114,678,0,0,100,still_30s
184.650,-114,678,0,0,100,still_30s
184.691,-82,693,0,0,100,still_30s
184.764,-80,690,0,0,100,still_30s
184.836,-80,690,0,0,100,still_30s
184.875,-84,680,0,0,100,still_30s
184.949,-88,675,8,0,100,still_30s
185.021,-88,675,8,0,100,still_30s
185.061,-92,671,0,0,100,still_30s
185.134,-96,669,0,0,100,still_30s
185.205,-96,669,0,0,100,still_30s
185.246,-100,667,0,0,100,still_30s
185.318,-103,667,0,0,100,still_30s
185.391,-103,667,0,0,100,still_30s
185.433,-101,670,0,0,100,still_30s
185.503,-99,670,0,0,100,still_30s
185.577,-101,668,0,0,100,still_30s
185.620,-101,668,0,0,100,still_30s
185.694,-104,664,0,0,100,still_30s
185.768,-105,661,0,0,100,still_30s
185.807,-105,661,0,0,100,still_30s
185.882,-107,656,0,0,100,still_30s
185.954,-108,656,0,0,100,still_30s
185.993,-107,657,0,0,100,still_30s
186.066,-107,657,0,0,100,still_30s
186.138,-104,656,0,0,100,still_30s
186.178,-101,654,0,0,100,still_30s
186.250,-101,654,0,0,100,still_30s
186.326,-98,653,0,0,100,still_30s
186.363,-95,655,0,0,100,still_30s
186.436,-91,655,0,0,100,still_30s
186.508,-91,655,0,0,100,still_30s
186.548,-86,656,0,0,100,still_30s
186.620,-77,658,-8,0,100,still_30s
186.692,-77,658,-8,0,100,still_30s
186.731,-54,657,0,0,100,still_30s
186.803,-36,659,0,0,100,still_30s
186.876,-36,659,0,0,100,still_30s
186.916,-23,661,0,0,100,still_30s
186.989,-18,664,0,0,100,still_30s
187.062,-18,664,0,0,100,still_30s
187.101,-18,665,0,0,100,still_30s
187.175,-24,664,0,0,100,still_30s
187.247,-24,664,0,0,100,still_30s
187.287,-31,663,0,0,100,still_30s
187.361,-35,665,8,0,100,still_30s
187.433,-35,665,8,0,100,still_30s
187.473,-39,666,0,0,100,still_30s
187.547,-41,664,0,0,100,still_30s
187.620,-41,664,0,0,100,still_30s
187.665,-41,663,0,0,100,still_30s
187.738,-37,662,0,0,100,still_30s
187.811,-31,668,0,0,100,still_30s
187.850,-31,668,0,0,100,still_30s
187.924,-24,671,0,0,100,still_30s
187.997,-17,675,0,0,98,still_30s
188.038,-15,679,8,0,94,still_30s
188.112,-15,679,8,0,94,still_30s
188.183,-10,682,0,0,91,still_30s
188.223,-3,684,0,0,91,still_30s
188.296,-3,684,0,0,88,still_30s
188.369,-1,687,0,0,86,still_30s
188.409,0,688,0,0,86,still_30s
188.482,0,686,0,0,84,still_30s
188.554,0,686,0,0,84,still_30s
188.595,-4,686,0,0,82,still_30s
188.669,-8,686,0,0,65,still_30s
188.741,-8,686,0,0,65,still_30s
188.781,-12,686,0,0,63,still_30s
188.855,-14,688,0,0,61,still_30s
188.927,-14,688,0,0,61,still_30s
188.966,-17,688,0,0,59,still_30s
189.041,-17,687,0,0,59,still_30s
189.113,-17,687,0,0,59,still_30s
189.152,-19,682,0,0,59,still_30s
189.226,-21,678,0,0,59,still_30s
189.300,-21,678,0,0,61,still_30s
189.339,-24,675,0,0,62,still_30s
189.412,-27,673,0,0,62,still_30s
189.486,-27,673,0,0,63,still_30s
189.524,-29,672,0,0,63,still_30s
189.598,-30,671,0,0,62,still_30s
189.671,-29,671,0,0,59,still_30s
189.717,-29,671,0,0,59,still_30s
189.790,-25,673,0,0,57,still_30s
189.863,-17,679,0,0,54,still_30s
189.905,-12,683,0,0,54,still_30s
189.976,-12,683,0,0,53,still_30s
190.048,-9,686,0,0,53,still_30s
190.089,-6,687,0,0,53,still_30s
190.160,-6,687,0,0,53,still_30s
190.232,-4,687,0,0,53,still_30s
190.272,1,687,0,0,52,still_30s
190.344,1,687,0,0,52,still_30s
190.416,11,690,0,0,52,still_30s
190.457,17,690,0,0,51,still_30s
190.529,17,689,0,0,52,still_30s
190.600,17,689,0,0,52,still_30s
190.639,15,687,0,0,52,still_30s
190.712,16,686,0,0,52,still_30s
190.787,16,686,0,0,52,still_30s
190.823,15,683,0,0,52,still_30s
190.898,14,680,0,0,52,still_30s
190.969,14,680,0,0,54,still_30s
191.008,13,678,0,0,54,still_30s
191.081,11,676,0,0,55,still_30s
191.165,11,676,0,0,55,still_30s
191.192,10,670,0,0,57,still_30s
191.265,9,666,0,0,59,still_30s
191.337,9,666,0,0,59,still_30s
191.377,10,663,0,0,61,still_30s
191.449,13,664,0,0,64,still_30s
191.522,13,664,0,0,64,still_30s
191.561,15,667,0,0,65,still_30s
191.633,14,668,0,0,66,still_30s
191.705,14,668,0,0,66,still_30s
191.749,16,668,0,0,67,still_30s
191.822,24,669,8,0,67,still_30s
191.895,30,669,0,0,82,still_30s
191.935,30,669,0,0,83,still_30s
192.010,33,669,0,0,83,still_30s
192.079,33,667,0,0,86,still_30s
192.119,33,667,0,0,86,still_30s
192.193,32,664,0,0,89,still_30s
192.266,30,662,0,0,89,still_30s
192.309,27,660,0,0,89,still_30s
192.378,27,660,0,0,88,still_30s
192.451,22,657,0,0,88,still_30s
192.492,19,656,0,0,88,still_30s
192.562,19,656,0,0,89,still_30s
192.634,20,656,0,0,89,still_30s
192.674,19,656,0,0,88,still_30s
192.749,19,656,0,0,88,still_30s
192.820,14,657,0,0,88,still_30s
192.858,9,657,0,0,87,still_30s
192.932,3,655,0,0,87,still_30s
193.002,3,655,0,0,87,still_30s
193.041,0,652,0,0,87,still_30s
193.114,-3,645,0,0,87,still_30s
193.186,-3,645,0,0,86,still_30s
193.225,-5,639,0,0,86,still_30s
193.301,-7,635,0,0,83,still_30s
193.370,-7,635,0,0,64,still_30s
193.410,-8,634,0,0,64,still_30s
193.482,-9,630,0,0,62,still_30s
193.557,-9,630,0,0,62,still_30s
193.593,-14,630,0,0,64,still_30s
193.667,-19,634,0,0,81,still_30s
193.738,-19,634,0,0,81,still_30s
193.783,-24,639,0,0,83,still_30s
193.855,-25,643,0,0,86,still_30s
193.927,-25,643,0,0,86,still_30s
193.967,-27,648,0,0,88,still_30s
194.039,-34,658,0,0,90,still_30s
194.111,-34,658,0,0,90,still_30s
194.152,-40,665,0,0,90,still_30s
194.223,-45,666,0,0,90,still_30s
194.295,-45,666,0,0,90,still_30s
194.335,-49,665,0,0,91,still_30s
194.406,-55,665,0,0,91,still_30s
194.480,-64,664,0,0,91,still_30s
194.519,-64,664,0,0,91,still_30s
194.592,-70,661,0,0,90,still_30s
194.666,-73,656,0,0,89,still_30s
194.705,-73,656,0,0,89,still_30s
194.778,-74,649,0,0,90,still_30s
194.850,-73,640,0,0,90,still_30s
194.890,-71,633,0,0,89,still_30s
194.962,-71,633,0,0,88,still_30s
195.034,-66,628,0,0,88,still_30s
195.074,-64,623,0,0,86,still_30s
195.146,-64,623,0,0,84,still_30s
195.221,-63,621,0,0,84,still_30s
195.258,-64,619,0,0,82,still_30s
195.332,-64,619,0,0,63,still_30s
195.403,-64,616,0,0,63,still_30s
195.442,-64,613,0,0,61,still_30s
195.514,-64,612,0,0,61,still_30s
195.587,-64,612,0,0,59,still_30s
195.625,-67,610,0,0,59,still_30s
195.698,-69,610,0,0,58,still_30s
195.771,-69,610,0,0,57,still_30s
195.816,-59,619,0,0,57,still_30s
195.888,-47,628,0,0,57,still_30s
195.961,-47,628,0,0,55,still_30s
196.001,-47,626,0,0,55,still_30s
196.073,-49,620,0,0,54,still_30s
196.145,-49,620,0,0,54,still_30s
196.184,-53,615,0,0,53,still_30s
196.259,-56,611,0,0,53,still_30s
196.329,-56,611,0,0,53,still_30s
196.369,-58,609,8,0,53,still_30s
196.441,-59,609,0,0,53,still_30s
196.513,-59,609,0,0,53,still_30s
196.552,-56,610,0,0,54,still_30s
196.625,-44,611,0,0,54,still_30s
196.697,-44,611,0,0,54,still_30s
196.737,-31,612,0,0,54,still_30s
196.812,-21,615,0,0,54,still_30s
196.881,-17,618,0,0,53,still_30s
196.922,-17,618,0,0,53,still_30s
196.995,-16,624,0,0,51,still_30s
197.068,-19,628,0,0,49,still_30s
197.108,-19,628,0,0,49,still_30s
197.181,-19,635,0,0,48,still_30s
197.253,-20,638,0,0,48,still_30s
197.293,-19,630,0,0,48,still_30s
197.365,-19,630,0,0,48,still_30s
197.437,-17,623,0,0,48,still_30s
197.477,-15,627,0,0,48,still_30s
197.549,-15,627,0,0,47,still_30s
197.622,-8,632,0,0,47,still_30s
197.661,-1,635,0,0,47,still_30s
197.733,-1,635,0,0,48,still_30s
197.805,-3,630,0,0,48,still_30s
197.849,-7,621,0,0,48,still_30s
197.922,-12,615,0,0,48,still_30s
197.994,-12,615,0,0,49,still_30s
198.034,-21,610,0,0,48,still_30s
198.106,-28,606,0,0,48,still_30s
198.178,-28,606,0,0,49,still_30s
198.218,-13,605,0,0,49,still_30s
198.291,2,605,0,0,49,still_30s
198.363,2,605,0,0,48,still_30s
198.402,3,600,-8,0,48,still_30s
198.475,0,595,0,0,49,still_30s
198.547,0,595,0,0,49,still_30s
198.586,-3,591,0,0,50,still_30s
198.659,-4,589,0,0,50,still_30s
198.731,-4,589,0,0,50,still_30s
198.771,-7,590,0,0,50,still_30s
198.843,-22,603,0,0,49,still_30s
198.915,-22,603,0,0,49,still_30s
198.955,-63,638,0,0,48,still_30s
199.027,-73,631,0,0,47,still_30s
199.099,-73,631,0,0,47,still_30s
199.139,-86,622,0,0,46,still_30s
199.211,-99,623,0,0,46,still_30s
199.283,-117,622,0,0,45,still_30s
199.323,-117,622,0,0,45,still_30s
199.397,-149,619,8,0,45,still_30s
199.469,-190,612,0,0,45,still_30s
199.510,-190,612,0,0,45,still_30s
199.583,-253,599,0,0,45,still_30s
199.655,-250,566,0,0,45,still_30s
199.696,-231,543,0,0,47,still_30s
199.768,-231,543,0,0,48,still_30s
199.840,-200,515,0,0,48,still_30s
199.885,-179,500,0,0,48,still_30s
199.957,-179,500,0,0,48,still_30s
200.029,-175,499,0,0,48,still_30s
200.068,-173,501,0,0,49,still_30s
200.142,-173,503,0,0,49,still_30s
200.213,-173,503,0,0,49,still_30s
200.253,-172,506,-8,0,50,still_30s
200.325,-173,510,0,0,50,still_30s
200.397,-173,510,0,0,50,still_30s
200.436,-172,513,0,0,51,still_30s
200.509,-169,513,0,0,51,still_30s
200.581,-169,513,0,0,51,still_30s
200.620,-166,512,0,0,51,still_30s
200.694,-166,511,0,0,52,still_30s
200.765,-166,511,0,0,52,still_30s
200.806,-168,513,0,0,52,still_30s
200.880,-168,512,0,0,53,still_30s
200.950,-168,512,0,0,53,still_30s
200.989,-165,506,0,0,55,still_30s
201.062,-160,501,0,0,81,still_30s
201.135,-160,501,0,0,81,still_30s
201.173,-155,500,0,0,82,still_30s
201.246,-146,502,0,0,82,still_30s
201.318,-146,502,0,0,82,still_30s
201.357,-137,506,0,0,82,still_30s
201.430,-130,507,0,0,83,still_30s
201.502,-130,507,0,0,83,still_30s
201.542,-127,506,0,0,84,still_30s
201.614,-123,502,0,0,84,still_30s
201.688,-121,498,0,0,85,still_30s
201.728,-121,498,0,0,84,still_30s
201.800,-119,498,0,0,84,still_30s
201.874,-117,498,0,0,84,still_30s
201.919,-115,499,0,0,84,still_30s
201.992,-115,499,0,0,83,still_30s
202.063,-112,500,0,0,81,still_30s
202.104,-109,500,0,0,81,still_30s
202.176,-109,500,0,0,56,still_30s
202.248,-105,500,0,0,56,still_30s
202.289,-100,502,0,0,54,still_30s
202.361,-100,502,0,0,54,still_30s
202.432,-95,505,0,0,54,still_30s
202.472,-91,509,0,0,53,still_30s
202.545,-88,513,0,0,52,still_30s
202.616,-88,513,0,0,52,still_30s
202.655,-85,517,0,0,51,still_30s
202.728,-82,523,0,0,50,still_30s
202.802,-82,523,0,0,50,still_30s
202.839,-75,528,0,0,50,still_30s
202.912,-68,533,0,0,50,still_30s
202.984,-68,533,0,0,51,still_30s
203.023,-62,539,0,0,51,still_30s
203.096,-55,545,0,0,53,still_30s
203.169,-55,545,0,0,54,still_30s
203.208,-50,548,0,0,54,still_30s
203.281,-49,549,0,0,55,still_30s
203.353,-49,549,0,0,55,still_30s
203.393,-49,547,0,0,55,still_30s
203.465,-48,547,0,0,56,still_30s
203.537,-48,547,0,0,56,still_30s
203.577,-46,550,0,0,56,still_30s
203.651,-42,555,0,0,55,still_30s
203.721,-42,555,0,0,55,still_30s
203.762,-37,558,0,0,54,still_30s
203.833,-32,561,0,0,53,still_30s
203.906,-32,561,0,0,53,still_30s
203.950,-31,561,-8,0,53,still_30s
204.021,-32,563,0,0,53,still_30s
204.094,-32,567,0,0,53,still_30s
204.135,-32,567,0,0,52,still_30s
204.206,-33,566,0,0,52,still_30s
204.279,-32,567,0,0,51,still_30s
204.320,-30,569,0,0,51,still_30s
204.394,-30,569,0,0,51,still_30s
204.464,-27,569,0,0,50,still_30s
204.504,-23,569,0,0,50,still_30s
204.577,-23,569,0,0,49,still_30s
204.649,-18,571,0,0,49,still_30s
204.690,-12,574,0,0,49,still_30s
204.761,-12,574,0,0,49,still_30s
204.833,-9,578,0,0,49,still_30s
204.872,-5,582,0,0,49,still_30s
204.945,-4,584,0,0,49,still_30s
205.017,-4,584,0,0,49,still_30s
205.056,-4,580,0,0,49,still_30s
205.129,-8,577,0,0,51,still_30s
205.201,-8,577,0,0,51,still_30s
205.241,-10,574,0,0,53,still_30s
205.313,-9,571,0,0,53,still_30s
205.385,-9,571,0,0,54,still_30s
205.425,-9,567,0,0,54,still_30s
205.497,-9,566,0,0,54,still_30s
205.569,-9,566,0,0,54,still_30s
205.609,-10,567,0,0,54,still_30s
205.682,-9,572,0,0,53,still_30s
205.753,-9,572,0,0,53,still_30s
205.792,-8,573,0,0,52,still_30s
205.866,-7,571,0,0,51,still_30s
205.940,-7,571,0,0,51,still_30s
205.982,-7,567,0,0,50,still_30s
206.054,-7,562,0,0,50,still_30s
206.126,-7,562,0,0,50,still_30s
206.165,-11,559,0,0,50,still_30s
206.239,-13,552,0,0,51,still_30s
206.312,-10,546,0,0,51,still_30s
206.350,-10,546,0,0,52,still_30s
206.422,0,548,0,0,52,still_30s
206.495,7,554,0,0,53,still_30s
206.535,7,554,0,0,53,still_30s
206.607,10,560,0,0,53,still_30s
206.680,12,570,0,0,54,still_30s
206.720,12,570,0,0,54,still_30s
206.793,11,579,0,0,55,still_30s
206.866,10,585,0,0,54,still_30s
206.907,10,580,0,0,54,still_30s
206.979,10,580,0,0,53,still_30s
207.051,14,573,0,0,53,still_30s
207.091,17,568,0,0,51,still_30s
207.163,17,568,0,0,51,still_30s
207.235,18,570,0,0,51,still_30s
207.274,21,577,0,0,50,still_30s
207.347,22,584,8,0,49,still_30s
207.419,22,584,8,0,49,still_30s
207.459,20,585,0,0,48,still_30s
207.531,18,580,0,0,48,still_30s
207.603,18,580,0,0,48,still_30s
207.643,18,574,0,0,48,still_30s
207.715,18,567,0,0,48,still_30s
207.787,18,567,0,0,48,still_30s
207.826,18,561,0,0,48,still_30s
207.899,18,558,0,0,48,still_30s
207.971,18,558,0,0,49,still_30s
208.017,19,558,0,0,49,still_30s
208.089,18,563,0,0,48,still_30s
208.162,18,563,0,0,48,still_30s
208.202,16,568,0,0,48,still_30s
208.275,15,572,0,0,48,still_30s
208.346,15,572,0,0,48,still_30s
208.386,21,579,0,0,48,still_30s
208.458,24,583,0,0,47,still_30s
208.530,24,583,0,0,47,still_30s
208.570,21,581,8,0,46,still_30s
208.642,20,576,0,0,46,still_30s
208.714,20,572,0,0,46,still_30s
208.754,20,572,0,0,45,still_30s
208.827,22,568,0,0,45,still_30s
208.900,24,566,0,0,45,still_30s
208.939,24,566,0,0,44,still_30s
209.011,24,562,8,0,44,still_30s
209.084,28,561,0,0,44,still_30s
209.125,37,561,0,0,44,still_30s
209.196,37,561,0,0,42,still_30s
209.270,42,564,0,0,40,still_30s
209.309,43,569,0,0,40,still_30s
209.381,43,569,0,0,39,still_30s
209.454,42,569,-8,0,39,still_30s
209.494,37,566,0,0,38,still_30s
209.566,37,566,0,0,37,still_30s
209.640,32,561,0,0,37,still_30s
209.678,34,561,0,0,36,still_30s
209.750,36,561,0,0,36,still_30s
209.822,36,561,0,0,36,still_30s
209.861,36,559,-8,0,35,still_30s
209.934,39,561,0,0,34,still_30s
210.006,39,561,0,0,34,still_30s
210.051,47,563,0,0,33,still_30s
210.123,63,569,0,0,33,still_30s
210.195,63,569,0,0,31,still_30s
210.235,114,588,0,0,39,still_30s
210.307,162,615,0,0,39,still_30s
210.379,162,615,0,0,40,still_30s
210.419,228,655,8,0,40,still_30s
210.491,193,651,0,0,39,still_30s
210.564,193,651,0,0,39,still_30s
210.604,188,647,0,0,39,still_30s
210.676,180,644,0,0,37,still_30s
210.748,180,644,0,0,37,still_30s
210.787,173,637,0,0,36,still_30s
210.860,166,630,0,0,36,still_30s
210.932,166,630,0,0,36,still_30s
210.971,164,627,0,0,35,still_30s
211.044,161,628,0,0,35,still_30s
211.116,166,634,0,0,35,still_30s
211.156,166,634,0,0,35,still_30s
211.230,173,642,0,0,35,still_30s
211.302,178,648,0,0,35,still_30s
211.342,178,648,0,0,36,still_30s
211.415,202,673,0,0,36,still_30s
211.488,217,695,0,0,33,still_30s
211.529,222,699,0,0,33,still_30s
211.600,222,699,0,0,33,still_30s
211.673,220,700,0,0,34,still_30s
211.714,217,700,0,0,34,still_30s
211.787,217,700,0,0,34,still_30s
211.858,214,700,0,0,34,still_30s
211.898,209,698,0,0,34,still_30s
211.970,209,698,0,0,34,still_30s
212.042,203,695,0,0,34,still_30s
212.086,199,690,0,0,35,still_30s
212.159,198,688,0,0,36,still_30s
212.231,198,688,0,0,36,still_30s
212.270,194,685,0,0,36,still_30s
212.343,188,684,0,0,37,still_30s
212.416,188,684,0,0,37,still_30s
212.455,178,682,0,0,38,still_30s
212.527,163,685,0,0,39,still_30s
212.599,163,685,0,0,39,still_30s
212.638,150,687,0,0,41,still_30s
212.711,130,704,0,0,41,still_30s
212.783,130,704,0,0,41,still_30s
212.822,95,729,0,0,41,still_30s
212.895,77,747,0,0,42,still_30s
212.967,77,747,0,0,43,still_30s
213.008,87,756,0,0,43,still_30s
213.080,105,766,0,0,44,still_30s
213.152,105,766,0,0,44,still_30s
213.191,143,767,0,0,45,still_30s
213.264,171,766,0,0,46,still_30s
213.336,171,766,0,0,46,still_30s
213.376,169,763,0,0,47,still_30s
213.449,162,760,0,0,47,still_30s
213.520,154,752,0,0,47,still_30s
213.561,154,752,0,0,48,still_30s
213.634,141,747,0,0,48,still_30s
213.707,132,745,0,0,48,still_30s
213.747,132,745,0,0,47,still_30s
213.819,131,741,0,0,47,still_30s
213.892,131,737,0,0,46,still_30s
213.933,128,733,0,0,46,still_30s
214.005,128,733,0,0,46,still_30s
214.077,128,724,0,0,47,still_30s
214.122,131,716,0,0,47,still_30s
214.195,131,716,0,0,47,still_30s
214.268,133,708,0,0,48,still_30s
214.307,133,699,0,0,48,still_30s
214.380,130,692,0,0,49,still_30s
214.452,130,692,0,0,49,still_30s
214.491,124,691,0,0,50,still_30s
214.564,119,692,0,0,51,still_30s
214.636,119,692,0,0,51,still_30s
214.675,113,697,0,0,51,still_30s
214.750,109,711,0,0,52,still_30s
214.819,109,711,0,0,52,still_30s
214.859,141,708,0,0,53,still_30s
214.932,178,703,0,0,54,still_30s
215.004,178,703,0,0,54,still_30s
215.044,217,699,0,0,53,still_30s
215.117,247,705,0,0,53,still_30s
215.188,247,705,0,0,52,still_30s
215.228,281,719,0,0,51,still_30s
215.300,305,720,0,0,51,still_30s
215.372,305,720,0,0,50,still_30s
215.413,341,704,0,0,50,still_30s
215.485,367,687,0,0,49,still_30s
215.557,367,687,0,0,49,still_30s
215.596,377,672,0,0,49,still_30s
215.670,369,659,0,0,49,still_30s
215.741,369,659,0,0,49,still_30s
215.787,356,658,0,0,48,still_30s
215.854,340,659,0,0,48,still_30s
215.926,328,656,0,0,48,still_30s
215.966,328,656,0,0,48,still_30s
216.045,295,638,0,0,47,still_30s
216.115,260,625,0,0,47,still_30s
216.158,219,627,0,0,45,still_30s
216.229,219,627,0,0,45,still_30s
216.302,170,643,0,0,45,still_30s
216.342,111,660,0,0,44,still_30s
216.413,111,660,0,0,44,still_30s
216.486,-13,703,0,0,43,still_30s
216.526,-98,731,0,0,43,still_30s
216.597,-98,731,0,0,41,still_30s
216.670,-174,722,0,0,39,still_30s
216.710,-230,729,0,0,39,still_30s
216.784,-261,724,0,0,38,still_30s
216.855,-261,724,0,0,38,still_30s
216.894,-252,727,0,0,37,still_30s
216.967,-237,727,0,0,36,slow_sweep
217.040,-237,727,0,0,36,slow_sweep
217.080,-223,725,0,0,35,slow_sweep
217.154,-201,722,0,0,34,slow_sweep
217.227,-201,722,0,0,34,slow_sweep
217.266,-180,720,0,0,34,slow_sweep
217.341,-131,715,0,0,33,slow_sweep
217.413,-131,715,0,0,33,slow_sweep
217.452,-76,707,0,0,33,slow_sweep
217.525,-10,693,0,0,33,slow_sweep
217.597,-10,693,0,0,34,slow_sweep
217.638,130,654,0,0,35,slow_sweep
217.710,258,640,0,0,35,slow_sweep
217.786,258,640,0,0,36,slow_sweep
217.823,355,641,0,0,36,slow_sweep
217.896,374,648,0,0,38,slow_sweep
217.969,349,653,0,0,39,slow_sweep
218.008,349,653,0,0,39,slow_sweep
218.082,341,651,0,0,39,slow_sweep
218.155,328,649,0,0,39,slow_sweep
218.199,328,649,0,0,40,slow_sweep
218.273,317,648,0,0,39,slow_sweep
218.345,303,645,-8,0,39,slow_sweep
218.386,290,643,-8,0,39,slow_sweep
218.458,290,643,-8,0,38,slow_sweep
218.530,256,636,-8,0,38,slow_sweep
218.571,232,636,0,0,39,slow_sweep
218.644,232,636,0,0,39,slow_sweep
218.716,220,637,0,0,39,slow_sweep
218.759,212,637,0,0,41,slow_sweep
218.829,213,637,0,0,41,slow_sweep
218.902,213,637,0,0,41,slow_sweep
218.942,214,640,0,0,42,slow_sweep
219.015,210,643,0,0,42,slow_sweep
219.088,210,643,0,0,43,slow_sweep
219.128,202,647,0,0,45,slow_sweep
219.202,194,649,0,0,45,slow_sweep
219.274,194,649,0,0,47,slow_sweep
219.314,186,645,0,0,47,slow_sweep
219.387,179,640,0,0,49,slow_sweep
219.460,179,640,0,0,51,slow_sweep
219.500,172,639,0,0,51,slow_sweep
219.573,165,639,0,0,52,slow_sweep
219.646,165,639,0,0,52,slow_sweep
219.685,158,640,0,0,54,slow_sweep
219.759,154,641,0,0,54,slow_sweep
219.831,154,641,0,0,54,slow_sweep
219.874,148,641,0,0,55,slow_sweep
219.945,142,639,0,0,55,slow_sweep
220.018,136,636,0,0,55,slow_sweep
220.057,136,636,0,0,57,slow_sweep
220.131,130,634,0,0,58,slow_sweep
220.204,124,633,0,0,58,slow_sweep
220.249,118,629,0,0,59,slow_sweep
220.324,118,629,0,0,59,slow_sweep
220.395,112,624,0,0,59,slow_sweep
220.435,105,617,0,0,59,slow_sweep
220.507,105,617,0,0,59,slow_sweep
220.580,99,610,0,0,60,slow_sweep
220.621,93,605,0,0,60,slow_sweep
220.694,87,603,0,0,61,slow_sweep
220.767,87,603,0,0,62,slow_sweep
220.806,82,603,0,0,62,slow_sweep
220.880,76,605,0,0,64,slow_sweep
220.952,76,605,0,0,64,slow_sweep
220.992,72,608,8,0,66,slow_sweep
221.070,68,612,0,0,66,slow_sweep
221.146,68,612,0,0,66,slow_sweep
221.178,67,615,8,0,66,slow_sweep
221.253,67,618,8,0,66,slow_sweep
221.325,67,618,8,0,66,slow_sweep
221.364,64,620,8,0,68,slow_sweep
221.444,60,622,8,0,71,slow_sweep
221.510,60,622,8,0,71,slow_sweep
221.550,59,627,0,0,72,slow_sweep
221.624,56,632,0,0,72,slow_sweep
221.696,56,632,0,0,71,slow_sweep
221.737,55,635,0,0,72,slow_sweep
221.810,53,638,0,0,72,slow_sweep
221.882,53,638,0,0,73,slow_sweep
221.922,50,644,8,0,73,slow_sweep
221.995,47,647,8,0,74,slow_sweep
222.069,41,648,8,25,77,slow_sweep
222.109,41,648,8,25,77,slow_sweep
222.183,37,650,0,0,78,slow_sweep
222.257,35,653,0,0,78,slow_sweep
222.301,33,654,-8,22,81,slow_sweep
222.374,33,654,-8,0,81,slow_sweep
222.447,31,656,0,0,81,slow_sweep
222.490,29,657,0,0,82,slow_sweep
222.562,29,657,0,0,81,slow_sweep
222.634,26,658,0,0,81,slow_sweep
222.673,22,658,8,0,80,slow_sweep
222.747,19,657,8,0,78,slow_sweep
222.820,19,657,8,0,78,slow_sweep
222.859,14,656,0,0,77,slow_sweep
222.933,4,658,0,0,77,slow_sweep
223.005,4,658,0,0,77,slow_sweep
223.045,-3,663,0,0,77,slow_sweep
223.118,-2,669,0,0,77,slow_sweep
223.192,-2,669,0,0,76,slow_sweep
223.231,5,676,0,0,74,slow_sweep
223.304,13,684,0,0,74,slow_sweep
223.377,13,684,0,0,74,slow_sweep
223.419,14,690,0,0,74,slow_sweep
223.491,17,698,0,0,73,slow_sweep
223.564,17,698,0,0,72,slow_sweep
223.603,20,712,0,0,72,slow_sweep
223.677,26,774,0,0,72,slow_sweep
223.749,26,774,0,0,72,slow_sweep
223.789,35,829,0,0,72,slow_sweep
223.862,83,890,0,0,71,slow_sweep
223.936,112,931,0,0,71,slow_sweep
223.975,112,931,0,0,72,slow_sweep
224.048,99,937,0,0,71,slow_sweep
224.122,94,933,0,0,71,slow_sweep
224.161,94,933,0,0,71,slow_sweep
224.235,92,929,0,0,72,slow_sweep
224.307,100,923,-8,0,72,slow_sweep
224.353,106,917,0,0,73,slow_sweep
224.425,106,917,0,0,73,slow_sweep
224.499,95,894,0,0,75,slow_sweep
224.539,93,886,0,0,74,slow_sweep
224.612,91,875,0,0,74,slow_sweep
224.685,91,875,0,0,74,slow_sweep
224.726,90,871,0,0,74,slow_sweep
224.798,93,867,0,0,73,slow_sweep
224.872,93,867,0,0,73,slow_sweep
224.910,94,862,0,0,73,slow_sweep
224.984,100,859,8,0,71,slow_sweep
225.056,100,859,8,0,71,slow_sweep
225.096,104,856,8,0,72,slow_sweep
225.170,113,850,0,0,71,slow_sweep
225.242,113,850,0,0,71,slow_sweep
225.281,128,844,0,0,73,slow_sweep
225.354,165,828,8,0,72,slow_sweep
225.426,165,828,8,0,72,slow_sweep
225.465,182,822,0,0,69,slow_sweep
225.538,187,820,0,0,68,slow_sweep
225.610,187,820,0,0,68,slow_sweep
225.649,195,819,0,0,69,slow_sweep
225.722,206,815,-8,0,69,slow_sweep
225.794,206,815,-8,0,68,slow_sweep
225.833,228,805,0,0,65,slow_sweep
225.905,233,802,0,0,65,slow_sweep
225.979,235,798,0,0,62,slow_sweep
226.018,235,798,0,0,62,slow_sweep
226.091,236,793,0,0,61,slow_sweep
226.164,235,790,0,0,59,slow_sweep
226.204,235,790,0,0,59,slow_sweep
226.277,235,787,0,0,56,slow_sweep
226.351,245,784,0,0,56,slow_sweep
226.395,254,784,0,0,55,slow_sweep
226.467,254,784,0,0,55,slow_sweep
226.541,262,781,0,0,55,slow_sweep
226.579,267,779,0,0,55,slow_sweep
226.651,267,779,0,0,55,slow_sweep
226.724,277,777,0,0,55,slow_sweep
226.763,284,772,0,0,55,slow_sweep
226.836,287,769,0,0,56,slow_sweep
226.908,287,769,0,0,56,slow_sweep
226.947,293,767,8,0,54,slow_sweep
227.019,298,766,8,0,54,slow_sweep
227.092,298,766,8,0,53,slow_sweep
227.131,303,764,8,0,52,slow_sweep
227.203,306,763,0,0,52,slow_sweep
227.276,306,763,0,0,52,slow_sweep
227.316,309,763,8,0,52,slow_sweep
227.388,314,764,8,0,51,slow_sweep
227.461,314,764,8,0,50,slow_sweep
227.502,320,766,8,0,50,slow_sweep
227.574,329,767,8,0,49,slow_sweep
227.646,329,767,8,0,49,slow_sweep
227.685,336,767,0,0,50,slow_sweep
227.759,342,766,0,0,50,slow_sweep
227.829,342,766,0,0,50,slow_sweep
227.869,342,764,-8,0,51,slow_sweep
227.942,346,763,8,0,50,slow_sweep
228.014,346,763,8,0,50,slow_sweep
228.053,344,763,0,0,51,slow_sweep
228.126,340,764,0,0,51,slow_sweep
228.198,340,764,0,0,52,slow_sweep
228.237,335,767,8,0,52,slow_sweep
228.310,325,769,0,0,52,slow_sweep
228.383,309,765,0,0,52,slow_sweep
228.429,309,765,0,0,51,slow_sweep
228.501,291,762,0,0,51,slow_sweep
228.579,234,750,0,0,52,slow_sweep
228.614,193,738,8,0,52,slow_sweep
228.686,193,738,8,0,51,slow_sweep
228.759,188,737,0,0,52,slow_sweep
228.799,198,740,8,0,52,slow_sweep
228.871,198,740,8,0,52,slow_sweep
228.943,212,744,8,0,52,slow_sweep
228.984,223,747,0,0,51,slow_sweep
229.055,223,747,0,0,50,slow_sweep
229.128,210,744,0,0,50,slow_sweep
229.167,192,736,8,0,51,slow_sweep
229.240,175,731,0,0,52,slow_sweep
229.311,175,731,0,0,52,slow_sweep
229.351,121,718,0,0,53,slow_sweep
229.423,52,709,0,0,53,slow_sweep
229.502,52,709,0,0,52,slow_sweep
229.536,-68,693,0,0,51,slow_sweep
229.608,-202,690,0,0,51,slow_sweep
229.685,-202,690,0,0,50,slow_sweep
229.719,-334,692,0,0,50,slow_sweep
229.793,-457,696,0,0,50,slow_sweep
229.865,-457,696,0,0,50,slow_sweep
229.905,-589,725,0,0,50,slow_sweep
229.977,-714,757,0,0,50,slow_sweep
230.051,-714,757,0,0,50,slow_sweep
230.089,-790,771,0,0,49,slow_sweep
230.161,-831,803,0,0,50,slow_sweep
230.234,-831,803,0,0,50,slow_sweep
230.273,-854,836,0,0,49,slow_sweep
230.346,-866,868,0,0,50,slow_sweep
230.418,-866,868,0,0,50,slow_sweep
230.462,-869,883,0,0,50,slow_sweep
230.534,-861,888,-8,0,49,slow_sweep
230.607,-833,897,-16,0,49,slow_sweep
230.647,-833,897,-16,0,49,slow_sweep
230.720,-797,882,-8,0,49,slow_sweep
230.793,-744,865,-8,0,49,slow_sweep
230.834,-744,865,-8,0,47,slow_sweep
230.906,-677,850,-8,0,47,slow_sweep
230.979,-563,821,-8,0,48,slow_sweep
231.020,-482,798,0,0,48,slow_sweep
231.091,-482,798,0,0,49,slow_sweep
231.164,-409,776,0,25,52,slow_sweep
231.205,-362,766,0,25,52,slow_sweep
231.277,-362,766,0,0,52,slow_sweep
231.349,-328,764,0,0,52,slow_sweep
231.389,-315,766,0,0,53,slow_sweep
231.461,-289,771,0,0,54,slow_sweep
231.534,-289,771,0,0,54,slow_sweep
231.573,-267,772,0,0,55,slow_sweep
231.646,-238,772,0,0,53,slow_sweep
231.718,-238,772,0,0,53,slow_sweep
231.757,-173,766,8,0,51,slow_sweep
231.830,-95,759,0,0,52,slow_sweep
231.902,-95,759,0,0,52,slow_sweep
231.941,-5,754,0,0,54,slow_sweep
232.013,74,767,-8,0,54,slow_sweep
232.085,74,767,-8,0,54,slow_sweep
232.125,155,784,-8,0,53,slow_sweep
232.197,192,791,0,0,53,slow_sweep
232.270,192,791,0,0,51,slow_sweep
232.310,222,775,-8,0,51,slow_sweep
232.382,270,760,0,0,50,slow_sweep
232.455,270,760,0,0,50,slow_sweep
232.499,322,738,0,0,50,slow_sweep
232.572,351,726,0,0,49,slow_sweep
232.644,351,726,0,0,49,slow_sweep
232.683,382,720,0,0,49,slow_sweep
232.756,395,722,0,0,49,slow_sweep
232.828,395,722,0,0,49,slow_sweep
232.868,400,729,0,0,49,slow_sweep
232.941,392,734,0,0,50,slow_sweep
233.014,386,734,8,0,50,slow_sweep
233.053,386,734,8,0,50,slow_sweep
233.127,382,732,0,0,48,slow_sweep
233.199,380,728,0,0,48,slow_sweep
233.239,380,728,0,0,46,slow_sweep
233.312,382,726,0,0,46,slow_sweep
233.385,384,725,-8,0,44,slow_sweep
233.424,387,725,0,0,44,slow_sweep
233.497,387,725,0,0,44,slow_sweep
233.570,388,724,0,0,44,slow_sweep
233.609,389,725,0,0,44,slow_sweep
233.681,389,725,0,0,44,slow_sweep
233.754,385,726,-8,0,44,slow_sweep
233.795,378,727,-8,0,44,slow_sweep
233.866,371,726,-8,0,45,slow_sweep
233.941,371,726,-8,0,45,slow_sweep
233.977,363,727,0,0,45,slow_sweep
234.050,355,731,8,0,46,slow_sweep
234.121,355,731,8,0,46,slow_sweep
234.160,348,733,0,0,46,slow_sweep
234.234,341,734,-8,0,47,slow_sweep
234.305,341,734,-8,0,47,slow_sweep
234.345,332,733,-8,0,48,slow_sweep
234.418,318,730,0,0,48,slow_sweep
234.490,318,730,0,0,48,slow_sweep
234.534,305,727,8,0,51,slow_sweep
234.606,293,722,0,0,51,slow_sweep
234.679,293,722,0,0,51,slow_sweep
234.718,285,717,8,0,51,slow_sweep
234.791,284,714,8,0,52,slow_sweep
234.863,284,714,8,0,54,slow_sweep
234.903,294,717,8,0,54,slow_sweep
234.976,309,721,8,0,53,slow_sweep
235.048,309,721,8,0,53,slow_sweep
235.087,324,726,8,0,54,slow_sweep
235.160,335,730,0,0,50,slow_sweep
235.234,344,733,0,0,50,slow_sweep
235.272,344,733,0,0,51,slow_sweep
235.345,354,731,8,0,50,slow_sweep
235.418,367,724,0,0,50,slow_sweep
235.459,367,724,0,0,49,slow_sweep
235.531,379,718,0,0,49,slow_sweep
235.604,393,711,0,0,49,slow_sweep
235.645,402,706,0,0,50,slow_sweep
235.716,402,706,0,0,50,slow_sweep
235.789,389,703,0,0,50,slow_sweep
235.829,354,700,0,0,49,slow_sweep
235.901,354,700,0,0,49,slow_sweep
235.973,252,703,0,0,47,slow_sweep
236.013,173,715,0,0,47,slow_sweep
236.085,173,715,0,0,46,slow_sweep
236.158,111,721,0,0,45,slow_sweep
236.198,57,730,0,0,45,slow_sweep
236.271,7,747,0,0,45,slow_sweep
236.342,7,747,0,0,45,slow_sweep
236.382,-28,751,0,0,45,slow_sweep
236.455,-57,736,0,0,44,slow_sweep
236.526,-57,736,0,0,44,slow_sweep
236.571,-63,733,0,0,43,slow_sweep
236.643,-63,729,0,0,44,slow_sweep
236.715,-63,729,0,0,44,slow_sweep
236.755,-59,726,0,0,44,slow_sweep
236.828,-56,722,0,0,43,slow_sweep
236.899,-56,722,0,0,43,slow_sweep
236.940,-56,722,-8,0,42,slow_sweep
237.012,-67,724,-8,0,42,slow_sweep
237.084,-67,724,-8,0,41,slow_sweep
237.123,-76,729,-8,0,41,slow_sweep
237.196,-80,737,-8,0,44,slow_sweep
237.268,-80,737,-8,0,44,slow_sweep
237.307,-86,741,-8,0,44,slow_sweep
237.385,-97,739,0,0,47,slow_sweep
237.451,-97,739,0,0,47,slow_sweep
237.491,-106,739,-8,0,47,slow_sweep
237.565,-110,741,0,0,48,slow_sweep
237.636,-111,740,0,0,48,slow_sweep
237.675,-111,740,0,0,48,slow_sweep
237.749,-108,739,0,0,48,slow_sweep
237.827,-104,737,0,0,48,slow_sweep
237.862,-104,737,0,0,48,slow_sweep
237.935,-100,738,8,0,49,slow_sweep
238.008,-94,737,0,0,49,slow_sweep
238.049,-84,736,-8,0,48,slow_sweep
238.120,-84,736,-8,0,48,slow_sweep
238.192,-75,734,0,0,49,slow_sweep
238.232,-62,730,0,0,50,slow_sweep
238.305,-62,730,0,0,50,slow_sweep
238.377,-22,719,0,0,48,slow_sweep
238.418,19,720,-8,0,48,slow_sweep
238.489,19,720,-8,0,48,slow_sweep
238.562,52,720,0,0,46,slow_sweep
238.607,82,720,0,0,46,slow_sweep
238.680,118,715,0,0,46,slow_sweep
238.751,118,715,0,0,46,slow_sweep
238.791,162,717,-8,0,45,slow_sweep
238.865,225,723,0,0,44,slow_sweep
238.936,225,723,0,0,44,slow_sweep
238.975,241,725,0,0,44,slow_sweep
239.048,239,728,0,0,43,slow_sweep
239.120,239,728,0,0,43,slow_sweep
239.159,240,729,0,0,43,slow_sweep
239.232,243,730,0,0,42,slow_sweep
239.303,243,730,0,0,42,slow_sweep
239.343,250,731,0,0,42,slow_sweep
239.415,259,731,0,0,42,slow_sweep
239.490,259,731,0,0,41,slow_sweep
239.527,266,730,0,0,41,slow_sweep
239.599,290,731,8,0,41,slow_sweep
239.672,290,731,8,0,40,slow_sweep
239.712,302,732,0,0,40,slow_sweep
239.784,299,735,0,0,41,slow_sweep
239.857,299,735,0,0,41,slow_sweep
239.896,292,741,8,0,41,slow_sweep
239.969,282,744,-8,0,43,slow_sweep
240.042,274,748,8,0,43,slow_sweep
240.082,274,748,8,0,44,slow_sweep
240.155,265,749,0,0,45,slow_sweep
240.228,254,749,0,0,45,slow_sweep
240.268,254,749,0,0,46,slow_sweep
240.341,243,749,0,0,47,slow_sweep
240.413,228,749,0,0,47,slow_sweep
240.453,215,750,8,0,49,slow_sweep
240.526,215,750,8,0,50,slow_sweep
240.597,201,751,8,0,50,slow_sweep
240.643,187,750,0,0,49,slow_sweep
240.714,187,750,0,0,49,slow_sweep
240.786,174,750,0,0,50,slow_sweep
240.826,164,749,8,0,51,slow_sweep
240.899,174,744,0,0,51,slow_sweep
240.971,174,744,0,0,51,slow_sweep
241.011,184,741,0,0,51,slow_sweep
241.084,194,742,0,0,51,slow_sweep
241.155,194,742,0,0,51,slow_sweep
241.195,198,746,0,0,50,slow_sweep
241.268,204,747,0,0,49,slow_sweep
241.339,204,747,0,0,49,slow_sweep
241.379,213,752,0,0,48,slow_sweep
241.452,231,773,0,0,48,slow_sweep
241.523,231,773,0,0,48,slow_sweep
241.563,211,784,0,0,47,slow_sweep
241.636,154,785,0,0,47,slow_sweep
241.708,154,785,0,0,47,slow_sweep
241.748,43,787,0,0,46,slow_sweep
241.819,-20,779,0,0,46,slow_sweep
241.891,-20,779,0,0,45,slow_sweep
241.931,-78,767,0,0,43,slow_sweep
242.003,-160,735,0,0,43,slow_sweep
242.076,-160,735,0,0,42,slow_sweep
242.116,-212,706,0,0,42,slow_sweep
242.188,-232,683,0,0,41,quick_points
242.262,-235,683,0,0,41,quick_points
242.302,-235,683,0,0,41,quick_points
242.376,-239,691,0,0,41,quick_points
242.450,-237,698,0,0,41,quick_points
242.488,-237,698,0,0,41,quick_points
242.564,-220,706,0,0,42,quick_points
242.635,-204,716,0,0,42,quick_points
242.680,-190,726,-8,0,41,quick_points
242.752,-190,726,-8,0,40,quick_points
242.825,-180,741,-8,0,40,quick_points
242.865,-167,754,0,0,40,quick_points
242.938,-167,754,0,0,42,quick_points
243.011,-107,785,-16,0,42,quick_points
243.051,-55,810,-8,0,43,quick_points
243.124,-41,835,-8,0,43,quick_points
243.197,-41,835,-8,23,45,quick_points
243.238,-43,849,0,0,47,quick_points
243.311,-43,852,-8,0,47,quick_points
243.383,-43,852,-8,0,48,quick_points
243.423,-28,852,-8,0,48,quick_points
243.497,-10,850,-16,0,49,quick_points
243.570,-10,850,-16,0,49,quick_points
243.609,8,846,0,0,49,quick_points
243.683,31,842,-8,0,51,quick_points
243.756,31,842,-8,0,51,quick_points
243.796,53,839,-8,0,52,quick_points
243.869,60,838,0,0,52,quick_points
243.941,60,838,0,0,52,quick_points
243.981,64,836,0,0,49,quick_points
244.055,62,836,-8,0,50,quick_points
244.127,62,836,-8,0,50,quick_points
244.167,61,837,0,0,51,quick_points
244.251,60,842,0,0,50,quick_points
244.313,58,844,0,0,50,quick_points
244.358,58,844,0,0,50,quick_points
244.426,55,843,0,0,49,quick_points
244.499,55,839,0,0,49,quick_points
244.539,55,839,0,0,50,quick_points
244.612,58,839,0,0,50,quick_points
244.685,64,838,0,0,51,quick_points
244.731,69,835,0,0,51,quick_points
244.802,69,835,0,0,51,quick_points
244.875,72,829,8,0,52,quick_points
244.916,74,823,0,0,52,quick_points
244.988,69,819,0,0,54,quick_points
245.061,69,819,0,0,56,quick_points
245.101,61,815,0,0,56,quick_points
245.174,50,811,0,0,58,quick_points
245.249,50,811,0,0,58,quick_points
245.287,10,798,0,0,60,quick_points
245.360,-9,792,0,0,59,quick_points
245.432,-9,792,0,0,59,quick_points
245.471,-17,793,0,0,59,quick_points
245.544,-29,794,0,0,59,quick_points
245.616,-29,794,0,0,59,quick_points
245.656,-42,790,0,0,61,quick_points
245.729,-52,787,0,0,63,quick_points
245.801,-52,787,0,0,63,quick_points
245.841,-62,783,0,0,64,quick_points
245.913,-75,781,0,0,64,quick_points
245.986,-75,781,0,0,66,quick_points
246.026,-85,778,0,0,67,quick_points
246.098,-91,775,0,0,67,quick_points
246.171,-91,775,0,0,69,quick_points
246.211,-94,772,0,0,69,quick_points
246.285,-97,768,0,0,71,quick_points
246.358,-101,763,0,0,71,quick_points
246.397,-101,763,0,0,72,quick_points
246.471,-104,759,0,0,74,quick_points
246.543,-106,757,0,0,74,quick_points
246.583,-106,757,0,0,75,quick_points
246.657,-106,752,0,0,74,quick_points
246.729,-106,749,0,0,74,quick_points
246.775,-105,746,0,0,74,quick_points
246.846,-105,746,0,0,73,quick_points
246.919,-104,743,0,0,73,quick_points
246.959,-104,741,0,0,72,quick_points
247.032,-104,741,0,0,70,quick_points
247.104,-105,739,0,0,70,quick_points
247.144,-104,737,0,0,69,quick_points
247.217,-103,736,0,0,69,quick_points
247.289,-103,736,0,0,67,quick_points
247.330,-102,736,0,0,67,quick_points
247.403,-101,737,0,0,67,quick_points
247.475,-101,737,0,0,67,quick_points
247.514,-99,738,0,0,67,quick_points
247.588,-94,739,0,0,68,quick_points
247.662,-94,739,0,0,67,quick_points
247.701,-91,740,0,0,67,quick_points
247.774,-100,747,0,0,66,quick_points
247.848,-100,747,0,0,66,quick_points
247.886,-112,754,0,0,67,quick_points
247.960,-120,758,0,0,69,quick_points
248.035,-120,758,0,0,69,quick_points
248.073,-129,757,0,0,70,quick_points
248.146,-137,757,0,0,71,quick_points
248.219,-137,757,0,0,71,quick_points
248.259,-140,754,0,0,73,quick_points
248.333,-144,750,0,0,74,quick_points
248.405,-156,751,0,0,74,quick_points
248.445,-156,751,0,0,75,quick_points
248.518,-167,753,0,0,75,quick_points
248.591,-163,757,0,0,76,quick_points
248.632,-163,757,0,0,77,quick_points
248.705,-150,760,0,0,77,quick_points
248.778,-114,761,0,0,78,quick_points
248.822,-91,758,0,0,78,quick_points
248.894,-91,758,0,0,77,quick_points
248.968,-79,750,8,23,77,quick_points
249.008,-71,752,8,23,77,quick_points
249.081,-53,760,-8,0,76,quick_points
249.154,-53,760,-8,0,76,quick_points
249.194,-21,774,-8,0,74,quick_points
249.268,11,777,16,0,72,quick_points
249.340,11,777,16,0,72,quick_points
249.380,30,772,8,0,72,quick_points
249.453,56,770,-8,0,71,quick_points
249.526,56,770,-8,0,71,quick_points
249.566,84,766,8,0,71,quick_points
249.639,109,764,0,0,70,quick_points
249.713,109,764,0,0,70,quick_points
249.752,140,756,0,0,69,quick_points
249.825,195,731,0,0,67,quick_points
249.898,195,731,0,0,67,quick_points
249.938,230,716,0,0,67,quick_points
250.012,245,709,0,0,67,quick_points
250.084,245,709,0,0,66,quick_points
250.124,265,705,0,0,66,quick_points
250.197,279,706,0,0,65,quick_points
250.271,285,713,0,0,65,quick_points
250.311,285,713,0,0,65,quick_points
250.386,292,713,-8,0,64,quick_points
250.457,292,714,-8,0,64,quick_points
250.499,292,714,-8,0,64,quick_points
250.570,295,718,8,0,63,quick_points
250.643,299,721,8,0,63,quick_points
250.683,304,725,8,0,62,quick_points
250.756,304,725,8,0,64,quick_points
250.827,312,727,8,0,64,quick_points
250.872,333,731,-8,0,65,quick_points
250.945,333,731,-8,0,65,quick_points
251.016,317,732,-8,0,65,quick_points
251.059,307,733,-8,0,65,quick_points
251.131,296,739,0,0,67,quick_points
251.206,296,739,0,0,67,quick_points
251.240,286,744,0,0,68,quick_points
251.312,276,750,0,0,68,quick_points
251.386,276,750,0,0,69,quick_points
251.423,273,755,0,0,69,quick_points
251.496,266,757,0,21,71,quick_points
251.569,266,757,0,0,71,quick_points
251.609,255,758,0,0,71,quick_points
251.681,245,757,0,0,71,quick_points
251.754,245,757,0,0,71,quick_points
251.792,237,756,0,0,71,quick_points
251.865,228,754,0,0,71,quick_points
251.937,228,754,0,0,71,quick_points
251.977,223,754,0,0,70,quick_points
252.049,222,753,0,0,69,quick_points
252.121,222,753,0,0,69,quick_points
252.163,220,750,0,0,67,quick_points
252.234,213,748,0,0,66,quick_points
252.305,213,748,0,0,66,quick_points
252.345,207,746,8,0,65,quick_points
252.418,216,748,16,0,65,quick_points
252.489,216,748,16,0,64,quick_points
252.529,232,751,24,0,62,quick_points
252.604,250,754,0,0,62,quick_points
252.674,222,752,8,0,61,quick_points
252.714,222,752,8,0,61,quick_points
252.787,185,747,8,0,59,quick_points
252.860,128,735,16,0,59,quick_points
252.905,128,735,16,0,59,quick_points
252.978,1,704,16,0,57,quick_points
253.051,-120,671,16,0,57,quick_points
253.090,-179,665,8,0,57,quick_points
253.162,-179,665,8,0,56,quick_points
253.234,-241,682,8,0,56,quick_points
253.274,-269,696,8,0,57,quick_points
253.346,-269,696,8,0,56,quick_points
253.419,-283,705,0,0,56,quick_points
253.458,-302,705,8,0,57,quick_points
253.530,-323,702,0,0,56,quick_points
253.602,-323,702,0,0,56,quick_points
253.642,-343,695,0,0,55,quick_points
253.714,-356,683,0,0,55,quick_points
253.786,-356,683,0,0,54,quick_points
253.827,-375,662,0,0,54,quick_points
253.898,-394,650,0,0,54,quick_points
253.971,-394,650,0,0,55,quick_points
254.011,-398,649,-8,0,55,quick_points
254.083,-411,642,-8,0,54,quick_points
254.155,-411,642,-8,0,54,quick_points
254.195,-418,637,-16,0,54,quick_points
254.268,-417,637,0,0,53,quick_points
254.339,-417,637,0,0,53,quick_points
254.380,-419,637,-32,0,53,quick_points
254.452,-414,640,0,0,52,quick_points
254.524,-414,640,0,0,52,quick_points
254.563,-402,646,-16,0,52,quick_points
254.636,-376,650,-16,0,53,quick_points
254.707,-376,650,-16,0,53,quick_points
254.746,-347,656,-16,0,50,quick_points
254.819,-322,662,0,0,50,quick_points
254.892,-322,662,0,0,50,quick_points
254.936,-304,668,-8,0,50,quick_points
255.009,-289,671,0,0,50,quick_points
255.082,-280,675,0,0,50,quick_points
255.122,-280,675,0,0,50,quick_points
255.195,-272,680,0,0,48,quick_points
255.268,-266,685,0,0,47,quick_points
255.308,-266,685,0,0,47,quick_points
255.381,-261,686,0,0,46,quick_points
255.453,-255,685,0,0,46,quick_points
255.493,-249,684,0,0,45,quick_points
255.565,-249,684,0,0,45,quick_points
255.638,-244,684,0,0,45,quick_points
255.677,-237,686,0,0,46,quick_points
255.749,-237,686,0,0,47,quick_points
255.821,-230,688,0,0,47,quick_points
255.861,-220,691,8,0,46,quick_points
255.934,-210,693,8,0,45,quick_points
256.005,-210,693,8,0,45,quick_points
256.045,-198,695,8,0,45,quick_points
256.117,-182,697,-8,0,45,quick_points
256.189,-182,697,-8,0,44,quick_points
256.229,-164,698,16,0,45,quick_points
256.301,-145,699,16,0,45,quick_points
256.374,-145,699,16,0,43,quick_points
256.413,-125,700,0,0,43,quick_points
256.486,-107,701,0,0,43,quick_points
256.559,-107,701,0,0,44,quick_points
256.599,-92,701,8,0,44,quick_points
256.671,-80,704,0,0,44,quick_points
256.744,-80,704,0,0,44,quick_points
256.792,-74,707,0,0,45,quick_points
256.855,-66,711,0,0,45,quick_points
256.927,-66,711,0,0,45,quick_points
256.971,-57,714,0,0,45,quick_points
257.044,-43,714,0,0,46,quick_points
257.116,-43,714,0,0,46,quick_points
257.156,-30,711,-8,0,45,quick_points
257.228,-18,711,0,0,45,quick_points
257.301,-3,711,8,0,45,quick_points
257.341,-3,711,8,0,46,quick_points
257.413,7,712,0,0,46,quick_points
257.486,22,713,16,0,46,quick_points
257.526,22,713,16,0,47,quick_points
257.599,36,717,16,0,47,quick_points
257.672,47,720,-8,0,47,quick_points
257.712,60,728,8,0,47,quick_points
257.785,60,728,8,0,49,quick_points
257.856,68,738,-8,0,49,quick_points
257.896,64,741,0,0,50,quick_points
257.968,64,741,0,0,49,quick_points
258.040,58,738,-8,0,49,quick_points
258.080,52,735,-8,0,50,quick_points
258.152,52,735,-8,0,51,quick_points
258.224,44,732,-8,0,51,quick_points
258.264,46,732,0,0,51,quick_points
258.336,50,737,0,0,52,quick_points
258.408,50,737,0,0,52,quick_points
258.448,53,748,0,0,52,quick_points
258.520,56,764,0,0,52,quick_points
258.592,56,764,0,0,53,quick_points
258.632,52,822,0,0,53,quick_points
258.707,44,888,0,0,53,quick_points
258.778,44,888,0,0,54,quick_points
258.817,45,940,16,0,54,quick_points
258.889,42,966,0,0,55,quick_points
258.962,42,966,0,0,55,quick_points
259.007,29,961,8,0,55,quick_points
259.080,19,949,0,0,55,quick_points
259.152,19,949,0,0,55,quick_points
259.191,10,934,8,0,55,quick_points
259.264,1,920,8,0,54,quick_points
259.335,1,920,8,0,54,quick_points
259.374,-26,897,8,0,53,quick_points
259.447,-55,871,8,0,53,quick_points
259.519,-55,871,8,0,53,quick_points
259.559,-83,845,8,0,51,quick_points
259.631,-121,823,0,0,51,quick_points
259.705,-158,815,0,0,51,quick_points
259.744,-158,815,0,0,50,quick_points
259.817,-190,819,0,0,50,quick_points
259.890,-229,832,0,0,50,quick_points
259.931,-229,832,0,0,51,quick_points
260.003,-270,851,0,0,51,quick_points
260.076,-307,869,0,0,50,quick_points
260.116,-326,877,0,0,50,quick_points
260.188,-326,877,0,0,52,quick_points
260.260,-315,871,0,0,50,quick_points
260.301,-311,866,-16,0,50,quick_points
260.374,-311,866,-16,0,50,quick_points
260.445,-301,864,8,0,50,quick_points
260.485,-294,861,16,0,49,quick_points
260.557,-294,861,16,0,49,quick_points
260.630,-268,851,8,0,49,quick_points
260.669,-234,851,-8,0,48,quick_points
260.742,-208,850,0,0,47,quick_points
260.813,-208,850,0,0,47,quick_points
260.853,-171,851,-8,0,46,quick_points
260.925,-102,876,-8,0,46,quick_points
260.997,-102,876,-8,0,46,quick_points
261.042,-25,880,-8,0,47,quick_points
261.114,25,893,-8,0,47,quick_points
261.186,25,893,-8,0,47,quick_points
261.226,48,892,-8,0,48,quick_points
261.299,43,882,0,0,48,quick_points
261.370,43,882,0,0,48,quick_points
261.411,31,874,-8,0,48,quick_points
261.486,22,870,0,0,49,quick_points
261.555,22,870,0,0,49,quick_points
261.595,15,864,-8,0,48,quick_points
261.667,18,862,-8,0,48,quick_points
261.739,18,862,-8,0,48,quick_points
261.779,21,859,0,0,47,quick_points
261.852,26,861,-8,0,47,quick_points
261.923,26,861,-8,0,47,quick_points
261.963,30,860,8,0,46,quick_points
262.035,35,857,8,0,47,quick_points
262.108,42,856,-16,0,47,quick_points
262.148,42,856,-16,0,47,quick_points
262.220,55,855,-8,0,47,quick_points
262.292,70,852,0,0,46,quick_points
262.333,70,852,0,0,44,quick_points
262.405,118,843,-8,0,44,quick_points
262.478,164,836,-8,0,44,quick_points
262.518,196,830,0,0,44,quick_points
262.590,196,830,0,0,43,quick_points
262.663,220,824,0,0,42,quick_points
262.703,240,820,0,0,42,quick_points
262.775,240,820,0,0,42,quick_points
262.847,260,811,0,0,42,quick_points
262.887,273,799,0,0,40,quick_points
262.959,273,799,0,0,40,quick_points
263.032,279,792,0,0,40,quick_points
263.075,284,789,8,0,41,quick_points
263.148,288,787,8,0,40,quick_points
263.221,288,787,8,0,40,quick_points
263.260,294,785,8,0,40,quick_points
263.332,299,785,8,0,40,quick_points
263.405,299,785,8,0,40,quick_points
263.444,306,786,8,0,38,quick_points
263.516,308,789,8,0,38,quick_points
263.588,308,789,8,0,39,quick_points
263.628,313,789,8,0,39,quick_points
263.700,311,789,-8,0,39,quick_points
263.772,311,789,-8,0,39,quick_points
263.812,299,785,-8,0,39,quick_points
263.885,285,781,0,0,41,quick_points
263.957,285,781,0,0,41,quick_points
263.998,270,779,0,0,41,quick_points
264.071,261,775,0,0,42,quick_points
264.144,261,775,0,0,42,quick_points
264.182,273,770,0,0,42,quick_points
264.254,297,762,0,0,43,quick_points
264.327,297,762,0,0,43,quick_points
264.366,323,756,-8,0,43,quick_points
264.438,374,743,0,0,44,quick_points
264.511,397,735,0,0,44,quick_points
264.550,397,735,0,0,44,quick_points
264.624,391,734,0,0,44,quick_points
264.697,381,733,0,0,45,quick_points
264.741,381,733,0,0,46,quick_points
264.810,367,732,0,0,46,quick_points
264.883,357,735,16,0,48,quick_points
264.923,342,736,8,0,48,quick_points
264.995,342,736,8,0,48,quick_points
265.067,328,737,8,0,47,quick_points
265.113,318,740,8,0,47,quick_points
265.185,318,740,8,0,48,quick_points
265.258,305,740,0,0,47,quick_points
265.297,288,737,0,0,47,quick_points
265.370,273,734,0,0,48,quick_points
265.443,273,734,0,0,48,quick_points
265.481,258,734,0,0,48,quick_points
265.555,240,732,0,0,49,quick_points
265.627,240,732,0,0,49,quick_points
265.665,221,731,0,0,50,quick_points
265.738,161,718,-8,0,49,quick_points
265.813,161,718,-8,0,49,quick_points
265.850,106,712,0,0,48,quick_points
265.922,84,731,-8,0,48,quick_points
265.996,84,731,-8,0,48,quick_points
266.034,69,748,-8,0,48,quick_points
266.106,72,754,-16,0,48,quick_points
266.178,72,754,-16,0,46,quick_points
266.218,129,747,-8,0,46,quick_points
266.293,231,742,-8,0,49,quick_points
266.362,231,742,-8,26,52,quick_points
266.402,308,734,8,26,52,quick_points
266.475,273,728,0,0,51,quick_points
266.547,273,728,0,0,51,quick_points
266.586,260,725,0,0,51,quick_points
266.659,239,722,0,0,51,quick_points
266.731,239,722,0,0,51,quick_points
266.770,168,712,0,0,51,quick_points
266.845,117,706,0,0,51,quick_points
266.917,112,709,0,0,51,quick_points
266.956,112,709,0,0,51,quick_points
267.030,109,714,0,0,51,quick_points
267.103,105,717,0,0,51,quick_points
267.150,95,712,0,0,52,quick_points
267.220,95,712,0,0,52,quick_points
267.292,87,707,0,0,53,quick_points
267.332,85,705,0,0,54,quick_points
267.404,85,705,0,0,54,ellipse
267.477,81,704,0,0,55,ellipse
267.517,78,703,8,0,55,ellipse
267.590,78,702,8,0,56,ellipse
267.663,78,702,8,0,56,ellipse
267.703,83,703,-8,0,56,ellipse
267.775,91,705,8,0,55,ellipse
267.848,91,705,8,0,55,ellipse
267.887,111,709,0,0,54,ellipse
267.961,135,721,0,0,54,ellipse
268.034,135,721,0,0,54,ellipse
268.074,195,730,16,0,54,ellipse
268.148,246,745,0,0,53,ellipse
268.220,246,745,0,0,53,ellipse
268.260,270,748,0,0,53,ellipse
268.334,271,736,-8,0,53,ellipse
268.405,271,736,-8,0,53,ellipse
268.446,272,730,-8,0,53,ellipse
268.519,272,730,0,0,53,ellipse
268.592,272,730,0,0,52,ellipse
268.632,276,732,0,0,52,ellipse
268.706,278,731,-16,0,52,ellipse
268.778,278,731,-16,0,50,ellipse
268.819,277,730,-8,0,50,ellipse
268.890,279,730,8,0,49,ellipse
268.964,276,731,0,0,49,ellipse
269.003,276,731,0,0,49,ellipse
269.077,272,730,-8,0,50,ellipse
269.151,265,729,-8,0,50,ellipse
269.195,256,729,0,0,48,ellipse
269.268,256,729,0,24,51,ellipse
269.341,249,729,0,24,51,ellipse
269.381,241,730,0,0,51,ellipse
269.454,241,730,0,0,52,ellipse
269.527,235,732,8,0,52,ellipse
269.567,225,736,0,0,54,ellipse
269.641,215,739,0,0,55,ellipse
269.713,215,739,0,0,55,ellipse
269.753,202,746,0,0,58,ellipse
269.826,193,753,0,0,62,ellipse
269.898,193,753,0,0,62,ellipse
269.939,179,757,0,0,64,ellipse
270.012,164,754,0,0,64,ellipse
270.085,164,754,0,0,65,ellipse
270.125,150,751,0,0,69,ellipse
270.198,140,749,0,0,69,ellipse
270.271,140,749,0,0,68,ellipse
270.310,139,751,0,0,68,ellipse
270.384,141,755,0,0,68,ellipse
270.457,141,755,0,0,68,ellipse
270.498,139,758,0,0,70,ellipse
270.571,132,761,0,0,73,ellipse
270.644,132,761,0,0,73,ellipse
270.684,128,766,0,0,75,ellipse
270.757,129,771,0,0,77,ellipse
270.830,128,774,0,0,77,ellipse
270.870,128,774,0,0,79,ellipse
270.954,126,776,0,0,82,ellipse
271.016,122,777,0,0,82,ellipse
271.057,122,777,0,26,85,ellipse
271.133,118,780,0,21,89,ellipse
271.203,116,781,0,21,89,ellipse
271.247,113,778,0,0,92,ellipse
271.319,113,778,0,0,92,ellipse
271.392,106,773,0,0,94,ellipse
271.433,99,767,0,0,94,ellipse
271.506,93,763,0,0,94,ellipse
271.579,93,763,0,0,93,ellipse
271.619,87,762,0,0,93,ellipse
271.692,82,762,0,0,93,ellipse
271.765,82,762,0,0,95,ellipse
271.805,76,763,0,0,95,ellipse
271.878,69,764,0,0,96,ellipse
271.951,69,764,0,0,96,ellipse
271.990,62,764,-8,0,97,ellipse
272.064,57,763,0,25,98,ellipse
272.136,57,763,0,25,98,ellipse
272.175,53,762,8,0,99,ellipse
272.249,48,762,-8,0,100,ellipse
272.321,48,762,-8,0,100,ellipse
272.362,48,764,0,0,100,ellipse
272.436,49,768,-8,21,100,ellipse
272.507,49,768,-8,21,100,ellipse
272.548,50,769,0,0,100,ellipse
272.621,44,769,0,0,100,ellipse
272.694,44,769,0,0,100,ellipse
272.734,41,768,0,0,100,ellipse
272.809,53,768,0,0,100,ellipse
272.882,67,772,0,0,100,ellipse
272.919,67,772,0,0,100,ellipse
272.994,76,778,0,0,100,ellipse
273.068,80,784,0,0,100,ellipse
273.108,86,790,0,0,100,ellipse
273.181,86,790,0,0,100,ellipse
273.254,95,795,0,0,100,ellipse
273.299,111,799,0,0,100,ellipse
273.372,111,799,0,0,100,ellipse
273.445,149,804,0,0,100,ellipse
273.484,156,783,0,0,100,ellipse
273.558,146,760,0,0,100,ellipse
273.631,146,760,0,0,100,ellipse
273.672,137,742,0,0,100,ellipse
273.744,144,752,0,0,100,ellipse
273.817,144,752,0,0,100,ellipse
273.857,144,755,0,0,100,ellipse
273.930,144,758,0,0,100,ellipse
274.003,144,758,0,0,100,ellipse
274.043,144,760,0,0,100,ellipse
274.116,146,764,0,0,100,ellipse
274.189,146,764,0,0,100,ellipse
274.229,147,767,0,0,100,ellipse
274.302,145,766,0,0,100,ellipse
274.375,145,766,0,0,98,ellipse
274.414,143,764,0,0,98,ellipse
274.488,143,763,0,0,95,ellipse
274.561,143,763,0,0,95,ellipse
274.600,146,761,0,0,95,ellipse
274.675,146,758,-8,0,93,ellipse
274.748,144,757,-8,0,93,ellipse
274.786,144,757,-8,0,91,ellipse
274.860,145,755,-8,0,89,ellipse
274.933,151,753,-16,0,89,ellipse
274.972,151,753,-16,0,86,ellipse
275.046,160,752,-16,0,82,ellipse
275.119,175,748,-16,0,82,ellipse
275.159,189,745,-8,0,77,ellipse
275.232,189,745,-8,0,73,ellipse
275.304,208,742,-8,0,73,ellipse
275.350,215,743,-8,0,71,ellipse
275.423,218,743,-16,0,71,ellipse
275.496,218,743,-16,0,70,ellipse
275.536,219,739,-16,0,69,ellipse
275.609,222,733,-24,0,69,ellipse
275.681,222,733,-24,0,69,ellipse
275.721,221,725,-16,0,69,ellipse
275.794,213,717,-8,0,69,ellipse
275.867,213,717,-8,0,68,ellipse
275.906,195,693,-32,0,68,ellipse
275.980,181,668,-16,0,65,ellipse
276.052,181,668,-16,0,65,ellipse
276.091,168,639,-16,0,66,ellipse
276.164,154,612,-8,0,65,ellipse
276.237,154,612,-8,0,65,ellipse
276.275,143,596,0,0,65,ellipse
276.348,125,579,8,0,62,ellipse
276.420,125,579,8,0,62,ellipse
276.460,94,561,8,0,62,ellipse
276.533,68,550,24,0,61,ellipse
276.604,68,550,24,0,61,ellipse
276.644,39,538,24,0,61,ellipse
276.719,1,533,8,0,61,ellipse
276.788,-11,535,8,0,59,ellipse
276.829,-11,535,8,0,58,ellipse
276.900,-32,537,8,0,58,ellipse
276.974,-65,543,32,0,56,ellipse
277.017,-65,543,32,0,56,ellipse
277.087,-106,540,39,0,55,ellipse
277.160,-166,528,39,0,53,ellipse
277.199,-166,528,39,0,53,ellipse
277.273,-212,529,39,0,51,ellipse
277.345,-225,541,16,0,51,ellipse
277.390,-237,551,24,0,49,ellipse
277.462,-237,551,24,0,46,ellipse
277.534,-253,561,24,0,46,ellipse
277.574,-263,575,8,0,45,ellipse
277.647,-257,600,16,0,44,ellipse
277.719,-257,600,16,0,44,ellipse
277.758,-236,625,16,0,43,ellipse
277.831,-216,647,16,0,44,ellipse
277.902,-216,647,16,0,44,ellipse
277.942,-147,696,8,0,43,ellipse
278.014,-95,745,8,0,43,ellipse
278.086,-95,745,8,0,42,ellipse
278.126,-25,786,8,0,42,ellipse
278.198,22,815,8,0,42,ellipse
278.275,22,815,8,0,41,ellipse
278.311,39,840,-16,0,41,ellipse
278.383,26,859,-24,0,42,ellipse
278.455,26,859,-24,0,42,ellipse
278.494,19,861,-8,0,43,ellipse
278.568,23,861,-24,0,41,ellipse
278.639,23,861,-24,0,41,ellipse
278.682,47,863,-24,0,41,ellipse
278.752,73,859,-24,0,41,ellipse
278.823,73,859,-24,0,41,ellipse
278.863,86,853,-32,0,40,ellipse
278.936,109,842,-39,0,38,ellipse
279.007,109,842,-39,0,38,ellipse
279.046,140,828,-24,0,37,ellipse
279.119,184,802,-32,0,37,ellipse
279.191,257,760,-16,0,37,ellipse
279.232,257,760,-16,0,37,ellipse
279.305,295,743,-16,0,37,ellipse
279.378,310,712,-39,0,37,ellipse
279.422,310,712,-39,0,37,ellipse
279.496,298,694,-24,0,36,ellipse
279.570,270,670,-16,0,36,ellipse
279.609,239,650,-16,0,36,ellipse
279.682,239,650,-16,0,36,ellipse
279.756,205,611,-32,0,36,ellipse
279.794,185,563,-24,0,35,ellipse
279.866,185,563,-24,0,33,ellipse
279.939,155,514,16,0,33,ellipse
279.977,124,482,8,0,34,ellipse
280.050,80,457,16,0,31,ellipse
280.122,80,457,16,0,31,ellipse
280.161,20,452,32,0,33,ellipse
280.234,-56,469,39,0,31,ellipse
280.306,-56,469,39,0,31,ellipse
280.346,-113,498,16,0,29,ellipse
280.418,-171,514,48,0,29,ellipse
280.490,-171,514,48,0,29,ellipse
280.529,-225,521,48,0,28,ellipse
280.602,-260,532,48,0,28,ellipse
280.676,-260,532,48,0,26,ellipse
280.714,-310,535,39,0,26,ellipse
280.788,-348,537,32,0,26,ellipse
280.860,-348,537,32,0,25,ellipse
280.900,-347,555,32,0,25,ellipse
280.974,-289,596,24,0,25,ellipse
281.046,-289,596,24,0,25,ellipse
281.085,-223,624,16,0,26,ellipse
281.157,-109,678,32,0,26,ellipse
281.230,-109,678,32,0,26,ellipse
281.268,-63,700,32,0,27,ellipse
281.342,-34,725,32,0,27,ellipse
281.417,-34,725,32,0,27,ellipse
281.457,8,750,24,16,28,ellipse
281.530,29,783,-8,0,28,ellipse
281.603,1,800,8,0,28,ellipse
281.643,1,800,8,0,28,ellipse
281.714,-34,806,-8,0,28,ellipse
281.787,-101,821,-16,0,29,ellipse
281.829,-137,840,-16,0,21,ellipse
281.899,-137,840,-16,0,21,ellipse
281.972,-147,851,-16,0,21,ellipse
282.013,-135,856,-24,0,21,ellipse
282.086,-135,856,-24,0,21,ellipse
282.158,-88,857,-24,0,21,ellipse
282.200,-44,854,-32,0,21,ellipse
282.271,-44,854,-32,0,21,ellipse
282.343,-1,854,-16,0,21,ellipse
282.383,48,842,-39,0,21,ellipse
282.456,173,819,-32,0,27,ellipse
282.527,173,819,-32,0,27,ellipse
282.566,302,768,-32,0,26,ellipse
282.640,411,718,-24,0,26,ellipse
282.711,411,718,-24,0,26,ellipse
282.751,414,704,-24,0,25,ellipse
282.823,402,681,-32,0,25,ellipse
282.895,402,681,-32,0,26,ellipse
282.935,385,662,-24,0,26,ellipse
283.007,385,653,-16,0,26,ellipse
283.079,385,653,-16,0,26,ellipse
283.118,385,643,-39,0,26,ellipse
283.194,373,636,-16,0,21,ellipse
283.264,373,636,-16,0,21,ellipse
283.305,362,624,-32,0,21,ellipse
283.378,343,603,-16,0,21,ellipse
283.451,343,603,-16,0,21,ellipse
283.494,311,572,8,0,21,ellipse
283.567,250,546,8,0,30,ellipse
283.639,250,546,8,0,30,ellipse
283.678,196,524,24,0,30,ellipse
283.752,140,505,24,0,30,ellipse
283.826,55,500,39,0,30,ellipse
283.864,55,500,39,0,29,ellipse
283.937,-30,481,39,0,29,ellipse
284.010,-84,460,39,0,29,ellipse
284.050,-84,460,39,0,29,ellipse
284.124,-134,464,48,0,29,ellipse
284.196,-175,477,48,0,27,ellipse
284.237,-218,491,39,0,27,ellipse
284.307,-218,491,39,0,27,ellipse
284.380,-242,515,32,0,27,ellipse
284.420,-263,543,39,0,27,ellipse
284.492,-263,543,39,0,27,ellipse
284.565,-257,581,24,0,26,ellipse
284.606,-265,612,24,0,26,ellipse
284.679,-250,653,16,0,27,ellipse
284.752,-250,653,16,0,27,ellipse
284.790,-251,681,16,0,27,ellipse
284.864,-234,708,8,0,27,ellipse
284.935,-234,708,8,0,27,ellipse
284.977,-179,753,16,0,29,ellipse
285.047,-85,790,16,0,30,ellipse
285.119,-85,790,16,0,30,ellipse
285.158,10,840,-8,0,29,ellipse
285.231,99,887,-16,0,29,ellipse
285.303,99,887,-16,0,29,ellipse
285.342,158,925,-8,0,29,ellipse
285.415,139,940,-16,0,29,ellipse
285.487,139,940,-16,0,28,ellipse
285.532,106,952,-16,0,29,ellipse
285.603,92,956,-16,0,29,ellipse
285.677,92,956,-16,0,29,ellipse
285.716,87,953,-24,0,29,ellipse
285.789,90,944,-32,0,28,ellipse
285.862,90,944,-32,0,29,ellipse
285.901,108,930,-16,0,29,ellipse
285.975,126,916,-32,0,28,ellipse
286.047,151,897,-32,0,28,ellipse
286.087,151,897,-32,0,28,ellipse
286.161,217,864,-16,0,28,ellipse
286.234,286,836,-24,0,28,ellipse
286.273,286,836,-24,0,28,ellipse
286.349,345,806,-16,0,27,ellipse
286.419,381,767,-32,0,27,ellipse
286.459,389,727,-24,0,28,ellipse
286.531,389,727,-24,0,28,ellipse
286.603,380,699,-24,0,28,ellipse
286.643,359,686,-16,0,28,ellipse
286.717,359,686,-16,0,28,ellipse
286.787,340,683,-16,0,29,ellipse
286.828,320,683,-24,0,31,ellipse
286.898,320,683,-24,0,31,ellipse
286.971,296,673,-16,0,32,ellipse
287.012,275,643,-16,0,32,ellipse
287.085,241,598,0,0,32,ellipse
287.158,241,598,0,0,33,ellipse
287.197,203,538,0,0,33,ellipse
287.270,154,495,16,0,32,ellipse
287.342,154,495,16,0,32,ellipse
287.381,94,480,24,0,31,ellipse
287.454,56,488,0,0,30,ellipse
287.526,56,488,0,0,30,ellipse
287.571,12,487,32,0,29,ellipse
287.643,-32,488,39,0,29,ellipse
287.715,-32,488,39,0,29,ellipse
287.754,-64,490,32,0,29,ellipse
287.828,-123,488,39,0,29,ellipse
287.901,-123,488,39,0,29,ellipse
287.941,-163,498,24,0,29,ellipse
288.011,-171,534,16,0,29,ellipse
288.083,-171,534,16,0,29,ellipse
288.122,-193,570,32,0,29,ellipse
288.196,-198,587,24,0,29,ellipse
288.270,-179,606,16,0,29,ellipse
288.308,-179,606,16,0,29,ellipse
288.382,-180,619,16,0,30,ellipse
288.454,-183,631,32,0,30,ellipse
288.494,-183,631,32,0,30,ellipse
288.568,-179,646,24,0,31,ellipse
288.640,-171,674,8,0,31,ellipse
288.681,-153,729,16,0,31,ellipse
288.753,-153,729,16,0,31,ellipse
288.825,-124,765,24,0,31,ellipse
288.867,-106,798,16,0,31,ellipse
288.937,-106,798,16,0,29,ellipse
289.010,-105,818,8,0,29,ellipse
289.048,-95,828,8,0,29,ellipse
289.120,-95,828,8,0,29,ellipse
289.194,-90,840,-8,0,30,ellipse
289.233,-83,855,-16,0,30,ellipse
289.305,-67,869,-24,0,30,ellipse
289.378,-67,869,-24,0,30,ellipse
289.416,-43,876,-16,0,30,ellipse
289.488,-2,876,-8,0,31,ellipse
289.561,-2,876,-8,0,30,ellipse
289.608,79,872,-16,0,30,ellipse
289.678,134,860,-8,0,30,ellipse
289.750,134,860,-8,0,30,ellipse
289.789,174,843,-16,0,30,ellipse
289.862,214,819,-39,0,29,ellipse
289.934,214,819,-39,0,29,ellipse
289.974,246,798,-32,0,29,ellipse
290.046,280,778,-24,0,29,ellipse
290.118,280,778,-24,0,29,ellipse
290.157,306,762,-24,0,29,ellipse
290.230,329,747,-24,0,28,ellipse
290.302,329,747,-24,0,28,ellipse
290.342,332,730,-39,0,28,ellipse
290.414,320,714,-24,0,28,ellipse
290.485,320,714,-24,0,29,ellipse
290.526,296,695,-16,0,29,ellipse
290.598,259,674,-8,0,29,ellipse
290.670,194,638,0,0,29,ellipse
290.711,194,638,0,0,29,ellipse
290.784,213,607,8,0,30,ellipse
290.856,226,600,8,0,30,ellipse
290.896,226,600,8,0,28,ellipse
290.970,234,593,16,0,28,ellipse
291.043,204,581,16,0,28,ellipse
291.083,164,578,32,0,29,ellipse
291.155,164,578,32,0,27,ellipse
291.227,131,584,8,0,27,ellipse
291.266,108,593,8,0,27,ellipse
291.338,108,593,8,0,27,ellipse
291.411,87,594,39,0,27,ellipse
291.451,55,581,39,0,27,ellipse
291.522,55,581,39,0,27,ellipse
291.595,14,569,39,0,27,ellipse
291.639,-54,544,39,0,26,ellipse
291.716,-93,540,32,0,26,ellipse
291.784,-93,540,32,0,26,ellipse
291.824,-110,547,32,0,26,ellipse
291.897,-118,560,16,0,27,ellipse
291.969,-118,560,16,0,26,ellipse
292.009,-92,574,16,0,26,ellipse
292.082,-77,583,16,0,27,ellipse
292.154,-77,583,16,0,27,ellipse
292.194,-21,615,16,0,27,ellipse
292.266,8,648,16,0,28,ellipse
292.338,8,648,16,0,28,ellipse
292.377,19,657,8,0,28,ellipse
292.450,24,665,24,0,28,ellipse
292.522,24,665,24,0,28,ellipse
292.561,20,674,16,0,28,ellipse
292.634,6,705,-8,0,28,fwd_back
292.707,6,705,-8,0,28,fwd_back
292.749,-25,728,-8,0,27,fwd_back
292.821,-94,757,-8,0,27,fwd_back
292.893,-94,757,-8,0,28,fwd_back
292.933,-142,787,-8,0,28,fwd_back
293.006,-158,808,-8,0,28,fwd_back
293.080,-129,822,-8,0,28,fwd_back
293.120,-129,822,-8,0,28,fwd_back
293.193,-114,823,-32,0,29,fwd_back
293.266,-97,824,-32,0,29,fwd_back
293.306,-97,824,-32,0,29,fwd_back
293.380,-78,825,-16,0,29,fwd_back
293.452,-62,824,-16,0,29,fwd_back
293.493,-47,821,-16,0,29,fwd_back
293.566,-47,821,-16,0,29,fwd_back
293.638,-35,821,-24,0,29,fwd_back
293.683,-27,821,-16,0,30,fwd_back
293.757,-22,819,-24,0,30,fwd_back
293.830,-22,819,-24,0,30,fwd_back
293.870,-19,813,-24,0,30,fwd_back
293.943,-18,808,-8,0,34,fwd_back
294.015,-18,808,-8,0,34,fwd_back
294.056,-19,803,0,0,35,fwd_back
294.129,-20,803,0,28,39,fwd_back
294.202,-20,803,0,28,39,fwd_back
294.242,-22,802,0,24,43,fwd_back
294.315,-21,802,0,24,43,fwd_back
294.388,-21,802,0,0,44,fwd_back
294.427,-13,800,0,0,45,fwd_back
294.501,-6,797,0,0,45,fwd_back
294.574,-6,797,0,0,46,fwd_back
294.613,-7,794,0,0,46,fwd_back
294.687,-25,785,0,0,47,fwd_back
294.760,-25,785,0,0,47,fwd_back
294.799,-82,754,0,0,47,fwd_back
294.872,-140,721,0,0,48,fwd_back
294.945,-258,651,0,0,48,fwd_back
294.985,-258,651,0,0,48,fwd_back
295.058,-192,637,0,0,48,fwd_back
295.131,-126,652,0,0,48,fwd_back
295.171,-126,652,0,0,49,fwd_back
295.244,13,698,0,0,49,fwd_back
295.317,141,714,0,0,49,fwd_back
295.359,219,698,0,0,51,fwd_back
295.429,219,698,0,0,52,fwd_back
295.501,289,691,0,0,52,fwd_back
295.542,327,682,0,0,54,fwd_back
295.614,327,682,0,0,54,fwd_back
295.687,357,659,0,0,56,fwd_back
295.733,367,645,0,0,57,fwd_back
295.806,386,619,0,0,57,fwd_back
295.879,386,619,0,0,57,fwd_back
295.918,406,591,0,0,57,fwd_back
295.992,415,567,0,0,58,fwd_back
296.065,415,567,0,0,60,fwd_back
296.104,385,555,0,0,60,fwd_back
296.180,370,559,0,0,62,fwd_back
296.250,370,559,0,0,62,fwd_back
296.290,356,567,0,0,63,fwd_back
296.364,319,596,0,0,63,fwd_back
296.436,319,596,0,0,63,fwd_back
296.476,289,623,0,0,64,fwd_back
296.550,255,652,0,0,64,fwd_back
296.622,255,652,0,0,64,fwd_back
296.662,237,676,0,0,64,fwd_back
296.736,215,687,0,0,64,fwd_back
296.808,215,687,0,0,64,fwd_back
296.849,190,693,0,0,64,fwd_back
296.922,154,700,0,0,64,fwd_back
296.995,130,702,0,0,66,fwd_back
297.035,130,702,0,0,68,fwd_back
297.107,111,691,0,0,68,fwd_back
297.181,92,688,0,0,69,fwd_back
297.220,92,688,0,0,69,fwd_back
297.293,80,687,0,0,72,fwd_back
297.366,87,693,0,0,73,fwd_back
297.407,86,695,0,0,73,fwd_back
297.480,86,695,0,0,75,fwd_back
297.552,89,699,0,0,75,fwd_back
297.593,95,704,0,0,78,fwd_back
297.665,95,704,0,0,80,fwd_back
297.738,96,707,0,0,80,fwd_back
297.786,86,706,0,0,83,fwd_back
297.856,75,705,0,0,85,fwd_back
297.931,75,705,0,0,85,fwd_back
297.969,65,705,0,0,84,fwd_back
298.043,55,704,0,0,85,fwd_back
298.115,55,704,0,0,85,fwd_back
298.156,48,701,0,0,84,fwd_back
298.229,43,700,0,0,83,fwd_back
298.301,43,700,0,0,83,fwd_back
298.341,40,702,0,24,85,fwd_back
298.415,40,704,0,24,85,fwd_back
298.487,40,704,0,22,87,fwd_back
298.528,42,704,0,0,86,fwd_back
298.603,43,701,0,0,86,fwd_back
298.673,43,701,0,0,85,fwd_back
298.713,39,699,0,0,85,fwd_back
298.787,37,698,0,0,85,fwd_back
298.860,40,698,0,0,83,fwd_back
298.900,40,698,0,0,83,fwd_back
298.973,50,697,0,0,81,fwd_back
299.047,60,696,0,0,81,fwd_back
299.094,60,696,0,0,80,fwd_back
299.159,62,693,0,0,79,fwd_back
299.232,59,693,0,0,79,fwd_back
299.272,55,696,-8,0,80,fwd_back
299.347,55,696,-8,0,79,fwd_back
299.418,47,696,-8,0,79,fwd_back
299.458,40,696,-16,0,77,fwd_back
299.532,40,696,-16,0,76,fwd_back
299.604,42,698,-16,0,76,fwd_back
299.644,45,697,-16,0,76,fwd_back
299.717,53,698,-8,0,76,fwd_back
299.790,53,698,-8,0,75,fwd_back
299.836,60,697,-16,0,75,fwd_back
299.909,66,697,-8,0,75,fwd_back
299.981,66,697,-8,0,75,fwd_back
300.022,68,695,-16,0,75,fwd_back
300.095,75,694,-8,0,73,fwd_back
300.167,75,694,-8,0,72,fwd_back
300.208,86,692,-8,0,72,fwd_back
300.280,96,689,-16,0,70,fwd_back
300.353,96,689,-16,0,70,fwd_back
300.393,95,685,-16,0,70,fwd_back
300.467,94,681,-8,0,70,fwd_back
300.539,94,681,-8,0,70,fwd_back
300.579,89,674,-8,0,69,fwd_back
300.653,85,667,-8,0,69,fwd_back
300.725,85,667,-8,0,69,fwd_back
300.765,81,659,0,0,70,fwd_back
300.839,73,651,0,0,70,fwd_back
300.911,62,642,0,0,70,fwd_back
300.951,62,642,0,0,70,fwd_back
301.023,57,635,8,0,70,fwd_back
301.096,53,630,0,0,68,fwd_back
301.137,53,630,0,0,66,fwd_back
301.209,54,625,16,0,66,fwd_back
301.282,63,624,16,0,63,fwd_back
301.323,74,629,16,0,63,fwd_back
301.393,74,629,16,0,61,fwd_back
301.466,100,646,32,0,60,fwd_back
301.507,106,666,16,0,60,fwd_back
301.580,106,666,16,0,58,fwd_back
301.652,94,679,24,0,58,fwd_back
301.691,79,687,24,0,56,fwd_back
301.763,65,694,16,35,55,fwd_back
301.837,65,694,16,35,55,fwd_back
301.882,48,701,16,0,53,fwd_back
301.954,33,708,16,0,52,fwd_back
302.026,33,708,16,0,52,fwd_back
302.065,16,712,24,0,51,fwd_back
302.138,9,721,8,17,49,fwd_back
302.210,9,721,8,17,49,fwd_back
302.249,18,735,16,0,47,fwd_back
302.321,27,750,16,0,47,fwd_back
302.394,27,750,16,0,46,fwd_back
302.433,23,758,24,0,45,fwd_back
302.505,35,769,16,0,45,fwd_back
302.578,35,769,16,0,44,fwd_back
302.618,46,790,16,0,44,fwd_back
302.689,61,805,8,0,43,fwd_back
302.762,61,805,8,0,43,fwd_back
302.802,69,817,8,0,43,fwd_back
302.875,89,835,8,0,44,fwd_back
302.947,89,835,8,0,44,fwd_back
302.986,95,854,0,0,45,fwd_back
303.059,89,867,-8,0,45,fwd_back
303.132,62,870,-16,0,45,fwd_back
303.171,62,870,-16,0,45,fwd_back
303.244,37,872,-8,0,44,fwd_back
303.317,25,876,-16,0,44,fwd_back
303.363,25,876,-16,0,44,fwd_back
303.431,21,876,-8,0,45,fwd_back
303.501,19,876,-24,0,45,fwd_back
303.542,21,877,-16,0,46,fwd_back
303.614,21,877,-16,0,46,fwd_back
303.686,21,877,-24,0,45,fwd_back
303.729,21,875,-32,28,45,fwd_back
303.797,21,875,-32,28,45,fwd_back
303.870,18,872,-32,0,46,fwd_back
303.916,15,869,-24,0,46,fwd_back
303.988,11,865,-32,0,44,fwd_back
304.060,11,865,-32,0,45,fwd_back
304.100,13,860,-32,0,45,fwd_back
304.174,14,854,-24,0,44,fwd_back
304.250,14,854,-24,0,44,fwd_back
304.290,20,850,-16,0,44,fwd_back
304.357,24,843,-24,0,44,fwd_back
304.431,24,843,-24,0,44,fwd_back
304.468,22,838,-24,0,44,fwd_back
304.541,22,831,-16,0,46,fwd_back
304.613,22,831,-16,0,46,fwd_back
304.654,20,825,-8,0,47,fwd_back
304.725,16,819,-16,0,46,fwd_back
304.797,16,819,-16,0,46,fwd_back
304.838,10,812,-8,0,46,fwd_back
304.915,6,806,-8,0,46,fwd_back
304.981,6,806,-8,0,46,fwd_back
305.024,6,799,-8,0,46,fwd_back
305.094,1,792,-8,0,47,fwd_back
305.165,1,792,-8,0,49,fwd_back
305.204,1,783,-8,0,49,fwd_back
305.277,2,777,0,0,51,fwd_back
305.350,2,777,0,0,51,fwd_back
305.389,6,771,0,0,52,fwd_back
305.462,11,765,0,0,52,fwd_back
305.534,22,756,0,0,52,fwd_back
305.575,22,756,0,0,53,fwd_back
305.649,30,744,8,25,55,fwd_back
305.719,27,736,8,25,55,fwd_back
305.759,27,736,8,0,55,fwd_back
305.832,24,729,16,0,55,fwd_back
305.905,22,721,8,0,55,fwd_back
305.950,33,719,8,0,54,fwd_back
306.022,33,719,8,0,54,fwd_back
306.095,43,717,32,0,54,fwd_back
306.135,44,715,16,0,53,fwd_back
306.206,44,715,16,0,53,fwd_back
306.279,46,714,16,0,53,fwd_back
306.318,44,713,24,0,53,fwd_back
306.390,38,713,24,0,51,fwd_back
306.463,38,713,24,0,50,fwd_back
306.503,33,713,16,0,50,fwd_back
306.576,26,714,32,0,51,fwd_back
306.648,26,714,32,0,51,fwd_back
306.688,21,715,16,0,51,fwd_back
306.760,34,717,24,0,52,fwd_back
306.832,34,717,24,0,52,fwd_back
306.871,48,719,16,23,53,fwd_back
306.945,58,723,24,23,53,fwd_back
307.017,58,723,24,23,53,fwd_back
307.056,71,729,24,0,53,fwd_back
307.129,86,737,24,20,54,fwd_back
307.202,86,737,24,20,54,fwd_back
307.242,95,744,24,17,55,fwd_back
307.313,92,749,24,17,55,fwd_back
307.387,92,749,24,0,55,fwd_back
307.425,80,752,24,0,54,fwd_back
307.497,67,756,16,0,54,fwd_back
307.570,67,756,16,0,54,fwd_back
307.611,57,763,24,0,54,fwd_back
307.686,52,771,8,0,53,fwd_back
307.757,57,779,8,0,53,fwd_back
307.796,57,779,8,0,53,fwd_back
307.869,61,787,8,0,53,fwd_back
307.942,66,796,8,0,53,fwd_back
307.987,66,796,8,0,53,fwd_back
308.059,65,801,0,0,53,fwd_back
308.132,52,805,0,0,53,fwd_back
308.171,7,818,-8,0,53,fwd_back
308.243,7,818,-8,0,53,fwd_back
308.315,-30,831,-8,0,53,fwd_back
308.357,-108,854,-8,0,52,fwd_back
308.431,-108,854,-8,0,52,fwd_back
308.500,-124,872,-8,0,52,fwd_back
308.540,-94,888,-8,0,51,fwd_back
308.611,-94,888,-8,0,51,fwd_back
308.684,-84,894,-24,0,48,fwd_back
308.723,-77,897,-16,0,49,fwd_back
308.795,-73,899,-24,0,49,fwd_back
308.868,-73,899,-24,0,48,fwd_back
308.908,-66,901,-32,0,48,fwd_back
308.981,-60,901,-32,0,46,fwd_back
309.056,-60,901,-32,0,46,fwd_back
309.092,-56,900,-32,0,45,fwd_back
309.165,-55,895,-32,33,45,fwd_back
309.238,-55,895,-32,33,45,fwd_back
309.277,-57,888,-24,0,43,fwd_back
309.350,-60,883,-24,0,41,fwd_back
309.423,-60,883,-24,0,41,fwd_back
309.462,-61,878,-32,0,40,fwd_back
309.535,-61,872,-32,0,38,fwd_back
309.608,-61,872,-32,0,38,fwd_back
309.646,-59,867,-24,0,35,fwd_back
309.719,-55,862,-24,0,35,fwd_back
309.793,-55,862,-24,0,35,fwd_back
309.831,-54,855,-24,0,34,fwd_back
309.903,-52,849,-24,0,34,fwd_back
309.976,-52,849,-24,0,34,fwd_back
310.020,-47,842,-16,0,34,fwd_back
310.093,-39,837,-16,0,34,fwd_back
310.166,-27,832,-8,0,34,fwd_back
310.206,-27,832,-8,0,34,fwd_back
310.282,5,816,-16,0,33,fwd_back
310.352,44,793,-8,0,33,fwd_back
310.392,44,793,-8,0,34,fwd_back
310.465,98,771,-8,0,36,fwd_back
310.537,193,744,-8,0,36,fwd_back
310.576,269,715,-16,0,36,fwd_back
310.648,269,715,-16,0,35,fwd_back
310.721,263,689,-8,0,35,fwd_back
310.761,243,667,-8,0,36,fwd_back
310.832,243,667,-8,0,35,fwd_back
310.905,215,633,-8,0,35,fwd_back
310.945,193,599,0,0,36,fwd_back
311.016,165,541,0,0,36,fwd_back
311.092,165,541,0,0,38,fwd_back
311.134,149,499,0,0,37,fwd_back
311.202,149,490,0,0,37,fwd_back
311.274,149,490,0,0,36,fwd_back
311.320,149,483,0,0,36,fwd_back
311.385,164,482,0,0,35,fwd_back
311.458,164,482,0,0,35,fwd_back
311.498,168,481,0,0,35,fwd_back
311.571,165,479,8,0,35,fwd_back
311.642,165,479,8,0,35,fwd_back
311.682,164,479,0,0,35,fwd_back
311.755,162,480,0,0,34,fwd_back
311.826,162,480,0,0,34,fwd_back
311.866,157,478,32,0,35,fwd_back
311.939,155,476,16,0,36,fwd_back
312.011,155,476,16,0,36,fwd_back
312.055,164,481,16,0,35,fwd_back
312.128,173,489,16,0,35,fwd_back
312.200,173,489,16,0,35,fwd_back
312.239,176,497,39,0,35,fwd_back
312.311,180,507,32,0,35,fwd_back
312.384,179,517,39,0,34,fwd_back
312.424,179,517,39,0,35,fwd_back
312.497,173,528,32,0,35,fwd_back
312.570,166,539,16,0,35,fwd_back
312.610,166,539,16,0,35,fwd_back
312.683,158,551,24,0,36,fwd_back
312.756,149,562,16,0,35,fwd_back
312.796,137,572,24,0,35,fwd_back
312.868,137,572,24,0,35,fwd_back
312.940,127,585,24,0,35,fwd_back
312.981,127,600,32,0,36,fwd_back
313.053,127,600,32,0,35,fwd_back
313.125,126,613,16,0,35,fwd_back
313.164,126,626,8,0,34,fwd_back
313.236,126,626,8,0,35,fwd_back
313.308,123,638,24,0,35,fwd_back
313.348,119,651,8,0,35,fwd_back
313.421,117,664,8,0,35,fwd_back
313.492,117,664,8,0,35,fwd_back
313.533,113,676,0,0,35,fwd_back
313.606,106,688,-8,0,35,fwd_back
313.677,106,688,-8,0,35,fwd_back
313.716,101,700,0,0,35,fwd_back
313.788,95,711,-8,0,36,fwd_back
313.863,95,711,-8,0,36,fwd_back
313.900,94,721,0,0,36,fwd_back
313.974,91,730,-24,0,35,fwd_back
314.045,91,730,-24,0,35,fwd_back
314.090,85,736,-39,0,35,fwd_back
314.162,77,740,-48,17,35,fwd_back
314.235,77,740,-48,17,35,fwd_back
314.274,71,744,-39,0,33,fwd_back
314.347,66,747,-39,0,32,fwd_back
314.418,66,747,-39,0,32,fwd_back
314.458,62,749,-39,0,31,fwd_back
314.531,58,749,-32,0,30,fwd_back
314.604,58,749,-32,0,30,fwd_back
314.643,51,748,-32,23,27,fwd_back
314.716,47,746,-39,23,27,fwd_back
314.788,42,742,-32,0,26,fwd_back
314.828,42,742,-32,0,25,fwd_back
314.901,38,738,-32,0,25,fwd_back
314.974,35,731,-32,0,24,fwd_back
315.014,35,731,-32,0,24,fwd_back
315.087,37,725,-24,0,24,fwd_back
315.160,39,722,-16,0,24,fwd_back
315.201,46,721,-8,0,24,fwd_back
315.272,46,721,-8,0,24,fwd_back
315.345,59,722,-8,0,24,fwd_back
315.385,72,722,-24,0,24,fwd_back
315.457,72,722,-24,0,23,fwd_back
315.529,119,710,-8,0,23,fwd_back
315.568,163,705,-8,0,23,fwd_back
315.640,163,705,-8,0,23,fwd_back
315.713,196,698,-8,0,23,fwd_back
315.752,196,682,-8,0,24,fwd_back
315.825,176,665,0,0,25,fwd_back
315.897,176,665,0,0,25,fwd_back
315.937,141,653,8,0,26,fwd_back
316.011,111,649,0,0,26,fwd_back
316.081,111,649,0,0,26,fwd_back
316.130,77,631,0,0,26,fwd_back
316.200,79,620,0,0,26,fwd_back
316.271,79,620,0,0,31,fwd_back
316.312,78,607,8,0,31,fwd_back
316.383,92,599,8,0,33,fwd_back
316.456,92,599,8,0,34,fwd_back
316.496,105,603,16,0,34,fwd_back
316.569,106,606,32,0,33,fwd_back
316.640,106,606,32,0,33,fwd_back
316.680,110,610,16,0,34,fwd_back
316.752,114,615,24,0,34,fwd_back
316.825,114,615,24,0,34,fwd_back
316.864,124,619,16,0,34,fwd_back
316.937,133,624,24,0,34,fwd_back
317.009,133,624,24,0,34,fwd_back
317.048,138,628,24,0,33,fwd_back
317.121,136,632,32,0,33,fwd_back
317.194,134,638,24,0,34,fwd_back
317.234,134,638,24,0,34,fwd_back
317.308,126,642,24,0,34,fwd_back
317.380,119,649,24,0,34,fwd_back
317.420,119,649,24,0,34,fwd_back
317.493,110,655,16,0,35,fwd_back
317.566,101,661,32,0,35,fwd_back
317.606,89,668,16,0,35,fwd_back
317.678,89,668,16,0,35,fwd_back
317.753,78,676,24,0,35,fwd_back
317.790,71,684,24,0,35,fwd_back
317.863,71,684,24,0,35,head_only
317.935,64,691,24,0,35,head_only
317.977,57,700,16,0,35,head_only
318.049,56,711,16,16,36,head_only
318.121,56,711,16,16,36,head_only
318.166,64,722,8,0,36,head_only
318.240,72,734,8,0,37,head_only
318.312,72,734,8,0,37,head_only
318.352,79,744,0,0,36,head_only
318.428,86,767,0,0,36,head_only
318.501,86,767,0,0,36,head_only
318.538,82,774,0,0,36,head_only
318.612,78,779,-8,0,36,head_only
318.684,78,779,-8,0,37,head_only
318.724,72,785,-16,0,36,head_only
318.798,65,791,-24,0,36,head_only
318.870,65,791,-24,0,37,head_only
318.910,57,795,-39,0,37,head_only
318.983,51,798,-39,0,37,head_only
319.056,51,798,-39,0,36,head_only
319.096,46,800,-39,0,36,head_only
319.169,45,801,-32,18,36,head_only
319.243,42,801,-32,18,36,head_only
319.282,42,801,-32,0,37,head_only
319.355,38,801,-24,0,38,head_only
319.429,34,800,-24,0,38,head_only
319.469,34,800,-24,0,38,head_only
319.541,31,799,-24,0,39,head_only
319.614,26,795,-16,0,39,head_only
319.656,24,791,-16,0,40,head_only
319.728,24,791,-16,0,40,head_only
319.800,21,788,-8,0,40,head_only
319.843,14,784,-8,0,40,head_only
319.912,14,784,-8,0,40,head_only
319.986,8,781,-8,0,40,head_only
320.026,7,780,0,0,43,head_only
320.098,7,778,0,0,43,head_only
320.171,7,778,0,0,42,head_only
320.215,6,772,-8,0,42,head_only
320.288,7,767,0,0,44,head_only
320.362,7,767,0,0,45,head_only
320.402,9,764,0,0,45,head_only
320.474,11,761,0,0,45,head_only
320.546,11,761,0,0,45,head_only
320.586,17,758,0,0,45,head_only
320.660,26,758,0,0,45,head_only
320.732,26,758,0,0,45,head_only
320.772,34,757,0,0,45,head_only
320.846,36,753,0,0,45,head_only
320.918,36,753,0,0,45,head_only
320.959,34,747,0,0,45,head_only
321.033,32,742,0,0,45,head_only
321.106,29,738,0,0,45,head_only
321.145,29,738,0,0,45,head_only
321.218,26,736,0,0,45,head_only
321.291,27,735,0,0,45,head_only
321.331,27,735,0,0,46,head_only
321.404,29,734,0,0,46,head_only
321.478,29,733,0,0,47,head_only
321.518,28,732,0,0,47,head_only
321.590,28,732,0,0,49,head_only
321.663,26,731,0,0,51,head_only
321.703,26,731,0,0,51,head_only
321.776,26,731,0,0,53,head_only
321.849,29,734,0,0,53,head_only
321.889,35,744,0,0,55,head_only
321.963,44,752,0,0,56,head_only
322.036,44,752,0,0,56,head_only
322.076,52,758,0,0,57,head_only
322.150,50,754,0,0,58,head_only
322.221,50,754,0,0,58,head_only
322.267,46,745,0,0,59,head_only
322.340,39,733,0,0,61,head_only
322.413,39,733,0,0,61,head_only
322.453,33,722,0,0,62,head_only
322.527,26,714,0,0,62,head_only
322.600,26,714,0,0,62,head_only
322.639,21,705,0,0,62,head_only
322.711,16,697,0,0,62,head_only
322.784,16,697,0,0,62,head_only
322.824,14,695,0,0,62,head_only
322.898,18,697,0,0,62,head_only
322.971,18,697,0,0,61,head_only
323.010,20,696,0,0,61,head_only
323.084,19,693,0,0,62,head_only
323.158,20,694,0,0,62,head_only
323.199,20,694,0,0,62,head_only
323.271,21,696,0,0,63,head_only
323.344,26,698,0,0,63,head_only
323.384,26,698,0,0,63,head_only
323.457,28,702,0,0,62,head_only
323.530,22,702,0,0,62,head_only
323.570,13,702,0,0,61,head_only
323.648,13,702,0,0,62,head_only
323.716,8,703,0,0,62,head_only
323.756,4,703,0,0,61,head_only
323.830,4,703,0,0,63,head_only
323.902,0,703,0,0,63,head_only
323.944,-1,702,0,0,65,head_only
324.015,-2,697,0,0,65,head_only
324.088,-2,697,0,0,64,head_only
324.129,-3,691,0,0,65,head_only
324.203,-6,689,0,0,65,head_only
324.274,-6,689,0,0,63,head_only
324.319,-10,691,0,0,63,head_only
324.393,-14,691,0,0,61,head_only
324.466,-14,691,0,0,60,head_only
324.505,-18,695,0,0,60,head_only
324.579,-19,698,0,0,61,head_only
324.651,-19,698,0,0,61,head_only
324.692,-24,701,0,0,62,head_only
324.765,-27,701,-8,0,62,head_only
324.837,-27,701,-8,0,62,head_only
324.877,-33,700,8,0,63,head_only
324.950,-35,696,8,0,63,head_only
325.024,-35,696,0,0,63,head_only
325.062,-35,696,0,0,65,head_only
325.137,-31,698,0,0,65,head_only
325.212,-22,700,0,0,65,head_only
325.248,-22,700,0,0,66,head_only
325.322,-13,702,0,0,66,head_only
325.395,-10,711,0,0,66,head_only
325.435,-10,716,0,0,66,head_only
325.508,-10,716,0,0,66,head_only
325.581,-11,716,0,0,66,head_only
325.621,-10,715,0,0,66,head_only
325.695,-10,715,0,0,64,head_only
325.767,-9,714,0,0,64,head_only
325.807,-9,711,0,0,64,head_only
325.880,-15,711,0,0,63,head_only
325.953,-15,711,0,0,63,head_only
325.994,-16,712,0,0,62,head_only
326.066,-18,712,0,0,61,head_only
326.137,-18,712,0,0,61,head_only
326.177,-19,712,0,0,60,head_only
326.250,-21,710,0,0,60,head_only
326.322,-21,710,0,0,60,head_only
326.369,-23,708,0,0,59,head_only
326.440,-27,707,8,0,60,head_only
326.510,-27,707,8,0,60,head_only
326.549,-30,705,8,0,60,head_only
326.622,-30,705,0,0,60,head_only
326.694,-30,705,0,0,59,head_only
326.734,-32,707,0,0,60,head_only
326.806,-40,710,0,0,60,head_only
326.878,-40,710,0,0,60,head_only
326.918,-48,712,0,0,60,head_only
326.990,-54,713,0,0,63,head_only
327.064,-54,713,0,0,63,head_only
327.103,-65,715,0,0,63,head_only
327.176,-72,718,0,0,62,head_only
327.248,-74,720,0,0,62,head_only
327.289,-74,720,0,0,64,head_only
327.361,-71,724,0,0,65,head_only
327.434,-62,728,0,0,65,head_only
327.474,-62,728,0,0,64,head_only
327.546,-55,732,8,0,65,head_only
327.619,-41,734,0,0,65,head_only
327.659,-24,740,0,0,65,head_only
327.731,-24,740,0,0,65,head_only
327.803,32,757,0,0,65,head_only
327.843,74,774,0,0,65,head_only
327.915,74,774,0,0,65,head_only
327.987,79,777,0,0,64,head_only
328.027,74,775,0,0,65,head_only
328.099,74,775,0,0,65,head_only
328.172,68,775,0,0,64,head_only
328.211,59,771,-8,0,64,head_only
328.287,48,767,0,0,65,head_only
328.358,48,767,0,0,66,head_only
328.401,22,759,0,0,66,head_only
328.475,40,759,0,0,67,head_only
328.546,40,759,0,0,67,head_only
328.586,53,761,0,0,69,head_only
328.658,67,764,0,0,69,head_only
328.731,67,764,0,0,69,head_only
328.770,88,760,8,0,70,head_only
328.843,89,754,0,0,69,head_only
328.914,89,754,0,0,69,head_only
328.954,85,749,0,0,70,head_only
329.027,78,746,0,0,69,head_only
329.098,78,746,0,0,69,head_only
329.138,71,744,0,0,68,head_only
329.211,63,741,-8,0,68,head_only
329.283,63,741,-8,0,67,head_only
329.322,56,739,0,0,67,head_only
329.395,49,737,-8,0,67,head_only
329.467,49,737,-8,0,68,head_only
329.507,46,737,0,0,68,head_only
329.580,41,736,0,0,67,head_only
329.655,41,737,0,0,67,head_only
329.693,41,737,0,0,69,head_only
329.765,44,741,0,0,69,head_only
329.838,49,745,0,0,69,head_only
329.878,49,745,0,0,69,head_only
329.951,50,746,0,0,70,head_only
330.024,45,746,0,0,70,head_only
330.063,39,744,0,0,69,head_only
330.135,39,744,0,0,71,head_only
330.208,33,742,0,0,71,head_only
330.247,29,742,0,0,71,head_only
330.319,29,742,0,0,71,head_only
330.391,25,743,0,0,72,head_only
330.436,20,743,0,0,72,head_only
330.509,15,745,0,0,72,head_only
330.580,15,745,0,0,72,head_only
330.620,11,745,0,0,72,head_only
330.696,7,745,0,0,73,head_only
330.765,7,745,0,0,73,head_only
330.804,4,745,0,0,73,head_only
330.877,0,745,8,0,73,head_only
330.949,0,745,8,0,73,head_only
330.989,-2,746,0,0,72,head_only
331.061,0,747,0,0,72,head_only
331.133,0,747,0,0,72,head_only
331.173,5,748,0,0,73,head_only
331.246,12,749,0,0,72,head_only
331.317,12,749,0,0,72,head_only
331.357,21,751,0,0,73,head_only
331.429,29,752,0,0,74,head_only
331.501,29,752,0,0,74,head_only
331.541,33,750,-8,0,74,head_only
331.614,37,752,0,0,74,head_only
331.686,37,752,0,0,73,head_only
331.728,36,752,0,0,72,head_only
331.798,31,749,0,0,72,head_only
331.870,31,749,0,0,71,head_only
331.910,29,745,0,0,71,head_only
331.983,30,743,0,0,71,head_only
332.056,29,741,0,0,70,head_only
332.095,29,741,0,0,70,head_only
332.168,30,741,0,0,70,head_only
332.241,32,741,0,0,70,head_only
332.280,32,741,0,0,67,head_only
332.353,31,745,0,0,67,head_only
332.425,29,746,0,0,67,head_only
332.470,25,745,0,0,67,head_only
332.542,25,745,0,0,66,head_only
332.615,23,745,0,0,66,head_only
332.654,21,744,0,0,65,head_only
332.726,21,744,0,0,65,head_only
332.798,22,743,0,0,65,head_only
332.838,26,742,8,0,66,head_only
332.910,36,742,0,0,66,head_only
332.986,36,742,0,0,67,head_only
333.022,49,747,0,0,67,head_only
333.094,58,751,-8,0,68,head_only
333.166,58,751,-8,0,69,head_only
333.207,65,756,0,0,69,head_only
333.279,78,758,-8,0,71,head_only
333.351,78,758,-8,0,71,head_only
333.391,101,761,-8,0,73,head_only
333.463,93,758,-8,0,73,head_only
333.535,93,758,-8,0,73,head_only
333.575,84,757,0,0,72,head_only
333.648,80,756,0,0,71,head_only
333.719,80,756,0,0,71,head_only
333.759,75,753,-8,0,70,head_only
333.832,68,752,-8,0,68,head_only
333.903,68,752,-8,0,68,head_only
333.943,60,750,-8,0,67,head_only
334.016,53,751,0,0,67,head_only
334.087,53,751,0,0,69,head_only
334.128,45,749,0,0,69,head_only
334.200,38,749,0,0,69,head_only
334.272,38,749,0,0,68,head_only
334.312,31,752,0,0,68,head_only
334.385,27,757,0,0,66,head_only
334.458,23,758,0,0,66,head_only
334.503,23,758,0,0,66,head_only
334.576,16,755,0,0,66,head_only
334.649,12,752,0,0,66,head_only
334.689,5,750,0,0,68,head_only
334.761,5,750,0,0,69,head_only
334.833,0,747,0,0,69,head_only
334.873,-6,746,0,0,70,head_only
334.946,-6,746,0,0,71,head_only
335.017,-9,746,8,0,71,head_only
335.057,-9,746,0,0,72,head_only
335.129,-9,746,0,0,73,head_only
335.201,-1,744,0,0,73,head_only
335.241,6,746,0,0,74,head_only
335.313,8,745,0,0,74,head_only
335.385,8,745,0,0,73,head_only
335.425,2,742,0,0,74,head_only
335.497,-1,739,0,0,74,head_only
335.570,-1,739,0,0,75,head_only
335.608,-3,739,8,0,75,head_only
335.681,-1,740,-8,0,76,head_only
335.753,-1,740,-8,0,76,head_only
335.793,6,742,-8,0,77,head_only
335.865,12,743,0,0,79,head_only
335.937,12,743,0,0,79,head_only
335.976,12,744,0,0,77,head_only
336.049,-10,745,0,0,77,head_only
336.121,-10,745,0,0,77,head_only
336.161,-38,750,0,0,76,head_only
336.233,-66,755,0,0,77,head_only
336.305,-66,755,0,0,77,head_only
336.344,-81,753,-8,0,79,head_only
336.417,-78,752,0,0,79,head_only
336.489,-78,752,0,0,78,head_only
336.534,-73,752,0,0,79,head_only
336.606,-61,749,0,0,79,head_only
336.679,-63,747,-8,0,79,head_only
336.719,-63,747,-8,0,79,head_only
336.793,-74,738,8,0,79,head_only
336.865,-75,735,8,0,77,head_only
336.905,-75,735,8,0,77,head_only
336.977,-75,735,0,0,76,head_only
337.051,-73,736,0,0,76,head_only
337.091,-55,738,0,0,74,head_only
337.163,-55,738,0,0,72,head_only
337.235,-6,743,0,0,72,head_only
337.275,4,747,0,0,69,head_only
337.347,4,747,0,0,67,head_only
337.419,1,745,0,0,67,head_only
337.459,-1,745,0,0,68,head_only
337.531,-1,745,0,0,66,head_only
337.603,-6,743,0,0,66,head_only
337.643,-8,742,0,0,65,head_only
337.715,-10,743,0,0,65,head_only
337.787,-10,743,0,0,66,head_only
337.827,-14,742,0,0,68,head_only
337.900,-20,741,0,0,68,head_only
337.972,-20,741,0,0,68,head_only
338.012,-24,741,0,0,68,head_only
338.084,-26,742,0,0,66,head_only
338.157,-26,742,0,0,65,head_only
338.196,-28,742,0,0,65,head_only
338.269,-33,744,0,0,65,head_only
338.341,-33,744,0,0,65,head_only
338.381,-39,743,0,0,66,head_only
338.454,-43,741,0,0,65,head_only
338.525,-43,741,0,0,65,head_only
338.570,-45,741,0,0,66,head_only
338.644,-43,743,8,24,67,head_only
338.714,-43,743,8,24,67,head_only
338.753,-41,744,0,24,67,head_only
338.827,-40,744,-8,24,71,head_only
338.899,-40,744,-8,24,71,head_only
338.938,-39,745,0,21,70,head_only
339.010,-39,745,8,21,70,head_only
339.083,-42,745,0,0,68,head_only
339.123,-42,745,0,0,69,head_only
339.195,-47,744,0,0,69,head_only
339.268,-53,739,0,0,68,head_only
339.307,-53,739,0,0,68,head_only
339.380,-58,735,0,0,67,head_only
339.454,-56,736,0,0,67,head_only
339.494,-56,739,0,0,65,head_only
339.566,-56,739,0,0,64,head_only
339.638,-58,739,0,0,64,head_only
339.678,-56,741,0,0,62,head_only
339.750,-56,741,0,0,61,head_only
339.822,-54,743,0,0,61,head_only
339.862,-57,742,0,0,58,head_only
339.934,-57,742,0,0,59,head_only
340.007,-61,742,0,0,59,head_only
340.045,-65,744,0,0,61,head_only
340.118,-65,747,8,0,61,head_only
340.190,-65,747,8,0,63,head_only
340.230,-65,748,-8,0,64,head_only
340.303,-66,749,-8,0,64,head_only
340.374,-66,749,-8,0,63,head_only
340.414,-63,750,-8,0,63,head_only
340.487,-59,756,0,0,62,head_only
340.559,-59,756,0,0,61,head_only
340.604,-57,762,0,0,61,head_only
340.677,-48,766,0,0,62,head_only
340.750,-48,766,0,0,62,head_only
340.790,-35,769,0,0,64,head_only
340.862,-24,772,0,0,64,head_only
340.933,-24,772,0,0,64,head_only
340.972,-9,773,0,0,65,head_only
341.045,30,775,0,0,66,head_only
341.123,30,775,0,0,66,head_only
341.164,56,768,8,0,66,head_only
341.230,66,764,0,0,66,head_only
341.305,66,764,0,0,66,head_only
341.341,60,762,-8,0,67,head_only
341.416,54,761,0,0,67,head_only
341.486,44,758,-8,0,67,head_only
341.526,44,758,-8,21,70,head_only
341.598,35,755,0,21,70,head_only
341.672,30,751,0,0,74,head_only
341.710,30,751,0,0,74,head_only
341.784,24,750,0,0,75,head_only
341.857,20,757,0,0,76,head_only
341.898,21,764,0,0,76,head_only
341.970,21,764,0,0,77,head_only
342.041,20,767,0,0,77,head_only
342.081,18,767,0,0,77,head_only
342.153,18,767,0,0,78,head_only
342.225,15,763,-8,0,78,head_only
342.265,12,758,-8,0,77,head_only
342.337,12,758,-8,0,78,head_only
342.409,14,755,-8,0,78,head_only
342.448,18,753,-8,21,80,head_only
342.521,21,753,0,21,80,head_only
342.593,21,753,0,0,82,head_only
342.638,26,755,0,0,82,head_only
342.710,38,758,0,0,82,head_only
342.782,38,758,0,0,80,head_only
342.821,50,766,0,0,80,head_only
342.894,62,772,-8,0,77,head_only
342.967,62,772,-8,0,76,head_only
343.007,95,786,0,0,76,head_only
343.079,114,792,0,0,76,natural_typing
343.152,114,792,0,0,76,natural_typing
343.192,118,790,0,0,74,natural_typing
343.265,117,788,0,0,73,natural_typing
343.338,117,788,0,0,73,natural_typing
343.378,110,787,0,0,73,natural_typing
343.452,104,788,0,0,72,natural_typing
343.525,104,788,0,0,72,natural_typing
343.564,96,788,0,0,72,natural_typing
343.637,90,788,0,0,73,natural_typing
343.710,79,785,0,0,73,natural_typing
343.749,79,785,0,0,74,natural_typing
343.823,71,782,-8,0,75,natural_typing
343.896,71,781,0,0,75,natural_typing
343.936,71,781,0,0,76,natural_typing
344.009,70,781,0,0,76,natural_typing
344.082,71,781,8,0,73,natural_typing
344.122,76,778,0,0,73,natural_typing
344.195,76,778,0,0,73,natural_typing
344.269,84,778,0,0,73,natural_typing
344.308,99,775,0,0,73,natural_typing
344.381,99,775,0,0,74,natural_typing
344.454,119,771,0,0,74,natural_typing
344.494,176,761,0,0,76,natural_typing
344.567,185,757,0,0,78,natural_typing
344.640,185,757,0,0,78,natural_typing
344.685,179,757,0,0,78,natural_typing
344.759,172,755,0,23,78,natural_typing
344.832,172,755,0,23,78,natural_typing
344.871,170,754,0,0,78,natural_typing
344.944,164,754,0,0,79,natural_typing
345.017,164,754,0,0,79,natural_typing
345.057,161,755,0,0,79,natural_typing
345.131,161,756,0,0,80,natural_typing
345.204,161,756,0,0,80,natural_typing
345.244,167,758,-8,0,80,natural_typing
345.318,171,759,-8,0,80,natural_typing
345.390,171,759,-8,0,78,natural_typing
345.430,168,758,-8,0,77,natural_typing
345.503,164,757,0,0,77,natural_typing
345.576,164,757,0,0,75,natural_typing
345.615,163,757,0,0,75,natural_typing
345.689,166,757,0,0,73,natural_typing
345.763,169,757,0,0,71,natural_typing
345.803,169,757,0,0,71,natural_typing
345.878,172,757,0,0,69,natural_typing
345.949,175,754,0,0,69,natural_typing
345.989,174,754,0,0,69,natural_typing
346.062,174,754,0,0,68,natural_typing
346.135,172,754,0,0,68,natural_typing
346.175,167,754,0,0,68,natural_typing
346.248,167,754,0,0,67,natural_typing
346.321,161,753,0,0,67,natural_typing
346.361,154,756,0,0,66,natural_typing
346.434,149,756,0,0,65,natural_typing
346.509,149,756,0,0,65,natural_typing
346.548,145,753,0,0,63,natural_typing
346.621,141,749,0,0,63,natural_typing
346.699,141,749,0,0,60,natural_typing
346.739,134,745,8,0,60,natural_typing
346.812,129,741,8,0,60,natural_typing
346.885,129,741,8,0,59,natural_typing
346.925,124,742,8,0,60,natural_typing
346.998,118,741,8,0,60,natural_typing
347.071,118,741,8,0,61,natural_typing
347.111,113,741,0,0,61,natural_typing
347.184,111,742,0,0,63,natural_typing
347.257,111,742,0,0,63,natural_typing
347.297,110,743,0,0,63,natural_typing
347.370,111,744,-8,0,64,natural_typing
347.449,111,744,-8,0,64,natural_typing
347.483,109,744,-8,0,66,natural_typing
347.556,98,741,0,0,67,natural_typing
347.632,87,738,0,0,67,natural_typing
347.672,87,738,0,0,66,natural_typing
347.744,77,736,0,0,64,natural_typing
347.815,69,735,0,0,64,natural_typing
347.855,69,735,0,0,63,natural_typing
347.930,57,735,0,0,62,natural_typing
348.001,50,736,0,0,62,natural_typing
348.042,48,737,0,0,62,natural_typing
348.114,48,737,0,0,62,natural_typing
348.187,45,739,0,0,61,natural_typing
348.227,40,740,0,0,59,natural_typing
348.299,40,740,0,0,59,natural_typing
348.373,38,740,0,0,58,natural_typing
348.413,37,741,0,0,58,natural_typing
348.487,35,744,0,0,56,natural_typing
348.559,35,744,0,0,55,natural_typing
348.598,32,744,0,0,55,natural_typing
348.679,28,743,0,0,55,natural_typing
348.750,28,743,0,0,55,natural_typing
348.790,25,742,0,0,54,natural_typing
348.863,19,742,0,0,55,natural_typing
348.936,19,742,0,0,55,natural_typing
348.975,9,743,0,0,54,natural_typing
349.049,0,746,0,0,53,natural_typing
349.122,0,746,0,0,53,natural_typing
349.161,-6,747,0,0,53,natural_typing
349.235,-13,747,0,0,54,natural_typing
349.308,-13,747,0,0,54,natural_typing
349.354,-17,749,0,0,55,natural_typing
349.421,-18,747,0,0,55,natural_typing
349.495,-19,745,0,0,56,natural_typing
349.533,-19,745,0,0,55,natural_typing
349.611,-21,746,0,0,55,natural_typing
349.686,-27,749,0,0,55,natural_typing
349.719,-27,749,0,0,55,natural_typing
349.794,-31,749,0,0,54,natural_typing
349.868,-33,744,0,0,54,natural_typing
349.908,-39,736,0,0,54,natural_typing
349.980,-39,736,0,0,54,natural_typing
350.054,-43,733,0,0,54,natural_typing
350.094,-54,728,0,0,54,natural_typing
350.167,-54,728,0,0,55,natural_typing
350.240,-59,726,0,0,55,natural_typing
350.280,-57,727,0,0,56,natural_typing
350.353,-52,729,0,0,55,natural_typing
350.426,-52,729,0,0,55,natural_typing
350.466,-48,730,0,0,53,natural_typing
350.539,-45,731,0,0,52,natural_typing
350.612,-45,731,0,0,52,natural_typing
350.652,-41,733,0,0,52,natural_typing
350.730,-38,733,0,0,52,natural_typing
350.803,-38,733,0,0,52,natural_typing
350.842,-39,734,0,0,51,natural_typing
350.916,-42,737,0,0,51,natural_typing
350.989,-42,737,0,0,50,natural_typing
351.030,-45,739,0,0,49,natural_typing
351.102,-54,740,0,0,49,natural_typing
351.176,-54,740,0,0,46,natural_typing
351.214,-61,737,0,0,46,natural_typing
351.288,-63,729,0,0,46,natural_typing
351.359,-63,729,0,0,46,natural_typing
351.399,-65,718,0,0,46,natural_typing
351.472,-70,708,0,0,45,natural_typing
351.544,-75,676,0,0,45,natural_typing
351.584,-75,676,0,0,45,natural_typing
351.657,-71,648,0,0,46,natural_typing
351.730,-60,636,0,0,46,natural_typing
351.769,-60,636,0,0,46,natural_typing
351.841,-50,635,0,0,46,natural_typing
351.914,-28,640,0,0,46,natural_typing
351.954,16,648,8,0,47,natural_typing
352.026,16,648,8,0,48,natural_typing
352.098,57,672,0,0,48,natural_typing
352.138,101,711,0,0,47,natural_typing
352.209,101,711,0,0,47,natural_typing
352.282,73,717,0,0,47,natural_typing
352.322,60,721,0,0,47,natural_typing
352.393,60,721,0,0,47,natural_typing
352.466,113,728,0,0,45,natural_typing
352.506,231,744,0,0,45,natural_typing
352.579,328,759,0,0,45,natural_typing
352.651,328,759,0,0,45,natural_typing
352.690,242,749,0,0,43,natural_typing
352.768,203,745,0,0,43,natural_typing
352.840,203,745,0,0,43,natural_typing
352.884,182,738,0,0,44,natural_typing
352.953,152,731,0,0,44,natural_typing
353.024,152,731,0,0,44,natural_typing
353.064,54,737,0,0,44,natural_typing
353.137,-122,753,0,0,43,natural_typing
353.208,-122,753,0,0,43,natural_typing
353.248,-287,782,0,0,43,natural_typing
353.320,-442,814,0,0,43,natural_typing
353.392,-442,814,0,0,42,natural_typing
353.432,-583,848,0,0,41,natural_typing
353.504,-642,942,0,0,41,natural_typing
353.576,-642,942,0,0,41,natural_typing
353.615,-665,1024,0,0,41,natural_typing
353.689,-598,1067,0,0,41,natural_typing
353.762,-598,1067,0,0,42,natural_typing
353.801,-545,1081,-8,0,42,natural_typing
353.875,-487,1036,0,0,42,natural_typing
353.947,-373,986,0,0,42,natural_typing
353.987,-373,986,0,0,42,natural_typing
354.061,-199,952,0,0,42,natural_typing
354.134,-63,935,0,0,42,natural_typing
354.173,-63,935,0,0,42,natural_typing
354.246,41,948,0,0,42,natural_typing
354.319,126,961,0,0,42,natural_typing
354.360,181,970,0,0,42,natural_typing
354.431,181,970,0,0,43,natural_typing
354.503,222,983,0,0,43,natural_typing
354.543,112,929,0,0,44,natural_typing
354.614,112,929,0,0,44,natural_typing
354.687,59,901,0,0,45,natural_typing
354.727,27,866,0,0,45,natural_typing
354.804,24,853,0,0,45,natural_typing
354.876,24,853,0,0,47,natural_typing
354.915,29,849,0,0,47,natural_typing
354.988,32,843,0,0,48,natural_typing
355.060,32,843,0,0,50,natural_typing
355.101,28,828,0,0,50,natural_typing
355.173,27,816,0,0,50,natural_typing
355.245,27,816,0,0,50,natural_typing
355.284,21,809,0,0,51,natural_typing
355.358,18,809,-8,0,51,natural_typing
355.429,18,809,-8,0,51,natural_typing
355.468,11,809,0,0,51,natural_typing
355.546,4,808,0,0,51,natural_typing
355.613,4,808,0,0,51,natural_typing
355.652,-6,808,8,0,52,natural_typing
355.725,-13,807,0,0,53,natural_typing
355.797,-13,807,0,0,53,natural_typing
355.836,-15,805,0,0,53,natural_typing
355.911,-15,802,0,0,53,natural_typing
355.981,-15,802,0,0,52,natural_typing
356.020,-12,800,0,0,52,natural_typing
356.093,-12,800,0,0,52,natural_typing
356.167,-11,801,0,0,52,natural_typing
356.205,-11,801,0,0,52,natural_typing
356.278,-16,798,0,0,52,natural_typing
356.351,-22,794,0,0,52,natural_typing
356.391,-22,794,0,0,52,natural_typing
356.463,-26,789,0,0,53,natural_typing
356.536,-36,782,0,0,53,natural_typing
356.576,-36,782,0,0,53,natural_typing
356.649,-52,774,0,0,54,natural_typing
356.721,-102,755,0,0,54,natural_typing
356.761,-132,750,0,0,55,natural_typing
356.838,-132,750,0,0,55,natural_typing
356.910,-126,748,0,0,55,natural_typing
356.950,-124,747,0,0,56,natural_typing
357.022,-124,747,0,0,56,natural_typing
357.094,-123,749,0,0,57,natural_typing
357.134,-126,747,0,0,57,natural_typing
357.209,-126,740,0,0,57,natural_typing
357.278,-126,740,0,0,58,natural_typing
357.317,-122,736,0,0,58,natural_typing
357.390,-119,732,0,0,58,natural_typing
357.462,-119,732,0,0,59,natural_typing
357.503,-115,729,0,0,59,natural_typing
357.575,-114,727,0,0,60,natural_typing
357.647,-114,727,0,0,60,natural_typing
357.686,-114,726,0,25,62,natural_typing
357.759,-112,728,-8,0,64,natural_typing
357.831,-112,728,-8,0,64,natural_typing
357.871,-109,729,-8,0,65,natural_typing
357.943,-106,731,-8,0,67,natural_typing
358.015,-106,731,-8,0,67,natural_typing
358.054,-104,728,-8,0,68,natural_typing
358.127,-103,728,-8,0,71,natural_typing
358.203,-103,728,-8,0,71,natural_typing
358.239,-102,727,0,0,72,natural_typing
358.311,-100,730,-8,0,72,natural_typing
358.384,-100,730,-8,0,73,natural_typing
358.422,-96,731,-8,0,72,natural_typing
358.497,-89,730,-8,0,72,natural_typing
358.569,-89,730,-8,0,71,natural_typing
358.607,-86,726,-8,0,71,natural_typing
358.680,-82,725,0,0,70,natural_typing
358.753,-80,724,0,0,70,natural_typing
358.793,-80,724,0,0,70,natural_typing
358.871,-81,723,0,0,68,natural_typing
358.943,-82,724,0,0,68,natural_typing
358.984,-81,730,-8,0,67,natural_typing
359.056,-81,730,-8,0,66,natural_typing
359.128,-79,738,-8,0,66,natural_typing
359.169,-74,746,-8,0,66,natural_typing
359.240,-74,746,-8,0,66,natural_typing
359.312,-62,750,-8,0,66,natural_typing
359.352,-55,750,0,0,67,natural_typing
359.424,-55,750,0,0,68,natural_typing
359.496,-49,747,0,0,68,natural_typing
359.536,-48,743,0,0,69,natural_typing
359.608,-51,741,0,0,69,natural_typing
359.680,-51,741,0,0,69,natural_typing
359.719,-53,739,0,0,69,natural_typing
359.792,-49,737,0,0,69,natural_typing
359.864,-49,737,0,0,68,natural_typing
359.904,-39,735,0,0,68,natural_typing
359.977,-29,733,0,0,69,natural_typing
360.049,-29,733,0,0,69,natural_typing
360.088,-25,729,0,0,68,natural_typing
360.161,-31,723,0,0,67,natural_typing
360.233,-31,723,0,0,67,natural_typing
360.272,-36,717,0,0,69,natural_typing
360.346,-44,711,0,0,70,natural_typing
360.417,-44,711,0,0,70,natural_typing
360.456,-30,714,0,0,71,natural_typing
360.530,-16,718,0,0,70,natural_typing
360.601,-16,718,0,0,70,natural_typing
360.641,-6,722,0,0,70,natural_typing
360.713,7,725,8,0,70,natural_typing
360.786,7,725,8,0,69,natural_typing
360.825,38,730,0,0,68,natural_typing
360.902,23,725,0,0,68,natural_typing
360.975,12,723,0,0,68,natural_typing
361.015,12,723,0,0,68,natural_typing
361.087,1,718,0,0,68,natural_typing
361.160,-5,711,0,0,68,natural_typing
361.201,-5,711,0,0,68,natural_typing
361.273,-6,712,0,0,69,natural_typing
361.345,-5,714,0,0,69,natural_typing
361.386,-6,715,0,0,70,natural_typing
361.458,-6,715,0,0,71,natural_typing
361.530,-3,717,0,0,71,natural_typing
361.572,-3,718,0,0,70,natural_typing
361.642,-3,718,0,0,69,natural_typing
361.714,-3,718,0,0,69,natural_typing
361.753,-4,718,0,0,67,natural_typing
361.826,-4,718,0,0,67,natural_typing
361.898,-7,717,0,0,67,natural_typing
361.937,-11,718,0,0,65,natural_typing
362.010,-14,717,0,0,65,natural_typing
362.082,-14,717,0,0,65,natural_typing
362.121,-13,713,0,0,65,natural_typing
362.195,-12,713,0,0,63,natural_typing
362.266,-12,713,0,0,62,natural_typing
362.310,-13,714,0,0,62,natural_typing
362.379,-14,715,0,0,62,natural_typing
362.453,-14,715,0,0,62,natural_typing
362.490,-19,716,0,0,62,natural_typing
362.563,-25,715,0,0,81,natural_typing
362.635,-25,715,0,0,81,natural_typing
362.674,-35,712,0,0,81,natural_typing
362.747,-44,709,0,0,81,natural_typing
362.819,-44,709,0,0,81,natural_typing
362.858,-50,708,0,0,81,natural_typing
362.937,-53,708,0,0,63,natural_typing
363.009,-53,708,0,0,63,natural_typing
363.048,-54,704,0,0,63,natural_typing
363.120,-53,700,0,0,63,natural_typing
363.192,-53,700,0,0,63,natural_typing
363.231,-51,696,0,0,63,natural_typing
363.304,-53,694,0,0,63,natural_typing
363.376,-55,692,0,0,63,natural_typing
363.416,-55,692,0,0,63,natural_typing
363.490,-55,690,0,0,62,natural_typing
363.563,-53,689,0,0,60,natural_typing
363.602,-53,689,0,0,60,natural_typing
363.676,-49,689,0,0,59,natural_typing
363.749,-47,690,0,0,59,natural_typing
363.788,-45,692,0,0,60,natural_typing
363.861,-45,692,0,0,60,natural_typing
363.933,-40,695,0,0,60,natural_typing
363.972,-32,698,0,0,60,natural_typing
364.045,-32,698,0,0,62,natural_typing
364.117,-23,703,0,0,62,natural_typing
364.156,-11,709,0,0,63,natural_typing
364.228,-11,709,0,0,62,natural_typing
364.301,-2,716,0,0,62,natural_typing
364.341,4,724,0,0,63,natural_typing
364.412,14,730,0,0,63,natural_typing
364.485,14,730,0,0,65,natural_typing
364.525,20,737,0,0,69,natural_typing
364.597,29,742,0,0,69,natural_typing
364.669,29,742,0,0,81,natural_typing
364.710,42,742,0,0,81,natural_typing
364.784,57,740,0,0,84,natural_typing
364.855,57,740,0,0,85,natural_typing
364.894,92,733,0,0,85,natural_typing
364.972,109,732,0,0,88,natural_typing
365.044,109,732,0,0,88,natural_typing
365.084,112,731,0,0,88,natural_typing
365.156,115,731,0,0,90,natural_typing
365.228,115,731,0,0,90,natural_typing
365.267,116,734,0,0,89,natural_typing
365.341,116,737,0,0,88,natural_typing
365.412,116,737,0,0,88,natural_typing
365.451,112,736,0,0,87,natural_typing
365.524,110,736,0,0,87,natural_typing
365.602,110,736,0,0,87,natural_typing
365.635,111,739,-8,0,86,natural_typing
365.709,113,740,0,0,86,natural_typing
365.781,115,740,0,0,86,natural_typing
365.822,115,740,0,0,83,natural_typing
365.894,116,739,0,0,83,natural_typing
365.968,115,737,0,0,83,natural_typing
366.008,115,737,0,0,83,natural_typing
366.081,110,736,-8,0,81,natural_typing
366.153,104,734,-8,0,81,natural_typing
366.193,92,731,0,0,81,natural_typing
366.265,92,731,0,0,81,natural_typing
366.337,78,728,0,0,81,natural_typing
366.376,70,725,0,0,81,natural_typing
366.449,70,725,0,0,69,natural_typing
366.521,62,724,0,0,69,natural_typing
366.560,56,724,0,0,71,natural_typing
366.633,56,724,0,0,70,natural_typing
366.705,54,725,0,0,70,natural_typing
366.744,52,721,0,0,81,natural_typing
366.817,45,718,0,0,81,natural_typing
366.889,45,718,0,0,82,natural_typing
366.929,42,715,0,0,85,natural_typing
367.006,44,714,0,0,85,natural_typing
367.077,44,714,0,0,86,natural_typing
367.117,43,715,0,0,86,natural_typing
367.190,44,715,0,0,90,natural_typing
367.262,44,715,0,0,93,natural_typing
367.303,49,711,0,0,93,natural_typing
367.375,54,708,0,0,95,natural_typing
367.447,54,708,0,0,95,natural_typing
367.486,63,703,0,0,97,natural_typing
367.559,78,693,0,0,97,natural_typing
367.633,78,693,0,0,97,natural_typing
367.670,66,690,0,0,99,natural_typing
367.743,64,689,0,0,99,natural_typing
367.815,64,689,0,0,99,natural_typing
367.854,69,687,8,0,100,natural_typing
367.927,70,684,0,0,100,natural_typing
367.998,70,684,0,0,100,natural_typing
368.038,56,690,0,0,100,natural_typing
368.110,42,699,0,0,100,natural_typing
368.183,42,712,0,0,100,natural_typing
368.224,42,712,0,0,100,natural_typing
368.295,49,723,0,0,100,natural_typing
368.369,62,735,-8,0,100,natural_typing
368.408,62,735,-8,0,100,natural_typing
368.481,76,742,0,0,100,natural_typing
368.555,88,748,8,0,100,natural_typing
368.595,92,752,0,0,100,natural_typing
368.667,92,752,0,0,100,natural_typing
368.739,89,754,0,0,100,natural_typing
368.778,81,756,0,0,100,natural_typing
368.851,81,756,0,0,100,natural_typing
368.924,76,759,0,0,100,natural_typing
368.962,72,761,0,0,98,natural_typing
369.040,68,764,0,0,97,natural_typing
369.112,68,764,0,0,97,natural_typing
369.151,68,765,0,0,96,natural_typing
369.224,69,773,0,0,97,natural_typing
369.297,69,773,0,0,97,natural_typing
369.336,72,785,0,0,98,natural_typing
369.408,77,796,0,0,98,natural_typing
369.481,77,796,0,0,97,natural_typing
369.519,80,801,0,0,97,natural_typing
369.592,83,804,0,0,98,natural_typing
369.664,83,804,0,0,99,natural_typing
369.704,92,808,8,0,99,natural_typing
369.777,97,809,0,0,98,natural_typing
369.849,97,809,0,0,98,natural_typing
369.888,98,808,0,0,98,natural_typing
369.961,95,804,0,0,97,natural_typing
370.033,95,804,0,0,97,natural_typing
370.072,91,795,0,0,98,natural_typing
370.145,84,782,0,0,98,natural_typing
370.216,84,782,0,0,98,natural_typing
370.256,76,772,0,0,97,natural_typing
370.329,69,764,0,0,96,natural_typing
370.401,69,764,0,0,96,natural_typing
370.440,62,756,0,0,98,natural_typing
370.513,57,750,0,0,98,natural_typing
370.585,56,744,0,0,99,natural_typing
370.625,56,744,0,0,98,natural_typing
370.697,61,739,0,0,98,natural_typing
370.771,65,738,0,0,97,natural_typing
370.810,65,738,0,0,97,natural_typing
370.883,65,737,0,0,97,natural_typing
370.956,62,737,0,0,96,natural_typing
370.996,57,736,0,0,96,natural_typing
371.073,57,736,0,0,94,natural_typing
371.145,53,734,0,0,94,natural_typing
371.186,51,732,0,0,90,natural_typing
371.258,51,732,0,0,89,natural_typing
371.330,48,730,0,0,89,natural_typing
371.375,44,727,0,0,87,natural_typing
371.443,45,726,0,0,86,natural_typing
371.514,45,726,0,0,86,natural_typing
371.553,49,724,0,0,88,natural_typing
371.627,51,720,0,0,87,natural_typing
371.698,51,720,0,0,87,natural_typing
371.737,47,717,0,0,85,natural_typing
371.812,41,709,-8,0,85,natural_typing
371.882,41,709,-8,0,87,natural_typing
371.921,35,704,0,0,86,natural_typing
371.993,27,700,0,0,86,natural_typing
372.066,27,700,0,0,85,natural_typing
372.106,22,697,0,0,85,natural_typing
372.179,21,693,0,28,86,natural_typing
372.251,21,693,0,28,86,natural_typing
372.290,25,688,-8,0,85,natural_typing
372.363,30,686,0,0,85,natural_typing
372.435,30,686,0,0,85,natural_typing
372.474,34,685,0,0,83,natural_typing
372.547,34,686,0,0,83,natural_typing
372.619,34,686,0,0,83,natural_typing
372.659,32,686,0,0,75,natural_typing
372.731,31,687,0,0,81,natural_typing
372.803,31,687,0,0,81,natural_typing
372.842,30,687,0,0,84,natural_typing
372.915,30,686,0,0,84,natural_typing
372.987,29,684,0,0,87,natural_typing
373.027,29,684,0,22,90,natural_typing
373.106,27,681,0,22,90,natural_typing
373.178,23,677,0,0,92,natural_typing
373.218,23,677,0,0,92,natural_typing
373.297,20,671,0,0,94,natural_typing
373.366,19,662,0,0,95,natural_typing
373.404,21,655,0,0,95,natural_typing
373.476,21,655,0,0,95,natural_typing
373.549,20,651,0,0,95,natural_typing
373.589,22,651,0,0,96,natural_typing
373.661,22,651,0,0,97,natural_typing
373.732,21,654,0,0,97,natural_typing
373.772,17,661,0,0,95,natural_typing
373.845,14,666,0,0,95,natural_typing
373.917,14,666,0,0,95,natural_typing
373.956,11,669,0,0,95,natural_typing
374.029,8,675,0,0,96,natural_typing
374.100,8,675,0,0,96,natural_typing
374.141,6,678,0,0,98,natural_typing
374.213,6,678,0,0,98,natural_typing
374.287,6,678,0,0,100,natural_typing
374.325,8,674,0,0,100,natural_typing
374.396,10,666,0,0,100,natural_typing
374.469,10,666,0,0,100,natural_typing
374.510,17,657,0,0,100,natural_typing
374.582,24,654,0,0,100,natural_typing
374.656,24,654,0,0,100,natural_typing
374.694,29,655,0,0,100,natural_typing
374.767,31,655,0,0,100,natural_typing
374.839,31,655,0,0,100,natural_typing
374.878,29,653,0,0,100,natural_typing
374.954,25,656,0,0,100,natural_typing
375.023,25,656,0,0,100,natural_typing
375.062,22,660,0,0,100,natural_typing
375.140,15,658,0,0,100,natural_typing
375.212,2,657,0,0,100,natural_typing
375.254,2,657,0,0,100,natural_typing
375.325,-14,655,0,0,100,natural_typing
375.397,-30,653,0,0,100,natural_typing
375.438,-30,653,0,0,100,natural_typing
375.510,-40,651,0,0,100,natural_typing
375.582,-37,652,0,0,100,natural_typing
375.623,-32,654,0,0,100,natural_typing
375.694,-32,654,0,0,100,natural_typing
375.767,-27,655,0,0,100,natural_typing
375.808,-21,657,0,0,100,natural_typing
375.880,-21,657,0,0,100,natural_typing
375.952,-16,660,0,0,100,natural_typing
375.991,-12,661,0,0,100,natural_typing
376.064,-12,661,0,0,100,natural_typing
376.136,-10,659,0,0,100,natural_typing
376.175,-9,655,0,0,100,natural_typing
376.248,-8,653,0,0,100,natural_typing
376.322,-8,653,0,0,100,natural_typing
376.359,-6,652,0,0,100,natural_typing
376.432,-5,653,0,0,100,natural_typing
376.504,-5,653,0,0,100,natural_typing
376.543,-5,655,0,0,100,natural_typing
376.615,-2,657,0,0,100,natural_typing
376.687,-2,657,0,0,100,natural_typing
376.728,5,662,0,0,100,natural_typing
376.799,9,663,0,0,100,natural_typing
376.872,9,663,0,0,100,natural_typing
376.911,10,659,0,0,100,natural_typing
376.983,11,654,0,0,99,natural_typing
377.056,11,654,0,0,96,natural_typing
377.095,12,651,0,0,96,natural_typing
377.173,12,647,0,0,95,natural_typing
377.247,12,647,0,0,95,natural_typing
377.284,10,642,0,0,93,natural_typing
377.358,9,639,0,0,93,natural_typing
377.428,9,639,0,0,93,natural_typing
377.468,12,641,0,0,94,natural_typing
377.541,13,646,0,0,93,natural_typing
377.613,12,648,0,0,93,natural_typing
377.653,12,648,0,0,92,natural_typing
377.726,14,652,0,0,94,natural_typing
377.799,21,656,0,0,94,natural_typing
377.838,21,656,0,0,94,natural_typing
377.910,23,658,0,0,94,natural_typing
377.983,30,659,0,0,95,natural_typing
378.023,30,659,0,0,96,natural_typing
378.095,35,659,0,0,96,natural_typing
378.168,39,658,0,0,95,natural_typing
378.209,41,652,-8,0,95,natural_typing
378.280,41,652,-8,0,93,natural_typing
378.352,46,647,0,0,93,natural_typing
378.392,47,642,0,0,92,natural_typing
378.465,47,642,0,0,91,natural_typing
378.537,46,632,0,0,91,natural_typing
378.577,43,624,0,0,91,natural_typing
378.649,40,621,-8,0,89,natural_typing
378.721,40,621,-8,0,89,natural_typing
378.760,39,619,0,0,89,natural_typing
378.833,37,618,0,0,89,natural_typing
378.905,37,618,0,0,89,natural_typing
378.945,38,619,0,0,87,natural_typing
379.021,38,618,0,0,87,natural_typing
379.089,38,618,0,0,86,natural_typing
379.128,39,615,0,0,86,natural_typing
379.206,41,614,0,0,86,natural_typing
379.278,41,614,0,0,84,natural_typing
379.317,42,610,0,0,84,natural_typing
379.389,46,608,0,0,84,natural_typing
379.462,46,608,0,0,50,natural_typing
379.502,47,607,0,0,50,natural_typing
379.574,46,605,0,0,49,natural_typing
379.646,46,605,0,0,49,natural_typing
379.686,44,603,0,0,47,natural_typing
379.759,39,603,0,0,47,natural_typing
379.830,39,603,0,0,47,natural_typing
379.870,37,605,0,0,47,natural_typing
379.943,33,609,0,0,47,natural_typing
380.015,27,611,0,0,47,natural_typing
380.055,27,611,0,0,47,natural_typing
380.128,18,610,0,0,47,natural_typing
380.200,8,608,0,0,47,natural_typing
380.241,8,608,0,0,47,natural_typing
380.312,2,606,0,0,47,natural_typing
380.385,-4,604,0,0,46,natural_typing
380.426,-4,604,0,0,46,natural_typing
380.497,-2,607,0,0,46,natural_typing
380.570,5,611,0,0,47,natural_typing
380.609,9,616,0,0,47,natural_typing
380.682,9,616,0,0,48,natural_typing
380.754,16,622,0,0,49,natural_typing
380.794,9,628,0,0,49,natural_typing
380.866,9,628,0,0,49,natural_typing
380.939,0,633,0,0,49,natural_typing
380.978,7,639,0,0,50,natural_typing
381.051,14,639,0,0,52,natural_typing
381.122,14,639,0,0,52,natural_typing
381.162,28,643,0,0,52,natural_typing
381.240,39,647,0,0,52,natural_typing
381.311,39,647,0,0,52,natural_typing
381.351,31,655,0,0,54,natural_typing
381.424,26,662,0,0,81,natural_typing
381.497,26,662,0,0,81,natural_typing
381.536,17,666,0,0,82,natural_typing
381.609,10,667,-8,0,82,natural_typing
381.680,10,667,-8,0,82,natural_typing
381.720,4,669,0,0,82,natural_typing
381.793,0,668,0,0,81,natural_typing
381.865,0,668,0,0,57,natural_typing
381.904,-7,667,0,0,57,natural_typing
381.977,-17,668,0,0,57,natural_typing
382.049,-17,668,0,0,57,natural_typing
382.088,-30,669,0,0,56,natural_typing
382.161,-42,668,0,0,55,natural_typing
382.233,-42,668,0,0,55,natural_typing
382.272,-45,664,0,0,54,natural_typing
382.345,-45,659,0,0,54,natural_typing
382.416,-45,653,0,0,54,natural_typing
382.457,-45,653,0,0,55,natural_typing
382.530,-42,652,8,0,56,natural_typing
382.602,-38,655,8,0,56,natural_typing
382.643,-38,655,8,0,56,natural_typing
382.714,-34,656,0,0,56,natural_typing
382.787,-30,650,0,0,55,natural_typing
382.828,-30,650,0,0,55,natural_typing
382.899,-27,646,0,0,55,natural_typing
382.972,-25,645,0,0,54,natural_typing
383.013,-25,649,0,0,54,natural_typing
383.085,-25,649,0,0,53,natural_typing
383.157,-27,657,0,0,52,natural_typing
383.197,-29,669,8,0,52,natural_typing
383.275,-30,678,0,0,49,natural_typing
383.347,-30,678,0,0,49,natural_typing
383.386,-31,681,0,0,46,natural_typing
383.458,-30,681,0,0,47,natural_typing
383.530,-30,681,0,0,47,natural_typing
383.570,-28,679,0,0,46,natural_typing
383.643,-24,678,0,0,48,natural_typing
383.715,-24,678,0,0,48,natural_typing
383.754,-21,675,0,0,48,natural_typing
383.827,-19,667,0,0,50,natural_typing
383.899,-19,667,0,0,50,natural_typing
383.938,-21,661,0,0,52,natural_typing
384.011,-24,662,0,0,52,natural_typing
384.083,-24,662,0,0,53,natural_typing
384.123,-29,662,-8,0,55,natural_typing
384.195,-33,659,0,0,55,natural_typing
384.267,-33,659,0,23,58,natural_typing
384.307,-32,658,0,23,58,natural_typing
384.380,-34,658,0,0,58,natural_typing
384.451,-34,658,0,0,58,natural_typing
384.491,-31,656,0,0,59,natural_typing
384.564,-30,651,0,0,59,natural_typing
384.636,-30,651,0,0,59,natural_typing
384.675,-29,649,0,0,60,natural_typing
384.748,-27,649,0,0,63,natural_typing
384.820,-25,648,0,0,63,natural_typing
384.860,-25,648,0,0,82,natural_typing
384.932,-21,648,0,0,83,natural_typing
385.005,-19,650,0,0,83,natural_typing
385.045,-19,650,0,0,63,natural_typing
385.117,-17,651,8,0,63,natural_typing
385.190,-17,651,0,0,63,natural_typing
385.230,-17,651,0,0,61,natural_typing
385.307,-20,650,0,0,61,natural_typing
385.380,-28,650,0,0,61,natural_typing
385.419,-32,650,0,0,61,natural_typing
385.491,-32,650,0,0,61,natural_typing
385.565,-28,651,0,0,60,natural_typing
385.604,-25,651,0,0,60,natural_typing
385.676,-25,651,0,0,63,natural_typing
385.749,-25,652,0,0,63,natural_typing
385.788,-27,654,8,0,65,natural_typing
385.861,-31,658,0,0,65,natural_typing
385.932,-31,658,0,0,65,natural_typing
385.972,-35,661,0,0,68,natural_typing
386.045,-38,663,0,0,83,natural_typing
386.117,-38,663,0,0,83,natural_typing
386.156,-39,666,0,0,84,natural_typing
386.230,-43,670,0,0,86,natural_typing
386.300,-43,670,0,0,86,natural_typing
386.340,-44,672,0,0,89,natural_typing
386.412,-43,670,0,0,89,natural_typing
386.484,-43,670,0,0,88,natural_typing
386.524,-42,669,0,0,88,natural_typing
386.596,-42,671,0,0,88,natural_typing
386.669,-42,671,0,0,86,natural_typing
386.710,-42,672,0,0,86,natural_typing
386.783,-39,675,0,0,86,natural_typing
386.854,-39,675,0,0,85,natural_typing
386.894,-37,682,8,0,85,natural_typing
386.967,-34,684,0,0,84,natural_typing
387.038,-34,684,0,0,84,natural_typing
387.078,-34,685,0,0,83,natural_typing
387.151,-39,685,0,0,83,natural_typing
387.223,-45,684,0,0,83,natural_typing
387.263,-45,684,0,0,84,natural_typing
387.340,-56,684,0,0,85,natural_typing
387.413,-64,684,0,0,85,natural_typing
387.454,-64,684,0,0,83,natural_typing
387.528,-63,685,0,0,84,natural_typing
387.598,-61,684,0,0,84,natural_typing
387.639,-59,685,0,0,83,natural_typing
387.714,-59,685,0,0,83,natural_typing
387.782,-59,685,0,0,84,natural_typing
387.823,-57,684,0,0,82,natural_typing
387.895,-57,684,0,0,82,natural_typing
387.967,-50,685,0,0,81,natural_typing
388.007,-46,685,0,0,81,natural_typing
388.080,-46,685,0,0,72,natural_typing
388.152,-43,685,0,0,72,natural_typing
388.192,-43,684,0,0,70,natural_typing
388.264,-47,682,0,0,68,natural_typing
388.336,-47,682,0,0,68,natural_typing
388.375,-58,680,0,0,69,natural_typing
388.448,-68,678,0,0,68,natural_typing
388.520,-68,678,0,0,68,natural_typing
388.559,-67,670,0,0,67,natural_typing
388.632,-65,664,0,0,66,natural_typing
388.704,-65,664,0,0,66,natural_typing
388.743,-62,658,0,0,65,natural_typing
388.815,-59,654,0,0,65,natural_typing
388.888,-59,654,0,0,61,natural_typing
388.927,-58,651,0,0,59,natural_typing
388.999,-57,651,0,0,59,natural_typing
389.072,-57,651,0,0,59,natural_typing
389.112,-58,655,0,0,59,natural_typing
389.185,-62,664,0,0,59,natural_typing
389.257,-62,664,0,0,60,natural_typing
389.297,-65,673,0,0,60,natural_typing
389.375,-64,672,0,0,60,natural_typing
389.447,-65,670,0,0,60,natural_typing
389.487,-65,670,0,0,59,natural_typing
389.560,-65,670,0,0,59,natural_typing
389.632,-65,669,0,0,59,natural_typing
389.672,-65,669,0,0,56,natural_typing
389.745,-65,667,0,0,54,natural_typing
389.817,-59,664,0,0,54,natural_typing
389.857,-59,664,0,21,57,natural_typing
389.930,-56,665,0,0,57,natural_typing
390.003,-59,669,0,0,57,natural_typing
390.042,-62,673,0,0,57,natural_typing
390.114,-62,673,0,0,57,natural_typing
390.186,-63,680,0,0,56,natural_typing
390.227,-66,686,0,0,58,natural_typing
390.298,-66,686,0,0,58,natural_typing
390.371,-67,690,0,0,59,natural_typing
390.412,-67,690,0,0,59,natural_typing
390.483,-63,691,0,0,61,natural_typing
390.556,-63,691,0,0,63,natural_typing
390.597,-52,691,8,0,63,natural_typing
390.669,-45,689,0,0,65,natural_typing
390.741,-45,689,0,0,65,natural_typing
390.783,-45,688,0,0,66,natural_typing
390.853,-45,688,0,0,67,natural_typing
390.924,-45,688,0,0,67,natural_typing
390.969,-42,686,0,0,67,natural_typing
391.037,-42,685,0,0,67,natural_typing
391.110,-42,685,0,0,67,natural_typing
391.148,-42,684,0,0,68,natural_typing
391.221,-42,686,0,0,68,natural_typing
391.293,-42,686,0,0,69,natural_typing
391.332,-42,687,0,0,71,natural_typing
391.409,-43,687,0,0,71,natural_typing
391.481,-43,687,0,0,82,natural_typing
391.525,-41,687,0,0,83,natural_typing
391.593,-38,688,0,0,83,natural_typing
391.666,-38,688,0,0,83,natural_typing
391.706,-35,686,0,0,83,natural_typing
391.779,-36,683,0,0,83,natural_typing
391.851,-38,684,0,0,83,natural_typing
391.891,-38,684,0,0,82,natural_typing
391.963,-47,686,0,0,82,natural_typing
392.036,-59,685,0,0,82,natural_typing
392.076,-59,685,0,0,81,natural_typing
392.149,-72,684,0,0,81,natural_typing
392.221,-87,676,0,0,81,natural_typing
392.261,-87,676,0,0,81,natural_typing
392.333,-101,668,0,0,72,natural_typing
392.406,-109,662,0,0,72,natural_typing
392.445,-117,657,0,0,81,natural_typing
392.518,-117,657,0,0,81,natural_typing
392.591,-119,656,0,0,82,natural_typing
392.630,-117,653,0,0,82,natural_typing
392.701,-117,653,0,0,82,natural_typing
392.774,-109,650,0,0,83,natural_typing
392.813,-84,643,0,0,83,natural_typing
392.885,-55,635,0,0,84,natural_typing
392.958,-55,635,0,0,85,natural_typing
392.999,-31,628,0,0,85,natural_typing
393.070,-27,622,0,0,84,natural_typing
393.142,-27,622,0,0,84,natural_typing
393.182,-29,619,0,0,83,natural_typing
393.255,-31,617,-8,0,82,natural_reach
393.327,-31,617,-8,0,82,natural_reach
393.367,-33,621,0,0,81,natural_reach
393.446,-35,629,0,0,81,natural_reach
393.519,-35,629,0,0,81,natural_reach
393.558,-46,671,0,0,81,natural_reach
393.632,-59,709,0,0,73,natural_reach
393.704,-59,709,0,0,73,natural_reach
393.744,-39,714,0,0,73,natural_reach
393.817,-37,701,0,0,73,natural_reach
393.890,-37,701,0,0,70,natural_reach
393.930,-34,697,0,0,68,natural_reach
394.003,-31,696,0,0,68,natural_reach
394.076,-28,696,0,0,66,natural_reach
394.116,-28,696,0,0,66,natural_reach
394.189,-24,696,0,0,65,natural_reach
394.263,-22,701,0,0,61,natural_reach
394.303,-22,701,0,0,61,natural_reach
394.377,-19,705,0,0,58,natural_reach
394.449,-19,705,0,0,58,natural_reach
394.489,-23,704,0,0,55,natural_reach
394.563,-23,704,0,0,54,natural_reach
394.635,-26,700,0,0,54,natural_reach
394.675,-23,694,8,0,52,natural_reach
394.749,-23,694,8,0,49,natural_reach
394.823,-20,691,0,0,49,natural_reach
394.861,-19,690,0,0,50,natural_reach
394.935,-20,692,0,0,51,natural_reach
395.007,-20,692,0,0,51,natural_reach
395.047,-24,694,0,0,51,natural_reach
395.121,-24,697,0,0,51,natural_reach
395.193,-24,697,0,0,52,natural_reach
395.233,-24,697,8,0,52,natural_reach
395.307,-22,698,0,0,52,natural_reach
395.379,-22,698,0,0,51,natural_reach
395.419,-18,699,0,0,51,natural_reach
395.497,-18,700,8,0,52,natural_reach
395.571,-18,700,8,0,52,natural_reach
395.610,-14,700,0,0,52,natural_reach
395.683,0,700,0,0,54,natural_reach
395.756,0,700,0,0,53,natural_reach
395.796,13,701,0,0,53,natural_reach
395.869,13,702,0,0,55,natural_reach
395.941,13,702,0,0,55,natural_reach
395.981,15,704,0,0,55,natural_reach
396.055,21,705,-8,0,56,natural_reach
396.128,32,704,8,0,56,natural_reach
396.167,32,704,8,0,56,natural_reach
396.240,46,702,8,0,56,natural_reach
396.313,60,700,8,0,56,natural_reach
396.353,60,700,8,0,55,natural_reach
396.426,67,700,0,0,55,natural_reach
396.499,65,699,0,0,55,natural_reach
396.540,56,700,0,0,55,natural_reach
396.611,56,700,0,0,55,natural_reach
396.684,47,699,0,21,57,natural_reach
396.725,41,699,0,0,58,natural_reach
396.796,41,699,0,0,58,natural_reach
396.870,37,700,0,0,59,natural_reach
396.909,36,705,0,0,59,natural_reach
396.982,35,710,0,0,60,natural_reach
397.055,35,710,0,0,63,natural_reach
397.095,35,714,0,0,63,natural_reach
397.168,33,714,8,0,64,natural_reach
397.240,33,714,8,0,64,natural_reach
397.280,28,715,0,0,64,natural_reach
397.354,18,718,0,0,64,natural_reach
397.425,18,718,0,0,64,natural_reach
397.466,9,719,0,0,66,natural_reach
397.544,9,715,0,0,68,natural_reach
397.616,9,715,0,0,68,natural_reach
397.656,12,711,0,0,70,natural_reach
397.729,13,708,0,0,71,natural_reach
397.801,13,708,0,0,71,natural_reach
397.841,14,707,0,0,72,natural_reach
397.913,18,710,0,0,72,natural_reach
397.989,18,710,0,0,73,natural_reach
398.026,20,712,0,0,73,natural_reach
398.099,19,711,0,0,73,natural_reach
398.173,18,709,0,0,74,natural_reach
398.213,18,709,0,0,74,natural_reach
398.285,12,705,0,0,75,natural_reach
398.359,9,698,0,0,75,natural_reach
398.398,9,698,0,0,75,natural_reach
398.471,8,692,0,0,75,natural_reach
398.544,7,688,0,0,75,natural_reach
398.585,7,684,0,0,74,natural_reach
398.657,7,684,0,0,74,natural_reach
398.730,5,679,0,0,74,natural_reach
398.770,7,672,0,0,76,natural_reach
398.843,7,672,0,0,76,natural_reach
398.916,16,668,0,0,76,natural_reach
398.956,22,665,0,0,75,natural_reach
399.029,23,662,0,0,77,natural_reach
399.102,23,662,0,0,77,natural_reach
399.141,22,658,0,0,75,natural_reach
399.215,20,657,0,0,75,natural_reach
399.287,20,657,0,0,75,natural_reach
399.328,18,656,0,0,76,natural_reach
399.401,18,654,0,0,76,natural_reach
399.474,18,654,0,0,73,natural_reach
399.514,19,653,0,0,73,natural_reach
399.592,19,653,0,0,73,natural_reach
399.665,19,653,0,0,70,natural_reach
399.705,17,656,0,0,70,natural_reach
399.780,15,656,0,0,70,natural_reach
399.851,15,656,0,0,70,natural_reach
399.891,13,653,0,0,70,natural_reach
399.965,12,650,0,0,71,natural_reach
400.039,10,648,0,0,71,natural_reach
400.082,10,648,0,0,73,natural_reach
400.150,10,648,0,0,75,natural_reach
400.224,9,648,0,0,75,natural_reach
400.263,9,648,0,0,78,natural_reach
400.341,9,647,0,0,79,natural_reach
400.409,9,646,0,0,79,natural_reach
400.449,10,646,0,0,78,natural_reach
400.522,10,646,0,0,78,natural_reach
400.595,13,648,0,0,78,natural_reach
400.636,16,649,0,0,78,natural_reach
400.708,16,649,0,0,78,natural_reach
400.781,21,650,0,0,77,natural_reach
400.822,24,653,0,0,74,natural_reach
400.894,22,662,0,0,74,natural_reach
400.967,22,662,0,0,74,natural_reach
401.007,18,669,0,0,74,natural_reach
401.080,15,670,0,0,72,natural_reach
401.153,15,670,0,0,72,natural_reach
401.198,10,673,0,0,69,natural_reach
401.270,7,675,0,0,69,natural_reach
401.348,7,675,0,0,69,natural_reach
401.385,4,676,0,0,69,natural_reach
401.457,-1,675,0,0,68,natural_reach
401.524,-1,675,0,0,68,natural_reach
401.564,-4,677,0,0,66,natural_reach
401.642,-2,678,0,0,66,natural_reach
401.713,-2,678,0,0,66,natural_reach
401.753,-3,679,0,0,65,natural_reach
401.826,-7,679,0,0,64,natural_reach
401.897,-7,679,0,0,64,natural_reach
401.937,-13,679,-8,0,64,natural_reach
402.009,-16,679,-8,0,64,natural_reach
402.081,-16,679,-8,0,65,natural_reach
402.121,-17,682,0,0,65,natural_reach
402.193,-21,686,0,0,65,natural_reach
402.267,-27,690,-16,0,65,natural_reach
402.306,-27,690,-16,0,65,natural_reach
402.379,-31,691,-8,0,65,natural_reach
402.451,-34,690,-8,0,65,natural_reach
402.492,-34,690,-8,0,67,natural_reach
402.564,-38,688,8,24,69,natural_reach
402.637,-40,685,8,24,69,natural_reach
402.677,-43,683,8,0,71,natural_reach
402.750,-43,683,8,0,69,natural_reach
402.822,-42,682,0,0,69,natural_reach
402.861,-44,682,8,0,68,natural_reach
402.936,-44,682,8,0,69,natural_reach
403.005,-47,682,8,0,69,natural_reach
403.045,-48,684,16,0,67,natural_reach
403.117,-48,684,16,0,67,natural_reach
403.190,-49,686,16,0,66,natural_reach
403.229,-54,688,16,0,66,natural_reach
403.301,-59,690,8,0,66,natural_reach
403.373,-59,690,8,0,66,natural_reach
403.413,-60,693,8,0,66,natural_reach
403.485,-50,697,16,0,65,natural_reach
403.558,-50,697,16,0,65,natural_reach
403.598,-40,701,8,0,65,natural_reach
403.676,-27,705,8,0,66,natural_reach
403.747,-27,705,8,0,66,natural_reach
403.787,-16,712,0,0,65,natural_reach
403.859,-1,731,0,0,65,natural_reach
403.931,-1,731,0,0,65,natural_reach
403.971,-1,733,-8,0,63,natural_reach
404.044,1,734,0,0,62,natural_reach
404.115,1,734,0,0,62,natural_reach
404.155,0,733,-8,0,61,natural_reach
404.228,1,733,-8,0,59,natural_reach
404.299,1,733,-8,0,59,natural_reach
404.339,-2,732,-8,0,57,natural_reach
404.411,-3,732,-8,0,57,natural_reach
404.483,-3,732,-8,0,58,natural_reach
404.523,0,736,0,0,56,natural_reach
404.595,6,739,0,0,56,natural_reach
404.669,17,747,0,0,54,natural_reach
404.708,17,747,0,0,54,natural_reach
404.781,27,759,0,0,53,natural_reach
404.854,33,772,0,0,54,natural_reach
404.895,33,772,0,0,54,natural_reach
404.967,42,798,8,0,53,natural_reach
405.040,55,818,0,0,53,natural_reach
405.080,63,834,0,0,52,natural_reach
405.152,63,834,0,0,53,natural_reach
405.225,63,839,0,0,53,natural_reach
405.264,58,842,0,0,53,natural_reach
405.336,58,842,0,0,52,natural_reach
405.409,51,840,0,0,52,natural_reach
405.448,47,837,0,0,52,natural_reach
405.520,47,837,0,0,52,natural_reach
405.593,47,834,0,0,52,natural_reach
405.632,45,832,0,0,53,natural_reach
405.709,39,829,0,0,53,natural_reach
405.782,39,829,0,0,55,natural_reach
405.821,34,826,0,31,58,natural_reach
405.894,32,824,0,31,58,natural_reach
405.966,32,824,0,0,58,natural_reach
406.005,32,821,0,0,58,natural_reach
406.078,31,818,0,0,56,natural_reach
406.151,31,818,0,0,56,natural_reach
406.189,34,815,-8,0,55,natural_reach
406.263,34,811,-8,0,55,natural_reach
406.335,34,811,-8,0,55,natural_reach
406.373,37,806,8,0,55,natural_reach
406.447,36,802,0,0,52,natural_reach
406.519,36,802,0,0,52,natural_reach
406.557,34,800,0,0,51,natural_reach
406.631,28,796,0,0,52,natural_reach
406.703,28,796,0,0,52,natural_reach
406.742,27,794,0,0,52,natural_reach
406.814,22,790,8,0,52,natural_reach
406.886,22,790,8,0,52,natural_reach
406.926,16,788,0,0,51,natural_reach
406.998,14,788,0,0,51,natural_reach
407.071,24,787,0,0,51,natural_reach
407.110,24,787,0,0,51,natural_reach
407.184,37,787,16,0,51,natural_reach
407.257,26,782,8,0,52,natural_reach
407.296,26,782,8,0,52,natural_reach
407.370,13,777,8,22,54,natural_reach
407.442,3,775,-8,22,54,natural_reach
407.482,-5,774,-8,0,54,natural_reach
407.554,-5,774,-8,0,54,natural_reach
407.627,-11,771,8,0,54,natural_reach
407.666,-13,770,8,0,54,natural_reach
407.743,-13,770,8,0,55,natural_reach
407.815,-9,773,8,0,55,natural_reach
407.854,-3,774,8,0,54,natural_reach
407.927,2,777,0,0,53,natural_reach
407.999,2,777,0,0,53,natural_reach
408.039,14,780,-8,0,53,natural_reach
408.111,24,783,8,0,53,natural_reach
408.183,24,783,8,0,51,natural_reach
408.223,62,790,-8,0,51,natural_reach
408.298,97,791,-8,0,51,natural_reach
408.367,97,791,-8,0,51,natural_reach
408.407,125,784,-8,0,51,natural_reach
408.479,155,781,-8,0,51,natural_reach
408.551,155,781,-8,0,51,natural_reach
408.590,184,783,-8,0,53,natural_reach
408.663,200,787,0,0,53,natural_reach
408.735,200,787,0,0,53,natural_reach
408.775,198,793,0,0,53,natural_reach
408.847,196,793,0,0,53,natural_reach
408.919,196,793,0,0,53,natural_reach
408.959,193,793,0,0,52,natural_reach
409.032,190,795,0,0,51,natural_reach
409.103,190,795,0,0,51,natural_reach
409.143,192,797,8,0,51,natural_reach
409.216,197,795,0,0,51,natural_reach
409.287,197,795,0,0,51,natural_reach
409.327,201,795,0,0,52,natural_reach
409.399,204,794,0,0,52,natural_reach
409.472,204,796,8,0,53,natural_reach
409.512,204,796,8,0,53,natural_reach
409.585,205,798,8,0,52,natural_reach
409.658,201,800,0,0,50,natural_reach
409.698,201,800,0,0,50,natural_reach
409.776,197,800,-8,0,49,natural_reach
409.848,193,800,-8,0,49,natural_reach
409.888,191,801,8,0,46,natural_reach
409.960,191,801,8,0,46,natural_reach
410.032,185,799,0,0,46,natural_reach
410.072,179,797,-8,0,48,natural_reach
410.144,179,797,-8,0,49,natural_reach
410.216,168,793,-8,0,49,natural_reach
410.257,152,790,-8,0,51,natural_reach
410.329,112,786,-16,0,52,natural_reach
410.401,112,786,-16,0,52,natural_reach
410.440,82,783,-8,0,52,natural_reach
410.513,55,778,-8,0,52,natural_reach
410.584,55,778,-8,0,53,natural_reach
410.624,43,780,-8,0,52,natural_reach
410.696,36,778,-8,0,52,natural_reach
410.769,36,778,-8,0,53,natural_reach
410.808,32,776,-8,0,53,natural_reach
410.882,29,768,-8,25,55,natural_reach
410.954,29,768,-8,0,57,natural_reach
410.992,31,760,0,0,57,natural_reach
411.066,30,753,0,0,58,natural_reach
411.138,30,753,0,0,58,natural_reach
411.176,27,747,0,0,60,natural_reach
411.249,22,745,0,0,61,natural_reach
411.321,22,745,0,0,61,natural_reach
411.361,19,746,0,0,61,natural_reach
411.433,18,752,0,0,63,natural_reach
411.505,18,752,0,0,63,natural_reach
411.545,19,760,0,24,66,natural_reach
411.617,19,768,8,24,66,natural_reach
411.690,19,768,8,0,69,natural_reach
411.729,23,776,8,21,70,natural_reach
411.806,29,778,8,21,70,natural_reach
411.878,32,777,24,0,70,natural_reach
411.918,32,777,24,0,70,natural_reach
411.992,34,778,8,0,71,natural_reach
412.065,38,777,32,0,71,natural_reach
412.105,38,777,32,0,71,natural_reach
412.178,38,774,16,0,71,natural_reach
412.250,41,774,8,0,71,natural_reach
412.290,43,777,0,0,70,natural_reach
412.362,43,777,0,0,71,natural_reach
412.434,43,779,8,0,71,natural_reach
412.474,46,781,-8,0,70,natural_reach
412.546,46,781,-8,0,69,natural_reach
412.618,60,784,-8,0,69,natural_reach
412.658,72,787,-8,0,70,natural_reach
412.731,104,803,0,0,70,natural_reach
412.803,104,803,0,0,70,natural_reach
412.842,136,822,0,0,70,natural_reach
412.915,165,821,-8,0,70,natural_reach
412.986,165,821,-8,0,69,natural_reach
413.026,169,818,-8,0,71,natural_reach
413.098,174,813,-16,0,71,natural_reach
413.171,174,813,-16,0,72,natural_reach
413.212,180,807,-16,0,72,natural_reach
413.284,190,802,0,0,72,natural_reach
413.357,190,802,0,0,71,natural_reach
413.396,199,798,8,0,71,natural_reach
413.470,204,795,0,0,70,natural_reach
413.542,204,795,0,0,70,natural_reach
413.581,203,793,-8,0,71,natural_reach
413.653,203,791,8,0,71,natural_reach
413.725,203,791,8,0,71,natural_reach
413.764,205,791,8,0,71,natural_reach
413.842,204,792,-8,0,70,natural_reach
413.916,204,792,-8,0,70,natural_reach
413.954,200,790,-8,0,71,natural_reach
414.026,194,787,-8,0,70,natural_reach
414.099,186,786,0,0,70,natural_reach
414.139,186,786,0,0,70,natural_reach
414.212,178,784,-8,0,70,natural_reach
414.289,167,784,0,0,70,natural_reach
414.325,167,784,0,0,69,natural_reach
414.398,157,784,-8,0,69,natural_reach
414.471,166,787,0,0,70,natural_reach
414.512,176,789,0,0,70,natural_reach
414.583,176,789,0,0,70,natural_reach
414.655,185,791,0,23,71,natural_reach
414.696,198,789,-8,23,71,natural_reach
414.770,198,789,-8,27,73,natural_reach
414.840,209,786,0,27,73,natural_reach
414.880,210,785,0,0,71,natural_reach
414.952,210,785,0,0,71,natural_reach
415.024,212,786,-8,0,71,natural_reach
415.064,212,785,0,0,70,natural_reach
415.137,216,781,0,0,68,natural_reach
415.208,216,781,0,0,68,natural_reach
415.248,218,780,8,0,65,natural_reach
415.320,210,779,-8,0,65,natural_reach
415.392,210,779,-8,0,65,natural_reach
415.432,206,779,-8,0,64,natural_reach
415.504,197,777,-8,0,64,natural_reach
415.578,197,777,-8,0,61,natural_reach
415.616,184,774,-8,0,61,natural_reach
415.688,167,772,-8,0,60,natural_reach
415.760,167,772,-8,0,59,natural_reach
415.800,107,777,8,0,59,natural_reach
415.878,55,784,0,0,59,natural_reach
415.952,55,784,0,0,59,natural_reach
415.990,-30,778,8,0,61,natural_reach
416.062,-98,767,8,0,61,natural_reach
416.134,-98,767,8,0,61,natural_reach
416.174,-115,758,0,0,61,natural_reach
416.247,-106,743,0,0,62,natural_reach
416.318,-106,743,0,0,62,natural_reach
416.357,-102,740,8,0,61,natural_reach
416.430,-90,735,-8,0,61,natural_reach
416.502,-81,734,8,0,61,natural_reach
416.542,-81,734,8,0,62,natural_reach
416.615,-62,729,0,0,62,natural_reach
416.688,-17,720,0,0,62,natural_reach
416.728,-17,720,0,0,62,natural_reach
416.799,-27,718,0,0,62,natural_reach
416.877,-31,721,0,0,64,natural_reach
416.913,-33,724,0,0,64,natural_reach
416.984,-33,724,0,0,66,natural_reach
417.058,-32,726,0,26,68,natural_reach
417.098,-34,726,-8,26,68,natural_reach
417.170,-34,726,-8,22,69,natural_reach
417.242,-36,725,-16,22,69,natural_reach
417.285,-38,725,-8,26,71,natural_reach
417.354,-38,725,-8,0,73,natural_reach
417.426,-43,725,-16,0,73,natural_reach
417.469,-48,726,0,0,74,natural_reach
417.538,-52,724,0,0,75,natural_reach
417.610,-52,724,0,0,75,natural_reach
417.653,-55,722,0,0,76,natural_reach
417.726,-56,720,0,0,76,natural_reach
417.794,-56,720,0,0,76,natural_reach
417.834,-58,717,0,0,77,natural_reach
417.911,-61,717,0,0,77,natural_reach
417.983,-61,717,0,0,78,natural_reach
418.023,-63,718,8,0,80,natural_reach
418.095,-64,718,8,0,80,natural_reach
418.167,-64,718,8,0,81,natural_reach
418.208,-61,718,0,0,81,natural_reach
418.284,-62,718,8,29,82,natural_reach
418.352,-62,718,8,29,82,natural_reach
418.392,-62,719,0,0,83,natural_reach
418.464,-61,719,0,0,82,natural_reach
418.537,-61,719,0,0,82,stand_sit
418.576,-59,719,0,0,83,stand_sit
418.651,-54,720,-8,0,81,stand_sit
418.723,-54,720,-8,0,81,stand_sit
418.763,-31,717,8,0,79,stand_sit
418.838,33,712,0,0,80,stand_sit
418.910,40,706,-8,0,80,stand_sit
418.948,40,706,-8,16,81,stand_sit
419.022,37,700,-8,0,81,stand_sit
419.095,28,698,-8,0,81,stand_sit
419.135,28,698,-8,0,81,stand_sit
419.207,20,696,-8,0,81,stand_sit
419.281,15,697,-8,0,81,stand_sit
419.322,16,700,-8,22,81,stand_sit
419.394,16,700,-8,22,81,stand_sit
419.467,17,703,-8,0,81,stand_sit
419.507,13,703,-8,0,81,stand_sit
419.580,13,703,-8,0,82,stand_sit
419.653,8,701,-8,0,82,stand_sit
419.693,1,697,-8,0,81,stand_sit
419.766,-1,695,-8,0,80,stand_sit
419.838,-1,695,-8,0,80,stand_sit
419.878,-5,693,0,0,79,stand_sit
419.956,-6,691,-8,0,78,stand_sit
420.028,-6,691,-8,0,78,stand_sit
420.067,-5,691,0,0,79,stand_sit
420.141,-6,690,8,0,79,stand_sit
420.213,-6,690,8,0,79,stand_sit
420.253,-8,689,8,0,80,stand_sit
420.326,-13,688,0,0,81,stand_sit
420.399,-13,688,0,0,81,stand_sit
420.439,-16,689,-8,0,84,stand_sit
420.512,-21,687,0,0,84,stand_sit
420.586,-21,687,0,0,84,stand_sit
420.625,-22,686,0,0,84,stand_sit
420.697,-20,689,0,0,84,stand_sit
420.770,-20,689,0,0,84,stand_sit
420.810,-17,693,8,0,84,stand_sit
420.883,-17,695,0,0,82,stand_sit
420.956,-18,693,0,0,82,stand_sit
420.996,-18,693,0,0,82,stand_sit
421.069,-19,693,0,0,80,stand_sit
421.142,-19,693,0,0,80,stand_sit
421.181,-19,693,0,0,78,stand_sit
421.255,-18,691,0,0,75,stand_sit
421.328,-15,689,0,0,75,stand_sit
421.368,-13,689,0,0,74,stand_sit
421.440,-13,689,0,0,74,stand_sit
421.513,-11,691,0,0,74,stand_sit
421.555,-11,692,0,0,73,stand_sit
421.625,-11,692,0,0,72,stand_sit
421.698,-10,698,0,0,72,stand_sit
421.738,-12,704,0,0,73,stand_sit
421.810,-12,708,0,0,73,stand_sit
421.883,-12,708,0,0,72,stand_sit
421.923,-11,712,0,0,71,stand_sit
422.000,-12,713,0,0,71,stand_sit
422.077,-12,713,0,0,69,stand_sit
422.113,-12,711,0,0,69,stand_sit
422.186,-9,709,0,0,67,stand_sit
422.259,-9,709,0,0,64,stand_sit
422.299,-7,708,0,0,64,stand_sit
422.371,-6,707,8,0,65,stand_sit
422.443,-6,707,8,0,65,stand_sit
422.483,-1,706,16,0,65,stand_sit
422.557,0,705,16,0,64,stand_sit
422.629,0,705,16,0,64,stand_sit
422.670,4,706,8,0,63,stand_sit
422.742,6,709,16,0,63,stand_sit
422.817,6,709,16,0,63,stand_sit
422.855,2,710,-8,0,61,stand_sit
422.929,-4,711,0,0,62,stand_sit
423.002,-9,711,0,0,62,stand_sit
423.041,-9,711,0,0,63,stand_sit
423.115,-12,709,-8,0,63,stand_sit
423.188,-19,709,0,23,67,stand_sit
423.230,-19,709,0,0,68,stand_sit
423.301,-27,709,0,0,68,stand_sit
423.374,-31,709,0,0,66,stand_sit
423.415,-29,713,0,0,66,stand_sit
423.487,-29,713,0,0,65,stand_sit
423.560,-27,722,0,0,65,stand_sit
423.600,-35,736,0,0,65,stand_sit
423.672,-35,736,0,0,65,stand_sit
423.748,-49,745,0,0,65,stand_sit
423.784,-72,751,0,0,66,stand_sit
423.858,-100,753,0,0,66,stand_sit
423.931,-100,753,0,0,66,stand_sit
423.970,-191,754,0,0,66,stand_sit
424.050,-262,753,0,0,63,stand_sit
424.122,-262,753,0,0,63,stand_sit
424.161,-255,751,0,0,62,stand_sit
424.236,-240,750,0,0,61,stand_sit
424.313,-240,750,0,0,61,stand_sit
424.347,-195,749,0,0,59,stand_sit
424.421,-190,752,0,0,56,stand_sit
424.494,-190,752,0,0,56,stand_sit
424.534,-196,753,0,0,55,stand_sit
424.607,-202,752,0,0,55,stand_sit
424.680,-202,752,0,0,54,stand_sit
424.719,-200,749,0,0,54,stand_sit
424.793,-197,751,0,0,54,stand_sit
424.867,-195,749,0,0,52,stand_sit
424.907,-195,749,0,0,52,stand_sit
424.982,-189,746,0,0,51,stand_sit
425.055,-185,746,0,0,51,stand_sit
425.095,-185,746,0,0,51,stand_sit
425.168,-185,747,0,0,51,stand_sit
425.241,-184,745,0,0,51,stand_sit
425.282,-183,739,0,0,50,stand_sit
425.354,-183,739,0,0,50,stand_sit
425.427,-186,734,0,0,50,stand_sit
425.467,-188,732,0,0,49,stand_sit
425.541,-188,732,0,0,48,stand_sit
425.613,-195,732,0,0,48,stand_sit
425.653,-206,735,0,0,48,stand_sit
425.726,-218,739,0,0,47,stand_sit
425.799,-218,739,0,0,47,stand_sit
425.839,-229,741,0,0,46,stand_sit
425.912,-234,741,0,0,46,stand_sit
425.985,-234,741,0,0,45,stand_sit
426.025,-235,742,0,0,45,stand_sit
426.103,-235,742,0,0,45,stand_sit
426.177,-235,742,0,0,46,stand_sit
426.216,-232,741,0,0,46,stand_sit
426.289,-227,742,8,0,45,stand_sit
426.362,-227,742,8,0,44,stand_sit
426.402,-226,740,16,0,44,stand_sit
426.475,-225,739,16,0,44,stand_sit
426.548,-225,739,16,0,44,stand_sit
426.587,-224,739,16,0,42,stand_sit
426.662,-224,739,24,0,42,stand_sit
426.734,-227,744,16,0,42,stand_sit
426.773,-227,744,16,0,40,stand_sit
426.847,-227,749,8,0,40,stand_sit
426.920,-220,754,-8,0,40,stand_sit
426.959,-220,754,-8,0,38,stand_sit
427.034,-190,755,-16,0,36,stand_sit
427.106,-159,756,-32,0,36,stand_sit
427.146,-120,757,-32,0,33,stand_sit
427.217,-120,757,-32,0,33,stand_sit
427.290,-110,760,-39,0,31,stand_sit
427.330,-106,762,-48,0,41,stand_sit
427.402,-106,762,-48,0,41,stand_sit
427.475,-100,764,-32,29,21,stand_sit
427.514,-93,763,-24,29,21,stand_sit
427.586,-93,763,-24,0,21,stand_sit
427.658,-91,759,-16,0,21,stand_sit
427.699,-86,754,-8,0,21,stand_sit
427.771,-85,747,-16,0,21,stand_sit
427.843,-85,747,-16,0,21,stand_sit
427.883,-84,741,16,0,21,stand_sit
427.958,-88,731,-56,0,21,stand_sit
428.027,-88,731,-56,0,21,stand_sit
428.071,-102,703,-24,0,22,stand_sit
428.144,-108,684,8,0,22,stand_sit
428.216,-108,684,8,0,22,stand_sit
428.256,-93,677,16,0,39,stand_sit
428.328,-82,674,24,0,32,stand_sit
428.401,-82,674,24,0,32,stand_sit
428.440,-65,670,16,0,33,stand_sit
428.513,-44,666,24,0,33,stand_sit
428.585,-44,666,24,0,33,stand_sit
428.626,-20,661,24,0,33,stand_sit
428.697,37,654,24,0,33,stand_sit
428.769,37,654,24,0,32,stand_sit
428.810,85,651,56,0,32,stand_sit
428.883,139,645,48,0,32,stand_sit
428.956,139,645,48,0,32,stand_sit
428.999,181,645,39,0,32,stand_sit
429.069,208,655,48,0,31,stand_sit
429.142,239,669,39,0,31,stand_sit
429.182,239,669,39,0,31,stand_sit
429.255,272,688,72,0,31,stand_sit
429.327,313,701,48,0,31,stand_sit
429.368,313,701,48,0,31,stand_sit
429.441,344,721,56,0,30,stand_sit
429.513,379,738,79,0,30,stand_sit
429.553,448,763,64,0,30,stand_sit
429.626,448,763,64,0,29,stand_sit
429.697,502,794,48,0,29,stand_sit
429.737,549,824,48,0,28,stand_sit
429.809,549,824,48,0,28,stand_sit
429.881,589,852,48,0,28,stand_sit
429.921,617,866,64,0,27,stand_sit
429.992,617,866,64,0,27,stand_sit
430.066,643,892,48,0,26,stand_sit
430.111,697,935,48,0,26,stand_sit
430.184,741,984,24,0,24,stand_sit
430.257,741,984,24,0,24,stand_sit
430.297,803,1033,24,0,24,stand_sit
430.369,850,1064,16,0,22,stand_sit
430.441,850,1064,16,0,22,stand_sit
430.480,889,1078,8,0,22,stand_sit
430.554,919,1083,0,0,22,stand_sit
430.625,919,1083,0,0,22,stand_sit
430.665,926,1090,0,0,21,stand_sit
430.737,926,1092,0,0,21,stand_sit
430.810,926,1092,0,0,21,stand_sit
430.849,923,1095,-8,0,20,stand_sit
430.921,932,1095,-8,0,20,stand_sit
430.993,932,1095,-8,0,20,stand_sit
431.033,950,1087,-16,0,19,stand_sit
431.105,974,1076,-16,0,19,stand_sit
431.177,974,1076,-16,0,18,stand_sit
431.217,995,1065,-16,0,18,stand_sit
431.290,1014,1056,-16,0,18,stand_sit
431.363,1015,1056,-56,0,18,stand_sit
431.403,1015,1056,-56,0,18,stand_sit
431.478,1010,1059,-39,0,17,stand_sit
431.548,992,1066,-64,0,17,stand_sit
431.588,992,1066,-64,0,17,stand_sit
431.662,975,1075,-48,0,15,stand_sit
431.734,942,1084,-39,0,15,stand_sit
431.775,931,1084,-48,0,14,stand_sit
431.847,931,1084,-48,0,13,stand_sit
431.920,916,1084,-48,0,13,stand_sit
431.959,902,1082,-56,0,12,stand_sit
432.031,902,1082,-56,0,11,stand_sit
432.103,890,1076,-72,0,11,stand_sit
432.148,877,1069,-64,0,9,stand_sit
432.220,862,1060,-39,0,9,stand_sit
432.293,862,1060,-39,0,9,stand_sit
432.332,847,1052,-32,0,9,stand_sit
432.404,813,1023,-39,0,9,stand_sit
432.476,813,1023,-39,0,9,stand_sit
432.515,782,995,-39,0,9,stand_sit
432.589,744,972,-56,0,9,stand_sit
432.665,744,972,-56,0,9,stand_sit
432.701,718,946,-39,0,9,stand_sit
432.774,695,917,-32,0,9,stand_sit
432.846,695,917,-32,0,9,stand_sit
432.885,674,895,-16,0,10,stand_sit
432.959,644,877,-16,0,10,stand_sit
433.030,644,877,-16,0,10,stand_sit
433.069,602,856,-32,0,9,stand_sit
433.143,569,838,0,0,9,stand_sit
433.213,569,838,0,0,9,stand_sit
433.253,561,809,24,0,9,stand_sit
433.326,577,778,16,0,9,stand_sit
433.398,577,778,16,0,9,stand_sit
433.438,593,751,24,0,9,stand_sit
433.510,577,747,39,0,9,stand_sit
433.582,577,747,39,0,10,stand_sit
433.621,543,748,39,22,10,stand_sit
433.694,480,756,56,22,10,stand_sit
433.768,374,789,39,0,10,stand_sit
433.807,374,789,39,0,10,stand_sit
433.881,326,839,39,0,10,stand_sit
433.954,271,882,24,0,12,stand_sit
433.993,271,882,24,0,12,stand_sit
434.067,224,909,-8,0,13,stand_sit
434.139,165,916,-8,0,13,stand_sit
434.183,85,899,-16,16,14,stand_sit
434.256,85,899,-16,0,16,stand_sit
434.328,23,883,-16,0,16,stand_sit
434.368,17,895,-24,0,16,stand_sit
434.440,17,895,-24,0,16,stand_sit
434.512,7,895,-8,0,16,stand_sit
434.551,-8,887,-8,0,18,stand_sit
434.624,-22,874,-8,0,19,stand_sit
434.696,-22,874,-8,0,19,stand_sit
434.736,-21,854,0,0,21,stand_sit
434.808,-12,841,8,0,21,stand_sit
434.880,-12,841,8,0,22,stand_sit
434.920,1,828,8,0,23,stand_sit
434.992,0,822,16,0,23,stand_sit
435.064,0,822,16,0,24,stand_sit
435.104,4,826,8,0,24,stand_sit
435.177,28,832,0,0,26,stand_sit
435.249,28,832,0,0,26,stand_sit
435.288,34,834,-8,0,27,stand_sit
435.361,35,833,-24,0,28,stand_sit
435.434,35,833,-24,0,28,stand_sit
435.472,38,828,-24,0,28,stand_sit
435.545,38,823,-8,0,28,stand_sit
435.617,38,823,-8,0,28,stand_sit
435.656,32,818,-16,0,29,stand_sit
435.729,26,812,8,0,30,stand_sit
435.801,26,812,8,0,30,stand_sit
435.840,31,808,64,0,31,stand_sit
435.913,40,806,64,0,31,stand_sit
435.985,40,806,64,0,31,stand_sit
436.025,51,804,56,0,32,stand_sit
436.096,64,803,8,0,32,stand_sit
436.170,74,802,24,0,32,stand_sit
436.215,74,802,24,0,32,stand_sit
436.288,84,799,8,0,33,stand_sit
436.361,88,796,16,0,33,stand_sit
436.401,91,792,16,0,33,stand_sit
436.472,91,792,16,0,34,stand_sit
436.545,96,788,32,0,34,stand_sit
436.585,103,786,24,0,34,stand_sit
436.657,103,786,24,0,34,stand_sit
436.729,115,787,39,0,34,stand_sit
436.770,130,788,39,0,33,stand_sit
436.841,130,788,39,0,32,stand_sit
436.913,150,792,48,0,32,stand_sit
436.953,173,792,64,0,32,stand_sit
437.025,199,792,64,0,32,stand_sit
437.097,199,792,64,0,32,stand_sit
437.137,219,794,72,0,31,stand_sit
437.209,243,799,79,0,31,stand_sit
437.281,243,799,79,0,30,stand_sit
437.321,270,810,79,0,29,stand_sit
437.393,297,820,56,0,29,stand_sit
437.466,297,820,56,0,29,stand_sit
437.505,321,832,88,0,29,stand_sit
437.579,344,847,72,0,29,stand_sit
437.651,344,847,72,0,29,stand_sit
437.691,410,908,48,0,28,stand_sit
437.763,473,962,32,0,28,stand_sit
437.835,473,962,32,0,28,stand_sit
437.875,586,1070,32,0,28,stand_sit
437.947,675,1129,16,0,26,stand_sit
438.019,675,1129,16,0,26,stand_sit
438.058,710,1138,-8,0,25,stand_sit
438.133,748,1147,-16,0,24,stand_sit
438.203,748,1147,-16,0,24,stand_sit
438.247,770,1146,0,0,23,stand_sit
438.322,774,1145,0,0,23,stand_sit
438.392,778,1144,0,0,23,stand_sit
438.433,778,1144,0,0,22,stand_sit
438.505,780,1145,-16,0,22,stand_sit
438.578,781,1147,-24,0,20,stand_sit
438.619,781,1147,-24,0,20,stand_sit
438.691,781,1149,-32,0,19,stand_sit
438.765,782,1149,-48,0,17,stand_sit
438.807,781,1148,-64,0,17,stand_sit
438.877,781,1148,-64,0,16,stand_sit
438.951,777,1146,-79,0,16,stand_sit
438.991,772,1142,-104,0,15,stand_sit
439.062,772,1142,-104,0,14,stand_sit
439.135,765,1137,-79,0,14,stand_sit
439.174,759,1129,-64,0,12,stand_sit
439.246,759,1129,-64,0,11,stand_sit
439.319,753,1119,-56,0,11,stand_sit
439.357,736,1086,-48,0,10,stand_sit
439.430,718,1057,-48,0,10,stand_sit
439.502,718,1057,-48,0,10,stand_sit
439.541,693,1028,-39,0,10,stand_sit
439.614,662,997,-39,0,10,stand_sit
439.686,662,997,-39,0,9,stand_sit
439.725,614,944,-48,0,8,stand_sit
439.798,552,909,-79,0,8,stand_sit
439.870,552,909,-79,0,8,stand_sit
439.910,513,875,-24,0,8,stand_sit
439.983,505,824,-24,0,9,stand_sit
440.055,505,824,-24,0,9,stand_sit
440.095,496,799,-56,0,9,stand_sit
440.168,463,775,-24,0,9,stand_sit
440.240,463,775,-24,0,9,stand_sit
440.284,384,740,-8,0,9,stand_sit
440.358,327,714,8,0,9,stand_sit
440.429,327,714,8,0,9,stand_sit
440.468,303,697,16,27,9,stand_sit
440.541,267,685,32,0,10,stand_sit
440.613,267,685,32,0,10,stand_sit
440.652,260,690,48,0,10,stand_sit
440.726,263,708,56,0,10,stand_sit
440.799,258,733,48,0,10,stand_sit
440.838,258,733,48,0,9,stand_sit
440.911,233,750,39,0,9,stand_sit
440.984,205,770,32,0,10,stand_sit
441.025,205,770,32,0,11,stand_sit
441.097,150,810,24,0,11,stand_sit
441.171,75,841,-8,0,11,stand_sit
441.210,8,867,-8,0,11,stand_sit
441.282,8,867,-8,0,12,stand_sit
441.356,-41,855,-24,0,12,stand_sit
441.396,-53,849,-16,0,12,stand_sit
441.468,-53,849,-16,0,12,stand_sit
441.540,-44,843,-16,0,12,stand_sit
441.580,-39,841,-8,0,13,stand_sit
441.652,-21,843,-8,0,15,stand_sit
441.724,-21,843,-8,0,15,stand_sit
441.763,-16,842,0,0,16,stand_sit
441.836,-25,837,8,0,17,stand_sit
441.908,-25,837,8,0,17,stand_sit
441.947,-32,831,16,0,18,stand_sit
442.026,-35,828,8,0,19,stand_sit
442.092,-35,828,8,0,19,stand_sit
442.134,-39,829,8,0,20,stand_sit
442.204,-43,831,8,0,20,stand_sit
442.276,-43,831,8,0,21,stand_sit
442.320,-44,832,0,0,22,stand_sit
442.393,-44,833,0,0,22,stand_sit
442.466,-44,833,0,0,25,stand_sit
442.505,-45,833,0,0,25,stand_sit
442.578,-42,834,-8,0,26,stand_sit
442.650,-42,834,-8,0,26,stand_sit
442.689,-38,836,-8,0,28,stand_sit
442.762,-37,836,-8,0,28,stand_sit
442.834,-37,836,-8,0,28,stand_sit
442.873,-33,838,-8,0,30,stand_sit
442.946,-23,843,-16,0,32,stand_sit
443.022,-16,849,-16,0,32,stand_sit
443.059,-16,849,-16,0,32,stand_sit
443.131,-10,849,-39,0,33,stand_sit
443.204,0,847,-48,0,33,stand_sit
443.244,0,847,-48,0,33,stand_sit
443.317,5,841,-56,0,33,stand_sit
443.389,15,834,-32,0,34,stand_sit
443.430,15,834,-32,0,34,stand_sit
443.502,27,827,-32,0,34,stand_sit
443.576,33,816,8,0,35,stand_sit
443.615,38,808,16,0,35,stand_sit
443.687,38,808,16,0,36,stand_sit
443.760,45,799,16,0,37,free_5min
443.800,58,794,16,0,37,free_5min
443.872,58,794,16,0,37,free_5min
443.946,67,789,39,0,37,free_5min
443.985,78,784,48,21,37,free_5min
444.059,87,781,56,0,38,free_5min
444.131,87,781,56,0,38,free_5min
444.172,95,781,16,0,38,free_5min
444.246,104,783,32,0,39,free_5min
444.318,104,783,32,0,39,free_5min
444.363,114,783,24,0,39,free_5min
444.436,122,781,16,0,40,free_5min
444.509,122,781,16,0,40,free_5min
444.552,132,776,8,0,39,free_5min
444.622,144,771,-16,0,39,free_5min
444.695,144,771,-16,0,39,free_5min
444.735,155,769,8,0,40,free_5min
444.808,163,767,-8,0,40,free_5min
444.880,163,767,-8,0,41,free_5min
444.921,167,766,-8,0,43,free_5min
444.994,170,765,-24,0,43,free_5min
445.067,176,766,8,0,42,free_5min
445.108,176,766,8,0,42,free_5min
445.181,184,767,-8,0,43,free_5min
445.254,189,767,-32,0,44,free_5min
445.294,189,767,-32,0,44,free_5min
445.368,190,767,-24,0,45,free_5min
445.441,183,768,-8,0,45,free_5min
445.481,176,769,32,0,45,free_5min
445.554,176,769,32,0,46,free_5min
445.626,186,768,24,0,46,free_5min
445.667,204,766,16,0,45,free_5min
445.740,204,766,16,0,44,free_5min
445.812,223,765,24,0,44,free_5min
445.852,222,771,8,0,44,free_5min
445.925,212,776,-8,0,44,free_5min
445.997,212,776,-8,0,44,free_5min
446.037,200,778,-16,0,44,free_5min
446.109,186,777,-8,0,44,free_5min
446.181,186,777,-8,0,45,free_5min
446.221,170,775,-8,21,47,free_5min
446.294,126,773,-8,21,47,free_5min
446.367,126,773,-8,0,47,free_5min
446.411,90,769,-8,0,47,free_5min
446.484,68,768,-16,0,48,free_5min
446.557,68,768,-16,0,48,free_5min
446.597,61,769,-8,0,48,free_5min
446.671,56,770,-8,0,48,free_5min
446.742,56,770,-8,0,48,free_5min
446.783,51,767,-8,0,50,free_5min
446.855,46,763,0,0,49,free_5min
446.930,46,763,0,0,49,free_5min
446.968,43,753,0,0,50,free_5min
447.041,39,739,8,0,51,free_5min
447.114,35,729,0,0,51,free_5min
447.153,35,729,0,0,53,free_5min
447.227,27,696,0,0,56,free_5min
447.300,23,692,0,0,56,free_5min
447.340,23,692,0,0,57,free_5min
447.413,23,692,0,0,57,free_5min
447.486,22,694,0,0,59,free_5min
447.526,23,697,8,0,61,free_5min
447.597,23,697,8,0,61,free_5min
447.671,26,701,0,0,61,free_5min
447.711,26,703,8,0,61,free_5min
447.783,26,703,8,0,63,free_5min
447.857,20,705,0,0,63,free_5min
447.897,8,706,8,0,63,free_5min
447.969,-7,704,8,0,66,free_5min
448.042,-7,704,8,0,66,free_5min
448.081,-50,698,0,0,68,free_5min
448.154,-65,688,0,21,71,free_5min
448.226,-65,688,0,21,71,free_5min
448.266,-62,683,0,0,71,free_5min
448.339,-58,681,0,0,71,free_5min
448.411,-58,681,0,0,71,free_5min
448.455,-58,681,-8,0,71,free_5min
448.528,-61,682,0,0,72,free_5min
448.600,-61,682,0,0,72,free_5min
448.640,-61,683,-8,0,73,free_5min
448.712,-49,685,0,0,73,free_5min
448.784,-49,685,0,0,73,free_5min
448.824,-37,688,0,0,72,free_5min
448.896,-37,691,0,0,72,free_5min
448.969,-37,691,0,0,72,free_5min
449.008,-41,695,0,0,72,free_5min
449.082,-46,697,-8,0,72,free_5min
449.155,-46,697,-8,0,72,free_5min
449.194,-50,699,-8,0,72,free_5min
449.267,-51,700,-8,0,73,free_5min
449.342,-52,700,-8,0,73,free_5min
449.380,-52,700,-8,0,72,free_5min
449.454,-48,701,-8,27,76,free_5min
449.527,-46,708,0,27,76,free_5min
449.566,-46,708,0,0,75,free_5min
449.640,-39,719,0,0,76,free_5min
449.712,-33,726,0,0,76,free_5min
449.753,-38,726,0,0,77,free_5min
449.826,-38,726,0,0,78,free_5min
449.898,-53,724,0,0,78,free_5min
449.939,-68,723,0,0,77,free_5min
450.012,-68,723,0,0,77,free_5min
450.084,-78,722,0,0,78,free_5min
450.125,-82,720,0,0,78,free_5min
450.198,-85,717,0,0,78,free_5min
450.270,-85,717,0,0,77,free_5min
450.310,-88,713,0,0,77,free_5min
450.395,-92,710,0,0,79,free_5min
450.457,-92,710,0,0,78,free_5min
450.502,-100,710,0,0,78,free_5min
450.575,-112,711,0,0,77,free_5min
450.647,-112,711,0,0,77,free_5min
450.688,-122,713,0,0,78,free_5min
450.762,-121,709,0,0,79,free_5min
450.834,-121,709,0,0,79,free_5min
450.874,-117,701,0,0,80,free_5min
450.947,-112,695,0,0,80,free_5min
451.020,-112,695,0,0,80,free_5min
451.061,-108,688,0,0,80,free_5min
451.133,-103,685,8,0,78,free_5min
451.206,-95,685,0,0,78,free_5min
451.245,-95,685,0,0,78,free_5min
451.318,-84,689,0,0,78,free_5min
451.391,-70,698,0,0,79,free_5min
451.431,-70,698,0,0,79,free_5min
451.504,-35,725,0,0,79,free_5min
