t_global,x,y,v,em,es,label
183.815,121,635,0,0,40,1
183.887,120,640,0,0,40,1
183.960,121,643,0,0,40,0
183.999,121,643,0,0,40,0
184.072,117,645,0,0,41,0
184.146,98,645,0,0,41,0
184.185,98,645,0,0,41,0
184.258,77,645,0,0,41,0
184.330,98,664,0,0,41,0
184.371,106,672,0,0,41,0
184.443,106,672,0,0,41,0
184.515,142,688,0,0,41,0
184.555,187,703,0,0,42,0
184.627,187,703,0,0,42,0
184.699,229,727,0,0,42,0
184.739,264,728,0,0,43,0
184.810,264,728,0,0,43,0
184.883,271,724,0,0,42,0
184.923,271,728,0,0,42,0
184.995,265,733,0,0,42,0
185.067,265,733,0,0,42,0
185.107,254,735,0,0,42,1
185.180,244,731,0,0,42,1
185.252,244,731,0,0,41,1
185.292,232,728,0,0,41,1
185.365,219,727,0,0,41,1
185.437,219,727,0,0,41,1
185.477,209,725,0,0,40,1
185.549,197,727,0,0,40,1
185.621,197,727,0,0,40,1
185.666,155,744,0,0,40,1
185.738,123,767,0,0,40,1
185.810,123,767,0,0,40,1
185.849,123,772,8,0,40,1
185.922,152,780,0,0,40,1
185.994,152,780,0,0,40,1
186.034,179,794,0,0,40,1
186.106,204,819,0,0,40,1
186.178,204,819,0,0,40,1
186.218,241,865,0,0,40,1
186.290,287,889,0,0,40,1
186.363,330,875,0,0,40,1
186.403,330,875,0,0,40,1
186.477,354,832,0,0,40,1
186.550,365,787,0,0,40,1
186.589,365,787,0,0,41,1
186.662,378,766,0,0,41,1
186.734,361,763,0,0,41,1
186.775,353,756,0,0,41,1
186.847,353,756,0,0,40,1
186.919,354,741,0,0,40,1
186.959,352,730,0,0,40,1
187.031,352,730,0,0,41,1
187.103,338,707,0,0,41,1
187.143,294,646,0,0,41,1
187.214,294,646,0,0,41,1
187.287,254,595,0,0,42,1
187.327,221,541,0,0,43,1
187.399,211,505,0,0,43,1
187.471,211,505,0,0,43,1
187.511,237,506,0,0,43,1
187.585,244,523,0,0,43,1
187.656,244,523,0,0,43,1
187.700,251,528,0,0,43,1
187.773,257,537,0,0,43,1
187.845,257,537,0,0,43,1
187.884,257,546,0,0,42,1
187.957,256,558,0,0,40,1
188.029,256,558,0,0,40,1
188.068,254,567,0,0,39,1
188.141,255,570,0,0,38,1
188.213,255,570,0,0,38,1
188.252,262,572,8,0,37,1
188.325,269,574,0,0,36,1
188.397,269,574,0,0,36,1
188.436,273,578,0,0,35,1
188.509,277,582,0,0,35,1
188.582,277,582,0,0,35,1
188.621,278,580,0,0,34,1
188.695,285,577,0,0,34,1
188.767,291,573,0,0,33,1
188.806,291,573,0,0,33,1
188.879,296,571,0,0,33,1
188.953,304,573,0,0,33,1
188.992,304,573,0,0,33,1
189.066,313,574,0,0,31,1
189.138,320,575,0,0,31,1
189.179,324,575,0,0,48,1
189.251,324,575,0,0,48,1
189.323,323,573,0,0,48,1
189.363,320,570,0,0,47,1
189.435,320,570,0,0,47,1
189.507,320,566,0,0,47,1
189.547,321,562,0,0,48,1
189.619,321,562,0,0,48,1
189.691,320,557,0,0,48,1
189.736,319,553,0,0,49,1
189.808,323,550,0,0,49,1
189.880,323,550,0,0,50,1
189.920,327,551,0,0,50,1
189.992,327,553,8,0,50,1
190.064,327,553,8,0,32,1
190.104,330,556,0,0,32,1
190.177,329,555,0,0,33,1
190.249,329,555,0,0,33,1
190.289,332,555,0,0,33,1
190.362,334,559,0,0,34,1
190.434,334,559,0,0,34,1
190.473,336,573,0,0,35,1
190.546,341,587,0,0,35,1
190.618,341,587,0,0,35,1
190.657,341,597,0,0,34,1
190.730,347,601,0,0,33,1
190.802,347,601,0,0,33,1
190.842,346,602,0,0,33,1
190.914,343,597,0,0,33,1
190.986,343,597,0,0,33,1
191.026,342,594,0,0,33,1
191.098,341,586,0,0,33,1
191.171,342,580,0,0,33,1
191.211,342,580,0,0,33,1
191.284,338,577,0,0,33,1
191.358,331,576,0,0,33,1
191.397,331,576,0,0,33,1
191.470,328,575,0,0,33,1
191.543,324,570,0,0,33,1
191.583,321,566,0,0,33,1
191.655,321,566,0,0,33,1
191.727,321,560,0,0,33,1
191.772,326,557,0,0,32,1
191.844,326,557,0,0,31,1
191.916,329,554,0,0,31,1
191.956,330,551,0,0,31,1
192.028,329,546,0,0,31,1
192.100,329,546,0,0,31,1
192.139,328,540,0,0,32,1
192.212,328,536,0,0,32,1
192.284,328,536,0,0,32,1
192.324,328,534,0,0,32,1
192.396,324,537,0,0,32,1
192.468,324,537,0,0,33,1
192.507,320,535,0,0,33,1
192.580,320,534,0,0,33,1
192.652,320,534,0,0,33,1
192.692,321,534,0,0,33,1
192.765,319,536,0,0,34,1
192.837,319,536,0,0,34,1
192.876,321,541,0,0,34,1
192.949,325,547,0,0,35,1
193.021,325,547,0,0,35,1
193.061,325,550,0,0,35,1
193.133,319,552,0,0,36,1
193.205,319,552,0,0,36,1
193.244,314,552,0,0,36,1
193.317,306,555,0,0,37,1
193.389,306,555,0,0,37,1
193.429,298,573,0,0,39,1
193.501,290,586,0,0,39,1
193.575,280,569,0,0,40,1
193.614,280,569,0,0,40,1
193.687,281,564,0,0,42,1
193.761,283,562,0,0,42,1
193.806,286,561,0,0,42,1
193.877,286,561,0,0,42,1
193.950,293,557,0,0,43,1
193.991,302,552,0,0,43,1
194.063,302,552,0,0,42,1
194.135,308,548,0,0,42,1
194.175,308,548,0,0,42,1
194.247,308,548,0,0,42,1
194.319,306,552,0,0,42,1
194.358,305,552,0,0,41,1
194.431,308,546,0,0,39,1
194.503,308,546,0,0,39,1
194.542,309,543,0,0,38,1
194.615,310,543,0,0,38,1
194.687,310,543,0,0,37,1
194.727,310,543,0,0,37,1
194.799,309,542,0,0,37,1
194.871,309,542,0,0,37,1
194.910,308,542,0,0,37,1
194.983,304,545,0,0,36,1
195.055,304,545,0,0,36,1
195.095,302,546,0,0,36,1
195.168,300,548,0,0,35,1
195.240,300,548,0,0,35,1
195.279,297,546,0,0,34,1
195.352,293,542,0,0,34,1
195.424,293,542,0,0,34,1
195.463,290,536,0,0,34,1
195.536,287,533,0,0,35,1
195.608,287,533,0,0,35,1
195.647,284,530,0,0,35,1
195.720,279,527,0,0,36,1
195.792,279,527,0,0,36,1
195.836,273,526,0,0,36,1
195.909,266,523,0,0,36,1
195.982,264,522,0,0,37,1
196.023,264,522,0,0,37,1
196.095,266,522,0,0,37,1
196.168,272,525,0,0,37,1
196.208,278,536,0,0,37,1
196.279,278,536,0,0,37,1
196.352,281,546,0,0,37,1
196.393,288,559,0,0,37,1
196.465,288,559,0,0,37,1
196.537,291,561,0,0,37,1
196.577,293,562,0,0,37,1
196.649,293,562,0,0,37,1
196.721,294,563,0,0,37,1
196.760,291,564,0,0,37,1
196.833,288,567,0,0,37,1
196.905,288,567,0,0,37,1
196.944,289,571,0,0,37,1
197.017,294,576,0,0,37,1
197.089,294,576,0,0,37,1
197.129,298,578,0,0,36,1
197.201,302,579,0,0,36,1
197.273,302,579,0,0,35,1
197.312,304,580,-8,0,35,1
197.385,304,579,0,0,34,1
197.457,304,579,0,0,32,1
197.497,302,579,0,0,32,1
197.570,298,580,0,0,31,1
197.642,298,580,0,0,31,1
197.681,291,582,0,0,37,1
197.754,287,582,0,0,36,1
197.826,287,582,0,0,36,1
197.870,291,582,0,0,36,1
197.943,295,581,0,0,36,1
198.015,295,581,0,0,36,1
198.054,299,586,0,0,37,1
198.128,301,589,0,0,37,1
198.200,304,591,0,0,37,1
198.240,304,591,0,0,37,1
198.314,306,593,0,0,37,1
198.386,307,592,0,0,37,1
198.427,307,592,0,0,37,1
198.499,307,591,0,0,37,1
198.572,306,593,0,0,38,1
198.612,303,592,0,0,38,1
198.683,303,592,0,0,38,1
198.756,299,587,0,0,37,1
198.797,296,582,0,0,37,1
198.868,296,582,0,0,36,1
198.941,294,578,0,0,36,1
198.981,292,574,0,0,21,1
199.053,289,571,0,0,22,1
199.125,289,571,0,0,22,1
199.164,286,568,0,0,22,1
199.237,283,565,0,0,22,1
199.309,283,565,0,0,22,1
199.348,282,563,0,0,22,1
199.421,280,562,0,0,21,1
199.493,280,562,0,0,21,1
199.533,279,561,0,0,21,1
199.605,278,559,0,0,21,1
199.677,278,559,0,0,32,1
199.717,275,557,0,0,32,1
199.789,272,554,0,0,32,1
199.861,272,554,0,0,31,1
199.906,270,553,0,0,31,1
199.979,266,558,0,0,31,1
200.051,266,558,0,0,31,1
200.092,266,564,0,0,31,1
200.165,267,569,0,0,30,1
200.237,267,569,0,0,30,1
200.276,272,569,0,0,30,1
200.349,276,568,0,0,30,1
200.422,276,568,0,0,30,1
200.460,283,566,-8,0,30,1
200.533,290,563,0,0,30,1
200.605,295,566,0,0,30,1
200.645,295,566,0,0,31,1
200.719,294,567,0,0,31,1
200.791,295,571,0,0,31,1
200.832,300,579,0,0,32,1
200.904,300,579,0,0,32,1
200.976,301,583,0,0,33,1
201.016,299,587,0,0,33,1
201.088,299,587,0,0,33,1
201.161,295,589,0,0,33,1
201.202,290,590,0,0,33,1
201.274,290,590,0,0,33,1
201.347,283,595,0,0,33,1
201.386,280,596,0,0,33,1
201.459,281,593,0,0,33,1
201.531,281,593,0,0,33,1
201.570,280,593,-8,0,32,1
201.643,275,592,0,0,32,1
201.715,275,592,0,0,32,1
201.754,266,589,0,0,31,1
201.827,258,587,0,0,31,1
201.899,258,587,0,0,31,1
201.943,247,585,0,0,31,1
202.016,240,582,0,0,32,1
202.088,240,582,0,0,32,1
202.128,241,579,0,0,32,1
202.200,251,575,0,0,32,1
202.272,251,575,0,0,32,1
202.311,260,571,0,0,32,1
202.384,262,569,0,0,32,1
202.456,262,569,0,0,31,1
202.496,259,565,0,0,31,1
202.569,256,564,0,0,31,1
202.641,256,564,0,0,31,1
202.680,247,568,0,0,31,1
202.753,241,579,0,0,31,1
202.825,235,585,0,0,31,1
202.865,235,585,0,0,31,1
202.939,233,587,0,0,31,1
203.011,234,588,0,0,31,1
203.051,234,588,0,0,32,1
203.125,238,588,0,0,32,1
203.197,243,587,0,0,32,1
203.238,249,587,-8,0,33,1
203.309,249,587,-8,0,33,1
203.382,256,585,0,0,33,1
203.422,268,582,8,0,34,1
203.494,268,582,8,0,34,1
203.567,281,580,0,0,33,1
203.607,285,585,8,0,33,1
203.678,285,585,8,0,33,1
203.751,283,590,0,0,33,1
203.791,284,594,0,0,33,1
203.864,286,593,0,0,33,1
203.936,286,593,0,0,33,1
203.980,286,592,0,0,34,1
204.053,284,592,0,0,34,1
204.125,284,592,0,0,34,1
204.164,278,589,0,0,33,1
204.237,271,586,0,0,33,2
204.309,271,586,0,0,33,1
204.348,264,580,0,0,33,1
204.421,254,572,0,0,33,1
204.493,254,572,0,0,33,1
204.533,245,564,0,0,32,1
204.605,246,560,0,0,32,1
204.677,246,560,0,0,32,1
204.717,249,558,0,0,32,1
204.789,253,557,0,0,32,1
204.861,253,557,0,0,33,1
204.901,258,556,0,0,33,1
204.974,265,556,0,0,33,1
205.046,265,556,0,0,33,1
205.085,269,557,0,0,33,1
205.159,275,562,0,0,32,1
205.231,287,568,0,0,32,1
205.271,287,568,0,0,32,1
205.345,297,575,0,0,32,1
205.417,282,578,0,0,32,1
205.457,282,578,0,0,32,1
205.531,256,577,0,0,32,1
205.603,227,574,0,0,32,1
205.643,140,564,0,0,32,1
205.714,140,564,0,0,32,1
205.787,99,562,0,0,33,1
205.827,71,562,0,0,33,1
205.898,71,562,0,0,33,1
205.971,62,567,0,0,34,1
206.016,69,568,0,0,35,1
206.088,75,568,-16,0,35,1
206.160,75,568,-16,0,36,1
206.200,81,567,-8,0,36,1
206.273,82,565,0,0,36,1
206.345,82,565,0,0,36,1
206.384,85,567,0,0,38,1
206.457,85,570,0,0,39,1
206.529,85,570,0,0,39,1
206.568,82,573,0,0,40,2
206.641,75,573,0,0,41,2
206.713,75,573,0,0,41,2
206.752,69,574,0,0,41,2
206.825,79,580,0,0,40,2
206.897,79,580,0,0,40,2
206.936,97,586,0,0,39,2
207.009,113,591,0,0,39,2
207.081,113,591,0,0,38,2
207.121,123,593,0,0,36,2
207.193,133,595,0,0,36,2
207.265,133,595,0,0,36,2
207.305,139,594,0,0,36,1
207.378,142,593,0,0,35,1
207.451,140,587,0,0,34,1
207.490,140,587,0,0,34,1
207.564,135,583,0,0,33,1
207.636,129,579,0,0,33,1
207.676,129,579,0,0,35,1
207.750,121,576,0,0,35,1
207.822,114,578,0,0,35,1
207.863,108,578,0,0,36,1
207.935,108,578,0,0,35,1
208.007,103,577,0,0,35,1
208.052,99,572,0,0,35,1
208.124,99,572,0,0,35,1
208.196,96,569,0,0,35,1
208.236,94,568,0,0,34,1
208.308,95,572,0,0,34,1
208.380,95,572,0,0,34,1
208.420,97,580,0,0,34,1
208.492,104,587,0,0,34,1
208.564,104,587,0,0,33,1
208.604,109,594,0,0,33,1
208.677,112,600,0,0,33,1
208.749,112,600,0,0,33,1
208.790,112,606,0,0,33,1
208.862,114,612,0,0,34,1
208.934,114,612,0,0,34,1
208.973,115,613,0,0,35,1
209.046,118,614,0,0,35,1
209.118,118,614,0,0,35,1
209.157,120,617,0,0,35,1
209.230,120,621,0,0,36,1
209.302,120,621,0,0,36,1
209.341,125,622,0,0,36,1
209.414,126,623,0,0,36,1
209.486,126,623,0,0,36,1
209.526,126,620,0,0,36,1
209.598,124,614,0,0,36,1
209.670,124,614,0,0,36,1
209.709,121,609,0,0,36,1
209.782,122,606,0,0,36,1
209.855,127,606,0,0,36,1
209.894,127,606,0,0,36,1
209.968,136,608,0,0,37,1
210.041,144,610,0,0,37,1
210.085,144,610,0,0,36,1
210.159,147,611,0,0,36,1
210.231,148,617,0,0,36,1
210.271,152,622,0,0,37,1
210.343,152,622,0,0,36,1
210.415,161,627,8,0,36,1
210.455,167,631,0,0,35,1
210.527,167,631,0,0,35,1
210.599,169,634,-8,0,35,1
210.639,171,636,-16,0,37,1
210.711,168,635,0,0,37,1
210.783,168,635,0,0,39,2
210.823,160,633,-8,0,40,2
210.895,151,632,-8,0,40,2
210.967,151,632,-8,0,42,2
211.007,143,631,0,0,42,2
211.080,137,633,0,0,44,2
211.152,137,633,0,0,48,2
211.192,129,633,0,0,48,2
211.265,119,629,8,0,49,2
211.337,119,629,8,0,49,2
211.376,108,622,8,0,48,0
211.449,98,621,8,0,50,0
211.521,98,621,8,0,50,0
211.560,86,621,0,0,51,0
211.633,72,619,0,0,51,0
211.705,72,619,0,0,51,0
211.744,57,619,0,0,51,0
211.817,45,613,0,0,50,2
211.889,45,613,0,0,50,2
211.929,34,610,0,0,50,2
212.001,22,605,0,0,50,2
212.073,22,605,0,0,51,2
212.118,14,599,0,0,54,2
212.189,7,595,0,0,54,2
212.263,0,595,0,0,57,2
212.302,0,595,0,0,57,2
212.375,-7,597,8,0,56,2
212.449,-14,599,8,0,57,2
212.488,-14,599,8,0,57,1
212.561,-22,600,8,0,56,2
212.633,-26,603,0,0,56,2
212.673,-32,603,0,0,57,2
212.745,-32,603,0,0,59,2
212.817,-38,602,0,0,59,2
212.857,-42,604,-8,0,59,2
212.929,-42,604,-8,0,60,2
213.001,-44,605,0,0,60,2
213.041,-46,606,-8,0,61,2
213.112,-46,606,-8,0,61,2
213.185,-45,607,-16,0,62,2
213.225,-46,607,-8,26,66,2
213.297,-43,608,-8,26,66,2
213.369,-43,608,-8,0,66,2
213.408,-35,609,-8,0,66,2
213.481,-20,609,-8,0,67,2
213.553,-20,609,-8,0,67,2
213.593,20,607,0,0,67,2
213.666,42,607,0,0,67,2
213.738,42,607,0,0,67,2
213.777,63,605,0,0,68,2
213.850,70,606,0,0,68,2
213.922,70,606,0,0,68,2
213.961,76,605,-8,0,69,2
214.034,77,609,-8,0,70,2
214.106,77,609,-8,0,70,2
214.150,81,609,0,0,71,2
214.223,85,613,0,0,71,2
214.295,85,613,0,0,71,2
214.335,86,621,-8,0,71,2
214.407,85,632,-8,0,71,2
214.479,85,632,-8,0,71,2
214.519,79,639,0,0,70,2
214.590,78,643,0,0,70,2
214.664,83,646,8,0,69,2
214.703,83,646,8,0,69,2
214.776,94,643,8,0,68,2
214.850,110,640,8,0,67,2
214.889,110,640,8,0,67,2
214.963,152,628,0,0,66,1
215.035,173,625,8,0,66,1
215.075,163,620,0,0,66,1
215.147,163,620,0,0,63,1
215.219,160,618,-8,0,63,1
215.259,162,616,-8,0,61,1
215.331,162,616,-8,0,61,1
215.403,163,596,-8,0,61,1
215.443,169,582,-8,18,61,1
215.514,169,582,-8,18,61,2
215.587,191,564,-8,0,60,2
215.627,218,553,0,0,60,0
215.699,232,546,0,0,60,0
215.771,232,546,0,0,59,0
215.810,233,550,0,0,59,0
215.883,223,552,-8,0,61,0
215.955,223,552,-8,0,62,0
215.995,221,553,0,0,62,0
216.068,217,555,0,0,61,0
216.140,217,555,0,0,61,0
216.184,184,561,0,0,58,0
216.257,95,581,0,0,55,0
216.329,95,581,0,0,55,0
216.368,36,600,0,0,56,0
216.441,-14,620,0,0,56,0
216.513,-14,620,0,0,56,0
216.552,-49,634,0,0,56,0
216.625,-43,629,0,0,57,0
216.697,-43,629,0,0,57,0
216.736,-32,622,0,0,55,0
216.809,-19,614,0,0,55,0
216.881,-19,614,0,0,54,0
216.921,-3,604,0,0,54,0
216.992,8,596,0,0,54,0
217.066,4,591,0,0,53,0
217.105,4,591,0,0,53,0
217.178,0,588,0,0,52,0
217.252,-10,587,0,0,49,0
217.291,-10,587,0,0,49,0
217.365,-26,586,0,0,50,0
217.437,-41,586,0,0,50,0
217.477,-51,586,0,0,51,1
217.549,-51,586,0,0,52,1
217.621,-44,586,0,0,52,0
217.661,-30,587,0,0,82,0
217.733,-30,587,0,0,86,0
217.805,-15,588,0,0,86,0
217.845,-5,587,0,0,85,0
217.917,-5,587,0,0,84,0
217.989,-1,585,0,0,84,0
218.029,0,577,0,0,85,0
218.101,5,571,8,0,85,0
218.173,5,571,8,0,86,0
218.218,10,568,0,0,86,0
218.290,16,567,0,0,86,0
218.362,16,567,0,0,86,0
218.402,21,568,0,0,86,0
218.475,27,572,8,0,86,0
218.547,27,572,8,0,86,0
218.586,33,572,0,0,89,0
218.659,38,571,0,0,92,3
218.731,38,571,0,0,92,3
218.771,43,573,0,0,92,3
218.843,47,578,0,0,91,3
218.915,47,578,0,0,91,3
218.954,52,585,0,0,92,4
219.027,57,590,0,0,92,4
219.099,57,590,0,0,92,4
219.138,60,591,0,0,93,4
219.211,63,590,0,0,93,4
219.283,63,590,0,0,96,4
219.323,67,590,0,0,98,4
219.394,67,588,0,0,98,4
219.468,64,585,0,0,99,4
219.507,64,585,0,0,99,4
219.581,60,585,0,0,100,4
219.654,58,588,0,0,99,4
219.693,58,588,0,0,99,4
219.767,58,592,0,0,100,4
219.839,64,594,0,0,100,4
219.880,73,596,0,0,100,4
219.952,73,596,0,0,100,4
220.024,77,598,0,0,100,4
220.064,69,601,0,0,100,4
220.136,69,601,0,0,100,4
220.208,62,603,0,0,100,4
220.252,57,605,0,0,100,4
220.325,60,605,0,0,100,4
220.397,60,605,0,0,100,4
220.436,66,605,0,0,100,4
220.509,75,605,0,0,100,4
220.581,75,605,0,0,100,4
220.621,82,604,0,0,100,4
220.693,84,595,0,0,100,4
220.765,84,595,0,0,98,4
220.805,86,588,0,0,98,4
220.878,83,579,0,0,95,4
220.950,83,579,0,0,93,4
220.991,77,569,0,0,93,1
221.063,72,560,0,0,90,1
221.135,72,560,0,0,90,1
221.174,66,556,0,0,88,1
221.247,59,562,0,0,86,1
221.319,59,562,0,0,86,1
221.358,53,568,0,0,83,1
221.431,43,580,0,0,81,1
221.503,43,580,0,0,81,1
221.542,35,591,0,0,81,1
221.615,28,600,0,0,81,1
221.687,28,600,0,0,67,1
221.727,21,608,0,0,65,1
221.798,18,613,0,0,65,1
221.871,18,613,0,0,65,1
221.911,18,613,0,0,65,1
221.984,19,613,0,0,65,1
222.058,22,608,0,0,64,4
222.097,22,608,0,0,64,4
222.170,23,606,0,0,63,4
222.243,19,610,0,0,63,4
222.288,16,613,0,0,62,4
222.360,16,613,0,0,63,4
222.432,14,617,0,0,63,4
222.472,12,624,0,0,63,4
222.544,12,624,0,0,63,4
222.616,12,628,0,0,63,4
222.655,20,631,0,0,61,4
222.728,28,628,0,0,62,4
222.800,28,628,0,0,62,4
222.839,34,626,0,0,62,4
222.912,35,624,0,0,62,4
222.984,35,624,0,0,63,4
223.024,36,619,0,0,63,4
223.096,37,614,0,0,63,4
223.168,37,614,0,0,62,4
223.207,39,637,0,0,62,4
223.280,41,662,0,0,62,4
223.352,41,662,0,0,61,4
223.392,31,707,0,0,61,4
223.465,30,717,0,0,59,4
223.537,30,717,0,0,59,4
223.576,33,730,0,0,57,4
223.649,47,756,0,0,55,4
223.721,47,756,0,0,55,4
223.760,89,834,0,0,53,4
223.833,129,892,0,0,51,4
223.905,129,892,0,0,51,4
223.944,184,818,0,0,49,4
224.017,233,729,0,0,48,4
224.089,233,729,0,0,48,4
224.129,251,642,0,0,47,4
224.201,250,585,0,0,47,4
224.274,216,573,0,0,46,4
224.320,216,573,0,0,44,4
224.392,201,579,0,0,44,4
224.466,181,580,0,0,43,4
224.506,171,587,0,0,43,4
224.577,171,587,0,0,41,4
224.650,156,597,0,0,39,4
224.691,136,627,0,0,39,4
224.763,136,627,0,0,38,4
224.835,65,692,0,0,38,4
224.875,2,729,0,0,37,4
224.947,2,729,0,0,36,4
225.019,-17,751,0,0,36,4
225.058,-7,761,0,0,36,4
225.131,-2,781,0,0,36,4
225.203,-2,781,0,0,36,4
225.242,11,784,0,0,36,4
225.315,21,795,0,0,36,4
225.387,21,795,0,0,36,4
225.427,28,791,0,0,36,4
225.499,55,783,0,0,36,4
225.571,55,783,0,0,36,4
225.610,63,776,0,0,36,4
225.683,71,768,0,0,35,4
225.755,71,768,0,0,35,4
225.795,76,760,0,0,35,4
225.868,78,756,0,0,34,4
225.940,78,756,0,0,34,4
225.979,78,756,0,0,34,4
226.052,79,757,0,0,33,4
226.124,79,757,0,0,33,3
226.163,82,755,0,0,33,3
226.236,87,754,8,0,32,3
226.308,87,754,8,0,32,3
226.352,97,755,0,0,31,3
226.426,108,752,0,0,31,3
226.498,116,745,0,0,31,3
226.538,116,745,0,0,31,3
226.611,119,736,0,0,31,3
226.684,123,728,0,0,30,3
226.725,123,728,0,0,30,3
226.798,126,724,0,0,30,3
226.870,125,737,0,0,30,3
226.910,120,759,0,0,30,3
226.982,120,759,0,0,32,3
227.055,101,824,-16,0,34,3
227.095,94,808,-16,0,34,3
227.167,94,808,-16,0,34,3
227.239,90,797,-16,0,34,3
227.279,84,787,-16,0,36,3
227.351,84,787,-16,0,36,3
227.423,81,777,-16,0,36,3
227.462,77,767,-16,0,40,3
227.535,69,758,-8,0,41,3
227.607,69,758,-8,0,41,3
227.646,52,728,-16,0,35,3
227.719,25,706,-8,0,36,3
227.791,25,706,-8,0,36,3
227.831,5,678,-24,0,37,3
227.903,3,654,-24,0,37,3
227.975,3,654,-24,0,38,3
228.014,9,643,-16,0,38,3
228.087,11,636,-24,0,38,3
228.159,11,636,-24,0,38,3
228.199,9,630,-16,0,38,3
228.272,4,624,-8,0,40,3
228.344,4,624,-8,0,40,3
228.388,-4,618,-8,0,40,3
228.461,-10,611,-16,0,41,3
228.533,-10,611,-16,0,41,3
228.572,-14,601,-8,0,42,3
228.645,-19,592,-8,0,43,3
228.717,-19,592,-8,0,43,3
228.756,-25,584,0,0,43,3
228.830,-28,577,0,0,44,3
228.902,-30,570,0,0,44,3
228.942,-30,570,0,0,47,3
229.015,-36,565,-8,0,47,3
229.087,-41,559,0,0,49,4
229.128,-41,559,0,0,49,4
229.200,-41,553,0,0,49,4
229.273,-38,544,-8,0,49,4
229.313,-36,537,-8,0,49,4
229.384,-36,537,-8,0,50,4
229.457,-32,530,-8,0,51,4
229.497,-32,523,0,0,51,4
229.568,-32,523,0,0,53,4
229.641,-31,514,0,0,53,4
229.681,-31,505,0,0,53,4
229.753,-31,505,0,0,53,4
229.825,-31,495,0,0,53,4
229.864,-31,487,8,0,54,4
229.937,-31,479,0,0,53,4
230.009,-31,479,0,0,53,4
230.048,-30,471,8,0,54,4
230.121,-29,463,16,16,55,3
230.193,-29,463,16,16,55,3
230.233,-30,458,24,0,57,3
230.305,-36,456,24,0,57,3
230.377,-36,456,24,0,57,3
230.422,-42,455,24,0,58,3
230.494,-49,454,24,0,58,3
230.566,-49,454,24,0,57,3
230.606,-53,457,32,0,57,3
230.680,-52,461,32,0,57,3
230.752,-52,461,32,0,58,3
230.792,-55,467,48,0,58,3
230.865,-60,475,56,0,58,3
230.937,-60,475,56,0,58,3
230.976,-60,485,48,0,56,3
231.049,-63,493,39,0,54,3
231.122,-65,503,32,0,54,3
231.161,-65,503,32,0,53,4
231.235,-64,514,24,0,52,4
231.308,-67,524,24,0,52,4
231.347,-67,524,24,0,53,4
231.421,-66,536,16,0,51,4
231.493,-35,577,8,0,51,4
231.534,-3,613,8,0,49,4
231.605,-3,613,8,0,49,4
231.678,16,641,8,0,47,4
231.718,19,670,0,0,47,4
231.789,19,670,0,0,47,4
231.862,22,699,0,0,46,4
231.903,27,723,0,0,46,4
231.975,27,723,0,0,45,4
232.047,22,736,-8,0,45,4
232.087,23,741,-8,0,46,4
232.159,25,748,-8,0,46,4
232.232,25,748,-8,0,46,4
232.271,23,754,-8,0,45,4
232.343,23,762,-8,0,45,4
232.415,23,762,-8,0,45,4
232.459,21,767,-8,0,45,4
232.532,20,770,-8,0,43,4
232.604,20,770,-8,0,43,4
232.643,21,777,-8,0,45,4
232.716,26,783,-16,0,45,4
232.788,26,783,-16,0,45,4
232.828,35,789,-16,0,44,4
232.900,49,790,-16,0,44,4
232.972,49,790,-16,0,42,4
233.011,65,790,-16,0,42,4
233.084,114,792,-8,0,40,4
233.156,114,792,-8,0,40,4
233.196,150,792,-8,0,40,4
233.269,166,790,-8,0,40,4
233.341,166,790,-8,0,40,2
233.380,171,779,-8,0,40,2
233.453,169,776,0,0,39,2
233.525,167,776,0,0,39,2
233.565,167,776,0,0,39,2
233.639,164,776,0,0,38,2
233.711,175,781,0,0,38,2
233.751,175,781,0,0,39,2
233.825,188,782,0,0,38,2
233.897,205,784,0,0,38,2
233.938,217,789,0,0,38,2
234.009,217,789,0,0,38,2
234.082,232,793,0,0,37,1
234.122,245,792,0,0,36,1
234.194,245,792,0,0,36,1
234.266,257,787,0,0,34,1
234.307,267,785,0,0,34,1
234.380,267,785,0,0,34,1
234.452,271,784,0,0,34,4
234.497,267,782,0,0,34,4
234.571,259,780,0,0,33,4
234.643,259,780,0,0,33,4
234.682,251,778,0,0,34,4
234.755,234,776,0,0,33,4
234.827,234,776,0,0,33,4
234.866,215,771,0,0,33,4
234.939,199,765,0,0,33,4
235.011,199,765,0,0,33,4
235.050,197,762,0,0,33,4
235.123,193,760,0,0,33,4
235.195,193,760,0,0,33,4
235.235,188,757,0,0,33,4
235.307,182,754,0,0,33,4
235.379,182,754,0,0,33,4
235.419,180,754,-8,0,32,4
235.491,184,754,0,0,32,4
235.563,184,754,0,0,32,4
235.603,186,752,0,0,32,4
235.676,184,751,0,0,32,4
235.749,184,749,0,0,32,4
235.788,184,749,0,0,32,4
235.862,183,747,0,0,31,4
235.934,181,744,0,0,31,4
235.974,181,744,0,0,43,4
236.048,177,741,0,0,43,4
236.120,172,739,0,0,43,4
236.160,172,739,0,0,42,4
236.234,169,739,0,0,43,4
236.306,171,737,0,0,43,4
236.346,173,737,0,0,42,4
236.418,173,737,0,0,41,4
236.490,175,740,0,0,41,1
236.535,172,742,0,0,41,1
236.607,165,743,0,0,41,1
236.679,165,743,0,0,40,1
236.719,159,745,0,0,40,1
236.791,154,745,0,0,40,1
236.863,154,745,0,0,41,1
236.903,150,743,0,0,41,1
236.976,143,741,0,0,41,1
237.048,143,741,0,0,41,1
237.088,135,738,0,0,41,1
237.161,131,737,0,0,41,1
237.233,131,737,0,0,41,1
237.272,124,737,0,0,39,1
237.346,120,738,0,0,37,1
237.417,120,738,0,0,37,1
237.456,120,738,0,0,36,1
237.529,119,738,0,0,35,4
237.601,119,738,0,0,35,4
237.640,118,740,0,0,34,4
237.713,118,742,0,0,34,4
237.785,118,742,0,0,33,4
237.825,117,746,0,0,32,4
237.897,115,749,0,0,32,4
237.969,115,749,0,0,32,4
238.008,109,755,0,0,32,4
238.081,100,756,0,0,31,4
238.154,94,756,0,0,30,4
238.193,94,756,0,0,30,4
238.266,85,758,0,0,29,4
238.338,79,758,0,0,29,4
238.378,79,758,0,0,28,4
238.451,75,759,0,0,27,4
238.523,71,760,8,0,27,3
238.569,69,762,0,0,27,3
238.641,69,762,0,0,26,3
238.713,65,764,0,0,26,3
238.753,66,765,0,0,26,3
238.825,66,765,0,0,27,3
238.897,71,765,0,0,27,3
238.937,73,762,0,0,27,3
239.009,75,762,0,0,27,3
239.081,75,762,0,0,27,3
239.121,76,762,0,0,27,3
239.193,79,761,0,0,27,3
239.265,79,761,0,0,27,3
239.305,79,759,0,0,27,3
239.379,80,759,0,0,27,3
239.450,80,759,0,0,27,3
239.490,80,759,0,0,27,3
239.563,77,758,0,0,26,3
239.635,77,758,0,0,26,3
239.674,76,758,0,0,26,3
239.747,73,757,0,0,26,3
239.819,73,757,0,0,26,3
239.858,72,758,0,0,27,3
239.931,72,759,0,0,27,3
240.003,72,759,0,0,27,3
240.042,75,763,0,0,27,3
240.115,84,771,0,0,27,3
240.187,84,771,0,0,26,3
240.227,90,778,0,0,26,3
240.299,92,783,0,0,26,3
240.371,92,783,0,0,26,3
240.410,88,789,0,0,26,3
240.483,83,793,0,0,26,3
240.556,78,797,-8,0,26,4
240.600,78,797,-8,0,26,4
240.673,75,800,0,0,25,4
240.746,75,803,0,0,25,4
240.786,75,803,0,0,24,4
240.860,76,805,0,0,22,4
240.932,82,807,0,0,22,4
240.972,93,806,0,0,21,4
241.044,93,806,0,0,20,4
241.116,103,800,0,0,20,4
241.156,109,794,0,0,20,4
241.228,109,794,0,0,19,4
241.300,109,793,0,0,19,4
241.340,109,793,0,0,18,4
241.412,113,796,0,0,18,4
241.484,113,796,0,0,18,4
241.524,112,796,0,0,17,4
241.596,111,797,0,0,17,1
241.668,111,797,0,0,17,1
241.707,108,795,0,0,17,1
241.780,105,791,0,0,17,1
241.852,105,791,0,0,17,1
241.892,100,786,-8,0,17,1
241.965,94,782,0,0,17,1
242.037,94,782,0,0,17,1
242.076,89,777,0,0,17,1
242.149,84,772,0,0,16,1
242.221,84,772,0,0,16,1
242.260,84,770,-8,0,16,1
242.333,92,772,0,0,16,1
242.405,92,772,0,0,16,1
242.444,104,776,0,0,16,1
242.517,121,783,0,0,16,1
242.589,121,783,0,0,16,3
242.634,137,789,0,0,16,3
242.706,166,806,0,0,16,3
242.778,166,806,0,0,16,3
242.818,258,863,0,0,17,3
242.889,284,879,0,0,17,3
242.963,288,878,0,0,17,3
243.002,288,878,0,0,17,3
243.075,279,873,0,0,17,3
243.149,272,867,0,0,17,3
243.189,272,867,0,0,17,3
243.262,258,840,0,0,17,3
243.334,231,813,0,0,17,3
243.374,198,771,0,0,17,3
243.446,198,771,0,0,17,3
243.518,177,739,0,0,17,3
243.558,168,727,0,0,17,3
243.630,168,727,0,0,18,4
243.702,159,720,0,0,18,4
243.742,144,712,0,0,18,4
243.813,144,712,0,0,18,4
243.886,139,704,0,0,19,4
243.926,127,705,0,0,20,4
243.998,110,712,0,0,20,4
244.070,110,712,0,0,20,4
244.109,105,718,0,0,20,4
244.182,99,725,0,0,21,4
244.254,99,725,0,0,21,4
244.294,94,726,0,0,21,4
244.367,91,721,0,0,21,4
244.439,91,721,0,0,21,4
244.478,89,714,0,0,21,4
244.551,98,698,0,0,21,4
244.623,98,698,0,0,21,4
244.667,109,697,0,0,20,4
244.740,129,709,0,0,20,4
244.812,129,709,0,0,20,4
244.851,170,744,0,0,19,4
244.924,237,811,0,0,20,4
244.996,237,811,0,0,20,4
245.035,216,869,0,0,20,4
245.108,182,901,0,0,20,4
245.180,182,901,0,0,21,4
245.220,125,917,0,0,21,4
245.291,70,919,0,0,21,4
245.365,36,918,0,0,22,4
245.404,36,918,0,0,22,4
245.478,61,957,0,0,22,4
245.551,77,964,0,0,22,4
245.590,77,964,0,0,22,4
245.663,95,946,0,0,22,4
245.735,99,940,0,0,22,4
245.775,106,936,0,0,22,4
245.847,106,936,0,0,22,4
245.919,111,930,0,0,22,4
245.959,108,915,0,0,22,4
246.031,108,915,0,0,22,4
246.103,103,895,0,0,22,4
246.143,97,874,0,0,21,4
246.214,97,874,0,0,21,4
246.287,95,867,0,0,20,4
246.327,94,857,0,0,20,4
246.399,95,851,0,0,20,4
246.471,95,851,0,0,19,4
246.510,97,843,0,0,19,4
246.583,102,838,0,0,19,1
246.655,102,838,0,0,19,1
246.700,111,840,0,0,19,1
246.773,120,846,0,0,19,1
246.845,120,846,0,0,19,1
246.884,126,850,0,0,19,1
246.957,127,852,0,0,18,1
247.029,127,852,0,0,18,1
247.068,131,853,0,0,18,1
247.141,145,859,0,0,18,1
247.213,145,859,0,0,18,1
247.252,163,870,0,0,19,1
247.325,213,900,0,0,21,1
247.397,213,900,0,0,21,1
247.436,265,932,0,0,22,1
247.509,299,929,8,0,22,1
247.581,299,929,8,0,23,3
247.621,304,927,8,0,24,3
247.692,300,923,8,0,24,3
247.766,297,921,16,0,24,3
247.805,297,921,16,0,24,3
247.878,299,922,8,0,25,3
247.952,306,920,8,0,26,3
247.991,306,920,8,0,26,3
248.065,312,922,16,0,27,3
248.137,313,922,16,0,27,3
248.178,302,915,24,0,27,3
248.250,302,915,24,0,29,3
248.322,290,905,-16,0,29,3
248.362,279,899,-8,0,29,3
248.434,279,899,-8,0,30,0
248.506,271,894,0,0,30,0
248.546,270,894,0,0,30,0
248.618,270,894,0,0,30,0
248.690,269,893,0,0,30,0
248.735,264,889,-16,0,31,0
248.807,264,886,24,0,31,0
248.879,264,886,24,0,32,0
248.919,269,881,32,0,32,0
248.991,273,875,39,0,32,0
249.063,273,875,39,0,33,0
249.103,271,867,39,0,33,0
249.177,270,858,24,0,33,0
249.249,270,858,24,0,33,0
249.289,273,849,-8,0,33,0
249.362,283,840,0,0,34,0
249.434,283,840,0,0,34,0
249.473,308,821,-24,0,34,0
249.546,344,814,39,0,34,0
249.618,344,814,39,0,34,0
249.658,374,804,56,0,34,0
249.730,420,794,48,0,34,0
249.803,420,794,48,0,34,0
249.842,489,780,39,0,35,0
249.915,542,773,32,0,35,0
249.986,542,773,32,0,35,0
250.026,589,771,32,0,35,0
250.099,607,767,39,0,35,0
250.172,634,759,39,0,35,0
250.212,634,759,39,0,35,0
250.285,650,753,32,0,35,0
250.358,663,746,32,0,34,0
250.398,663,746,32,0,34,0
250.471,669,752,48,0,34,0
250.543,680,768,48,0,34,0
250.583,685,788,56,0,34,0
250.655,685,788,56,0,34,0
250.728,688,802,39,0,34,0
250.772,699,816,24,0,34,0
250.844,699,816,24,0,33,0
250.916,707,828,8,0,33,0
250.956,711,848,8,0,33,0
251.028,716,868,8,0,33,0
251.100,716,868,8,0,33,0
251.140,722,889,0,0,32,0
251.212,721,906,8,0,32,0
251.284,721,906,8,0,32,0
251.324,726,924,16,0,31,0
251.397,736,948,16,0,31,0
251.472,736,948,16,0,31,0
251.507,749,969,16,0,31,0
251.582,762,987,16,0,28,0
251.654,762,987,16,0,26,0
251.694,776,997,8,0,26,0
251.767,789,1010,16,0,22,0
251.838,789,1010,16,0,22,0
251.878,793,1026,16,0,22,0
251.951,797,1046,0,0,21,0
252.022,797,1046,0,0,21,0
252.061,798,1070,0,0,18,0
252.135,813,1092,8,0,17,0
252.206,813,1092,8,0,17,0
252.245,823,1097,24,0,16,0
252.318,840,1106,16,0,16,0
252.391,855,1108,39,0,16,0
252.431,855,1108,39,0,14,0
252.504,866,1107,48,0,14,0
252.577,876,1110,8,0,14,0
252.617,876,1110,8,0,13,0
252.690,885,1114,8,0,13,0
252.764,903,1123,64,0,13,0
252.808,923,1134,64,0,13,0
252.881,923,1134,64,0,12,0
252.954,949,1151,72,0,11,0
252.994,977,1177,-8,0,11,0
253.066,977,1177,-8,0,11,0
253.138,993,1192,0,0,11,0
253.178,999,1222,-8,0,10,0
253.251,994,1243,-24,0,9,0
253.323,994,1243,-24,0,9,0
253.362,972,1261,-32,0,9,0
253.435,941,1277,-32,0,8,0
253.507,941,1277,-32,0,8,0
253.546,923,1278,-39,0,8,0
253.619,919,1278,-39,0,7,0
253.691,919,1278,-39,0,7,0
253.730,912,1276,-32,0,7,0
253.802,898,1273,-16,0,7,0
253.874,898,1273,-16,0,7,0
253.914,879,1272,-16,0,7,0
253.986,857,1270,-16,0,7,0
254.058,857,1270,-16,0,7,0
254.098,831,1270,-8,0,7,0
254.171,804,1271,-8,0,6,0
254.243,804,1271,-8,0,6,0
254.282,773,1272,8,0,6,0
254.355,679,1274,8,0,6,0
254.427,679,1274,8,0,6,0
254.466,586,1275,8,0,7,0
254.539,490,1278,0,0,7,0
254.611,490,1278,0,0,7,0
254.650,391,1279,8,0,7,0
254.723,305,1286,39,0,6,0
254.796,225,1285,24,0,6,0
254.840,225,1285,24,0,6,0
254.914,150,1283,24,0,6,0
254.987,68,1276,32,0,6,0
255.027,-115,1239,56,0,6,0
255.099,-115,1239,56,0,6,0
255.171,-310,1202,64,0,5,0
255.211,-497,1162,64,0,5,0
255.285,-497,1162,64,0,5,0
255.357,-669,1124,64,0,5,0
255.397,-809,1118,39,0,5,0
255.470,-809,1118,39,0,5,0
255.543,-887,1233,39,0,5,0
255.582,-942,1372,0,0,5,0
255.655,-981,1513,0,0,5,0
255.726,-981,1513,0,0,5,0
255.765,-1008,1648,0,0,4,0
255.839,-1035,1755,88,0,4,0
255.910,-1035,1755,88,0,4,0
255.950,-1057,1850,88,0,4,0
256.023,-1154,1787,64,0,4,0
256.094,-1154,1787,64,0,4,0
256.134,-1259,1708,64,0,4,0
256.206,-1367,1639,24,0,4,0
256.279,-1367,1639,24,0,4,0
256.318,-1475,1567,24,0,4,0
256.390,-1547,1519,72,0,4,0
256.463,-1547,1519,72,0,4,0
256.503,-1610,1475,72,0,4,0
256.576,-1664,1438,72,0,4,0
256.649,-1664,1438,72,0,4,0
256.688,-1710,1405,72,0,4,0
256.761,-1780,1390,32,0,4,0
256.834,-1780,1390,32,0,4,0
256.878,-1849,1381,32,0,4,0
256.951,-1914,1376,32,0,4,0
257.024,-1972,1373,32,0,4,0
257.064,-1972,1373,32,0,4,0
257.137,-2042,1398,24,0,4,0
257.210,-2109,1430,24,0,4,0
257.250,-2109,1430,24,0,4,0
257.323,-2171,1462,24,0,4,0
257.395,-2226,1494,24,0,4,0
257.436,-2275,1523,24,0,4,0
257.509,-2275,1523,24,0,4,0
257.580,-2317,1549,24,0,4,0
257.619,-2353,1572,24,0,4,0
257.691,-2353,1572,24,0,4,0
257.764,-2369,1583,24,0,4,0
257.805,-2384,1592,24,0,4,0
257.877,-2397,1601,24,0,4,0
257.950,-2397,1601,24,0,3,0
257.990,-2408,1609,24,0,3,0
258.062,-2419,1616,24,0,3,0
258.134,-2419,1616,24,0,3,0
258.175,-2429,1622,24,0,3,0
258.247,-2437,1628,24,0,3,0
258.318,-2437,1628,24,0,3,0
258.358,-2430,1637,0,0,3,0
258.430,-2420,1644,0,0,2,0
258.502,-2420,1644,0,0,2,0
258.542,-2409,1650,0,0,2,0
258.615,-2407,1646,0,0,2,0
258.686,-2407,1646,0,0,2,0
258.732,-2405,1644,0,0,2,0
258.802,-2401,1642,0,0,2,0
258.871,-2401,1642,0,0,2,0
258.915,-2392,1648,0,0,2,0
258.988,-2388,1649,0,0,2,0
259.061,-2388,1649,0,0,2,0
259.101,-2384,1650,0,0,2,0
259.174,-2380,1650,0,0,2,0
259.247,-2376,1651,0,0,2,0
259.287,-2376,1651,0,0,2,0
259.360,-2367,1652,0,0,2,0
259.433,-2357,1652,0,0,2,0
259.473,-2357,1652,0,0,2,0
259.546,-2347,1652,0,0,2,0
259.618,-2338,1652,0,0,2,0
259.658,-2329,1652,0,0,2,0
259.730,-2329,1652,0,0,2,0
259.802,-2321,1652,0,0,2,0
259.842,-2312,1652,0,0,2,0
259.914,-2312,1652,0,0,2,0
259.986,-2300,1654,0,0,2,0
260.026,-2289,1657,0,0,2,0
260.098,-2289,1657,0,0,2,0
260.173,-2275,1663,0,0,2,0
260.210,-2259,1669,0,0,2,0
260.284,-2244,1676,0,0,2,0
260.356,-2244,1676,0,0,2,0
260.396,-2230,1682,0,0,2,0
260.469,-2216,1688,0,0,2,0
260.541,-2216,1688,0,0,2,0
260.581,-2203,1693,0,0,2,0
260.653,-2190,1699,0,0,2,0
260.725,-2190,1699,0,0,2,0
260.765,-2178,1704,0,0,2,0
260.838,-2166,1709,0,0,2,0
260.909,-2166,1709,0,0,2,0
260.954,-2154,1714,0,0,2,0
261.027,-2143,1719,0,0,2,0
261.098,-2143,1719,0,0,2,0
261.138,-2132,1723,0,0,2,0
261.210,-2113,1734,0,0,2,0
261.282,-2113,1734,0,0,2,0
261.322,-2072,1751,0,0,2,0
261.394,-1911,1808,0,0,2,0
261.467,-1418,1934,0,0,2,0
261.507,-1418,1934,0,0,2,0
261.580,-943,2073,0,0,2,0
261.653,-514,2174,0,0,2,0
261.693,-514,2174,0,0,2,0
261.766,-136,2270,0,0,2,0
261.839,174,2354,0,0,2,0
261.879,174,2354,0,0,2,0
261.952,205,2396,0,0,3,0
262.023,208,2423,0,0,3,0
262.063,225,2441,0,0,3,0
262.135,225,2441,0,0,3,0
262.208,222,2444,0,0,3,0
262.247,196,2443,0,0,3,0
262.319,196,2443,0,0,3,0
262.391,171,2447,0,0,3,0
262.431,153,2459,0,0,3,0
262.503,136,2458,0,0,3,0
262.575,136,2458,0,0,3,0
262.615,100,2450,0,0,3,0
262.687,65,2440,0,0,3,0
262.760,65,2440,0,0,3,0
262.800,48,2435,0,0,3,0
262.872,33,2430,0,0,3,0
262.944,33,2430,0,0,3,0
262.989,19,2426,0,0,3,0
263.061,6,2422,0,0,3,0
263.133,6,2422,0,0,3,0
263.173,-24,2401,0,0,3,0
263.245,-59,2377,0,0,3,0
263.318,-59,2377,0,0,3,0
263.357,-91,2355,0,0,3,0
263.430,-119,2335,0,0,3,0
263.501,-119,2335,0,0,3,0
263.543,-135,2322,0,0,3,0
263.613,-164,2312,0,0,3,0
263.685,-164,2312,0,0,3,0
263.725,-266,2290,0,0,3,0
263.798,-468,2250,0,0,3,0
263.870,-653,2214,0,0,3,0
263.910,-653,2214,0,0,3,0
263.983,-797,2210,0,0,3,0
264.056,-919,2233,0,0,3,0
264.096,-919,2233,0,0,3,0
264.169,-1025,2267,0,0,3,0
264.242,-1115,2304,0,0,3,0
264.282,-1217,2321,0,0,3,0
264.354,-1217,2321,0,0,3,0
264.426,-1313,2334,0,0,3,0
264.467,-1400,2344,0,0,3,0
264.538,-1400,2344,0,0,3,0
264.610,-1492,2334,0,0,3,0
264.655,-1621,2230,0,0,3,0
264.722,-1621,2230,0,0,3,0
264.794,-1725,2129,0,0,3,0
264.834,-1824,2024,0,0,3,0
264.906,-1885,1936,0,0,3,0
264.978,-1885,1936,0,0,3,0
265.023,-1937,1834,0,0,3,0
265.095,-1967,1755,0,0,3,0
265.167,-1967,1755,0,0,3,0
265.207,-1951,1737,0,0,3,0
265.281,-1920,1736,0,0,3,0
265.354,-1920,1736,0,0,3,0
265.394,-1899,1741,0,0,3,0
265.466,-1899,1749,0,0,3,0
265.538,-1899,1749,0,0,3,0
265.578,-1905,1759,0,0,3,0
265.658,-1910,1768,0,0,3,0
265.722,-1910,1768,0,0,3,0
265.762,-1915,1776,0,0,3,0
265.834,-1919,1783,0,0,3,0
265.906,-1919,1783,0,0,3,0
265.946,-1919,1782,0,0,3,0
266.019,-1918,1776,0,0,3,0
266.090,-1918,1776,0,0,3,0
266.130,-1921,1770,0,0,3,0
266.202,-1934,1749,0,0,3,0
266.275,-1936,1747,0,0,3,0
266.314,-1936,1747,0,0,3,0
266.388,-1937,1746,0,0,3,0
266.461,-1939,1745,0,0,3,0
266.501,-1939,1745,0,0,3,0
266.574,-1940,1745,0,0,3,0
266.647,-1941,1744,0,0,3,0
266.687,-1942,1744,0,0,3,0
266.759,-1942,1744,0,0,3,0
266.831,-1943,1743,0,0,3,0
266.872,-1944,1742,0,0,3,0
266.943,-1944,1742,0,0,3,0
267.015,-1945,1742,0,0,3,0
267.060,-1950,1738,0,0,3,0
267.133,-1958,1734,0,0,3,0
267.204,-1958,1734,0,0,3,0
267.244,-1968,1730,0,0,3,0
267.318,-1978,1726,0,0,3,0
267.390,-1978,1726,0,0,3,0
267.428,-1982,1727,0,0,3,0
267.500,-1987,1726,0,0,3,0
267.572,-1987,1726,0,0,3,0
267.613,-1996,1723,0,0,3,0
267.685,-2006,1719,0,0,3,0
267.759,-2006,1719,0,0,3,0
267.797,-2015,1716,0,0,3,0
267.871,-2024,1712,0,0,3,0
267.943,-2024,1712,0,0,3,0
267.982,-2032,1714,-8,0,3,0
268.055,-2036,1720,-8,0,3,0
268.128,-2036,1720,-8,0,3,0
268.166,-2042,1721,-8,0,3,0
268.246,-2052,1711,-8,0,3,0
268.311,-2052,1711,-8,0,3,0
268.351,-2064,1699,0,0,3,0
268.424,-2071,1687,-32,0,3,0
268.495,-2071,1687,-32,0,3,0
268.535,-2078,1673,-32,0,3,0
268.608,-2084,1660,-32,0,3,0
268.681,-2090,1647,-32,0,3,0
268.721,-2090,1647,-32,0,3,0
268.794,-2096,1635,-32,0,3,0
268.867,-2102,1623,-32,0,3,0
268.907,-2102,1623,-32,0,3,0
268.981,-2107,1612,-32,0,3,0
269.053,-2113,1601,-32,0,3,0
269.098,-2118,1590,-32,0,3,0
269.171,-2118,1590,-32,0,3,0
269.243,-2123,1580,-32,0,3,0
269.283,-2128,1570,-32,0,3,0
269.361,-2132,1561,-32,0,2,0
269.429,-2132,1561,-32,0,2,0
269.467,-2136,1556,-32,0,2,0
269.540,-2134,1549,-56,0,2,0
269.612,-2134,1549,-56,0,2,0
269.651,-2131,1548,-48,0,2,0
269.723,-2121,1543,-72,0,2,0
269.795,-2121,1543,-72,0,2,0
269.835,-2108,1546,-39,0,2,0
269.907,-2092,1550,-39,0,2,0
269.980,-2092,1550,-39,0,2,0
270.019,-2080,1553,-24,0,2,0
270.091,-2069,1565,0,0,2,0
270.164,-2069,1565,0,0,2,0
270.204,-2060,1578,0,0,2,0
270.277,-2049,1585,-72,0,2,0
270.350,-2049,1585,-72,0,2,0
270.390,-2032,1591,-64,0,2,0
270.463,-2010,1587,-72,0,3,0
270.534,-2010,1587,-72,0,3,0
270.574,-1923,1547,-72,0,3,0
270.647,-1756,1463,-64,0,3,0
270.719,-1756,1463,-64,0,3,0
270.758,-1574,1381,-48,0,3,0
270.830,-1424,1304,-72,0,3,0
270.903,-1286,1228,-72,0,3,0
270.943,-1286,1228,-72,0,3,0
271.016,-1116,1240,-48,0,2,0
271.089,-949,1271,-48,0,2,0
271.134,-822,1297,-24,0,2,0
271.206,-822,1297,-24,0,2,0
271.278,-773,1289,-56,0,3,0
271.318,-722,1277,-72,0,3,0
271.390,-722,1277,-72,0,3,0
271.463,-683,1263,-72,0,3,0
271.503,-618,1238,-48,0,3,0
271.576,-618,1238,-48,0,3,0
271.649,-572,1197,-24,0,3,0
271.689,-534,1167,-32,0,3,0
271.762,-520,1128,-39,0,3,0
271.834,-520,1128,-39,0,3,0
271.873,-537,1077,-39,0,3,0
271.945,-566,1022,-39,0,3,0
272.017,-566,1022,-39,0,3,0
272.057,-564,978,-48,0,4,0
272.129,-524,949,-56,0,4,0
272.201,-524,949,-56,0,4,0
272.241,-453,912,-56,0,4,0
272.313,-371,874,-39,0,4,0
272.385,-371,874,-39,23,5,0
272.425,-263,835,-39,0,7,0
272.497,-174,795,-39,0,7,0
272.570,-174,795,-39,0,7,0
272.609,-166,756,-56,0,7,0
272.681,-185,734,-32,0,8,0
272.753,-185,734,-32,0,11,0
272.794,-195,717,0,0,11,0
272.866,-132,709,8,22,13,0
272.938,-132,709,8,22,13,0
272.977,-67,711,24,0,14,0
273.050,-32,714,39,0,14,0
273.122,-32,714,39,0,14,0
273.166,24,724,39,0,15,0
273.241,101,758,32,0,15,0
273.314,153,798,24,0,15,0
273.352,153,798,24,0,16,0
273.426,158,825,8,0,17,0
273.498,164,857,8,0,17,0
273.539,180,874,-8,18,18,0
273.611,180,874,-8,18,18,0
273.683,216,869,-8,0,19,0
273.723,240,857,-16,0,19,0
273.795,240,857,-16,0,19,2
273.867,257,854,-16,0,20,2
273.907,255,842,-16,0,20,2
273.979,255,842,-16,0,21,2
274.052,224,834,-16,0,22,2
274.092,185,817,-16,0,22,2
274.165,147,796,-8,0,22,2
274.237,147,796,-8,0,22,2
274.276,107,781,0,0,23,2
274.349,54,755,0,0,25,2
274.421,54,755,0,0,25,1
274.460,46,742,-8,0,25,1
274.533,37,730,0,0,25,2
274.605,37,730,0,0,25,2
274.644,29,718,0,0,26,2
274.717,24,707,0,0,28,2
274.789,24,707,0,0,28,2
274.829,31,701,-8,0,29,2
274.901,30,695,0,0,29,2
274.973,30,695,0,0,22,2
275.012,32,697,0,0,22,2
275.085,37,702,0,0,31,2
275.157,37,702,0,0,33,2
275.202,39,706,0,0,33,2
275.275,45,713,0,0,35,2
275.347,45,713,0,0,37,2
275.387,53,722,0,0,37,1
275.460,59,734,0,0,39,1
275.532,63,746,0,0,39,1
275.572,63,746,0,0,41,1
275.645,63,754,0,0,42,1
275.717,64,764,0,0,42,1
275.757,64,764,0,0,44,1
275.830,75,780,0,0,46,1
275.902,85,803,0,0,46,1
275.943,114,867,0,0,46,1
276.015,114,867,0,0,47,1
276.087,139,890,0,0,47,1
276.127,173,887,0,0,47,1
276.198,173,887,0,0,47,1
276.271,202,868,0,0,47,1
276.311,209,848,0,0,47,1
276.383,209,848,0,0,47,1
276.456,189,822,0,0,46,1
276.496,131,760,0,0,46,1
276.569,51,703,0,0,46,1
276.641,51,703,0,0,46,1
276.680,-10,673,0,0,47,1
276.753,34,686,0,0,45,1
276.825,34,686,0,0,45,1
276.864,53,699,0,0,45,1
276.937,47,703,0,0,45,1
277.009,47,703,0,0,45,1
277.048,36,707,0,0,46,1
277.121,24,704,0,0,48,1
277.193,24,704,0,0,48,1
277.237,14,697,0,0,50,1
277.310,7,688,0,0,50,1
277.382,7,688,0,0,52,1
277.422,6,676,0,0,54,1
277.494,14,679,0,0,54,1
277.566,14,679,0,0,56,1
277.606,18,683,0,0,56,1
277.679,20,689,0,0,56,1
277.752,27,693,0,0,57,1
277.791,27,693,0,0,57,1
277.864,32,695,0,0,57,1
277.936,30,693,0,0,57,1
277.976,30,693,0,0,57,1
278.049,24,693,0,0,56,4
278.121,18,693,0,0,56,4
278.161,18,693,0,0,57,4
278.234,16,689,0,0,57,4
278.306,16,689,0,0,57,4
278.346,16,690,0,0,56,4
278.418,16,690,0,0,57,4
278.490,18,693,0,0,57,4
278.530,17,698,0,0,58,4
278.601,17,698,0,0,58,4
278.674,13,700,0,0,57,4
278.714,6,701,0,0,57,4
278.785,6,701,0,0,57,4
278.858,5,702,0,0,56,4
278.897,6,704,0,0,56,4
278.970,8,706,0,0,56,4
279.042,8,706,0,0,56,4
279.081,10,707,0,0,57,4
279.154,11,706,0,0,57,3
279.226,11,706,0,0,57,3
279.270,11,709,0,0,57,3
279.343,14,710,0,0,56,3
279.415,14,710,0,0,56,3
279.454,16,711,0,0,55,3
279.527,17,713,-8,0,55,3
279.599,17,713,-8,0,55,3
279.638,17,713,0,0,55,3
279.711,16,714,0,0,55,3
279.783,16,714,0,0,53,3
279.823,15,713,0,0,53,3
279.895,12,712,0,0,53,3
279.967,12,712,0,0,54,3
280.006,8,711,0,0,54,3
280.079,6,710,0,0,54,3
280.151,6,710,0,0,54,3
280.190,33,706,0,0,54,4
280.263,63,702,0,0,55,4
280.335,89,699,0,0,55,4
280.375,89,699,0,0,56,4
280.449,100,704,0,0,57,4
280.521,105,710,0,0,57,4
280.561,105,710,0,0,58,4
280.635,103,716,0,0,59,4
280.707,98,720,0,0,59,4
280.748,91,735,0,0,60,4
280.820,91,735,0,0,61,4
280.892,94,750,0,0,61,4
280.932,112,764,0,0,62,4
281.004,112,764,0,0,62,4
281.076,121,770,0,0,63,4
281.116,127,776,0,0,62,4
281.188,127,776,0,0,62,4
281.261,129,776,0,0,61,4
281.306,129,778,0,0,61,4
281.379,131,778,0,0,60,1
281.450,131,778,0,0,59,1
281.490,132,782,0,0,59,1
281.563,134,783,0,0,58,1
281.635,134,783,0,0,58,1
281.674,133,784,0,0,57,1
281.747,133,783,0,0,56,1
281.819,133,783,0,0,56,1
281.858,132,782,0,0,56,1
281.931,128,778,0,0,57,1
282.003,128,778,0,0,57,1
282.042,124,775,0,0,58,1
282.115,123,773,0,0,58,1
282.187,123,773,0,0,58,1
282.227,123,771,0,0,58,1
282.299,124,768,0,0,58,1
282.371,124,768,0,0,59,1
282.411,126,764,0,0,59,1
282.483,128,759,0,0,58,1
282.555,128,759,0,0,58,1
282.595,129,755,0,0,58,1
282.668,130,754,0,0,58,1
282.741,130,752,0,0,58,1
282.781,130,752,0,0,59,1
282.855,129,750,0,0,60,1
282.927,129,748,0,0,60,1
282.967,129,748,0,0,61,1
283.041,132,746,0,0,61,1
283.113,133,747,0,0,61,1
283.153,133,748,0,0,61,1
283.225,133,748,0,0,61,1
283.297,133,747,0,0,61,1
283.342,133,748,0,0,61,1
283.413,133,748,0,0,61,1
283.486,131,753,0,0,61,1
283.526,126,770,0,0,60,1
283.598,102,816,0,0,60,1
283.670,102,816,0,0,60,1
283.709,82,860,0,0,60,1
283.782,59,923,0,0,60,1
283.854,59,923,0,0,59,1
283.894,53,932,0,0,59,1
283.967,45,943,0,0,58,1
284.039,45,943,0,0,58,1
284.078,46,943,0,0,57,1
284.151,50,943,0,0,56,1
284.223,50,943,0,0,56,1
284.262,58,943,0,0,56,1
284.335,69,938,0,0,55,1
284.407,69,938,0,0,55,1
284.447,84,930,8,0,53,1
284.519,97,922,0,0,51,1
284.591,97,922,0,0,51,1
284.631,107,919,0,0,49,1
284.703,110,924,0,0,49,1
284.775,110,924,0,0,47,1
284.815,108,928,0,0,46,1
284.887,106,920,0,0,46,1
284.960,104,911,0,0,44,1
284.999,104,911,0,0,44,1
285.072,100,903,0,0,43,1
285.145,89,896,0,0,43,1
285.185,89,896,0,0,42,1
285.259,65,888,0,0,41,1
285.331,0,872,0,0,41,1
285.377,-33,854,0,0,40,1
285.449,-33,854,0,0,40,1
285.521,-14,825,0,0,40,1
285.561,-6,813,0,0,39,1
285.633,-6,813,0,0,38,1
285.705,3,801,0,0,38,1
285.745,14,792,0,0,38,1
285.817,27,782,0,0,38,1
285.890,27,782,0,0,38,1
285.930,31,772,0,0,38,1
286.002,31,761,0,0,38,1
286.074,31,761,0,0,38,1
286.114,26,754,0,0,38,1
286.186,15,735,0,0,37,1
286.258,15,735,0,0,37,1
286.298,15,724,8,0,37,1
286.371,17,719,0,0,36,1
286.443,17,719,0,0,36,1
286.482,19,715,0,0,38,1
286.555,22,707,0,0,39,1
286.627,22,707,0,0,39,1
286.666,23,700,0,0,38,1
286.739,20,699,0,0,38,1
286.811,20,699,0,0,38,1
286.850,19,698,0,0,38,1
286.923,17,698,0,0,38,1
286.995,17,698,0,0,38,1
287.034,13,701,0,0,37,1
287.107,10,701,0,0,37,1
287.179,10,701,0,0,37,1
287.219,13,704,0,0,37,1
287.291,14,707,0,0,37,1
287.364,15,711,0,0,37,1
287.408,15,711,0,0,37,1
287.482,10,710,0,0,37,1
287.559,8,711,0,0,37,1
287.595,8,711,0,0,37,1
287.668,9,707,8,0,37,1
287.740,10,708,0,0,37,1
287.780,16,710,0,0,37,1
287.852,16,710,0,0,37,1
287.924,34,721,0,0,37,1
287.964,56,735,0,0,37,1
288.036,56,735,0,0,38,1
288.108,76,749,0,0,38,1
288.148,92,760,0,0,39,1
288.220,105,771,0,0,40,1
288.292,105,771,0,0,40,1
288.332,110,776,0,0,40,1
288.404,104,779,0,0,40,1
288.476,104,779,0,0,41,1
288.516,94,775,0,0,42,1
288.588,48,758,0,0,42,1
288.660,48,758,0,0,43,4
288.700,-45,724,0,0,43,4
288.773,-151,674,0,0,43,4
288.845,-151,674,0,0,43,4
288.884,-237,644,0,0,43,4
288.957,-270,624,0,0,44,4
289.029,-270,624,0,0,44,4
289.068,-264,606,0,0,45,4
289.141,-238,581,0,0,47,4
289.213,-238,581,0,0,47,4
289.252,-213,578,0,0,49,4
289.325,-190,564,0,0,51,4
289.397,-190,564,0,0,51,4
289.441,-121,555,0,0,52,4
289.514,-2,603,0,0,52,4
289.586,-2,603,0,0,54,4
289.626,95,666,0,0,55,4
289.699,171,732,0,0,55,4
289.772,215,792,0,0,55,1
289.812,215,792,0,0,55,1
289.884,207,807,0,0,56,1
289.958,180,813,0,0,56,1
289.997,180,813,0,0,56,1
290.070,180,818,0,0,56,1
290.143,184,836,0,0,56,1
290.183,183,851,0,0,57,1
290.255,183,851,0,0,57,1
290.327,146,832,0,0,57,1
290.367,104,802,0,0,58,1
290.439,104,802,0,0,58,1
290.511,62,768,0,0,58,1
290.551,63,748,0,0,58,1
290.623,71,747,0,0,60,1
290.695,71,747,0,0,60,1
290.734,81,748,0,0,60,1
290.807,89,747,0,0,60,3
290.879,89,747,0,0,60,3
290.919,89,745,0,0,59,3
290.991,83,742,0,0,59,3
291.063,83,742,0,0,61,3
291.103,78,739,0,0,61,3
291.176,76,736,0,0,62,3
291.248,76,736,0,0,62,3
291.288,74,733,-8,0,62,3
291.361,76,730,0,0,62,3
291.433,76,730,0,0,62,3
291.477,75,730,0,0,63,3
291.550,69,730,0,0,62,3
291.622,69,730,0,0,62,3
291.661,61,726,0,0,62,3
291.734,55,721,0,0,62,3
291.806,55,721,0,0,62,3
291.846,46,718,0,0,63,3
291.918,37,716,0,0,64,3
291.990,29,715,0,0,64,3
292.031,29,715,0,0,63,3
292.102,22,712,0,0,63,3
292.175,17,704,0,0,63,3
292.216,17,704,0,0,64,3
292.288,15,694,0,0,64,3
292.362,16,689,0,0,64,3
292.401,16,689,0,0,64,3
292.475,17,688,0,0,65,3
292.547,17,685,0,0,66,3
292.588,12,683,0,0,66,3
292.660,12,683,0,0,68,3
292.732,6,680,0,0,68,3
292.772,2,681,0,0,69,3
292.844,2,681,0,0,70,3
292.916,6,686,0,0,70,1
292.955,21,691,0,0,69,1
293.028,38,697,0,0,68,1
293.100,38,697,0,0,68,1
293.139,28,698,0,0,67,1
293.212,17,699,0,0,67,1
293.284,17,699,0,0,66,1
293.324,19,702,0,0,65,1
293.396,23,706,0,0,65,1
293.468,23,706,0,0,64,1
293.512,38,708,0,0,64,1
293.585,52,710,0,0,64,1
293.658,52,710,0,0,64,1
293.697,63,717,0,0,64,1
293.770,68,729,0,0,63,1
293.842,68,729,0,0,63,1
293.881,76,744,0,0,63,1
293.954,80,757,0,0,63,1
294.026,80,757,0,0,63,3
294.065,89,770,0,0,63,3
294.138,101,787,0,0,64,3
294.210,101,787,0,0,64,3
294.249,99,783,0,0,64,3
294.322,96,776,0,0,63,3
294.394,92,769,0,0,63,3
294.434,92,769,0,0,61,3
294.506,86,762,0,0,61,3
294.579,80,757,0,0,59,3
294.620,80,757,0,0,58,3
294.691,74,752,-8,0,58,3
294.765,69,746,-8,0,58,3
294.805,63,741,0,0,58,3
294.876,63,741,0,0,58,3
294.949,57,736,0,0,57,3
294.990,55,735,-8,0,57,3
295.062,55,735,-8,0,55,4
295.134,50,735,0,0,55,4
295.174,50,734,-8,0,54,4
295.246,50,734,-8,0,53,4
295.318,53,732,0,0,53,4
295.358,55,732,-8,0,54,4
295.430,57,735,-8,0,55,4
295.502,57,735,-8,0,55,4
295.546,57,735,0,0,57,4
295.619,53,735,-8,0,59,4
295.691,53,735,-8,0,59,4
295.731,48,734,-16,0,60,4
295.803,42,732,-8,0,60,4
295.875,42,732,-8,0,60,4
295.915,35,732,-8,0,61,4
295.987,30,732,0,0,61,4
296.060,30,732,0,22,63,3
296.100,23,733,0,22,63,3
296.172,17,734,0,0,65,3
296.244,17,734,0,0,65,3
296.283,14,736,0,0,66,3
296.356,12,737,0,22,67,3
296.428,12,737,0,22,67,3
296.467,8,738,0,0,67,3
296.540,-6,732,0,0,65,3
296.612,-6,732,0,0,65,3
296.651,-22,727,0,0,64,3
296.724,-35,724,0,0,63,3
296.796,-72,720,0,0,63,3
296.836,-72,720,0,0,63,3
296.909,-77,719,0,0,63,3
296.981,-76,719,0,0,64,3
297.022,-76,719,0,0,64,3
297.094,-64,716,0,0,64,3
297.167,-54,712,0,0,63,3
297.206,-54,712,0,0,63,3
297.279,-56,707,0,0,63,3
297.352,-59,699,0,0,63,3
297.393,-64,693,0,0,63,3
297.465,-64,693,0,0,63,3
297.537,-68,690,0,0,63,3
297.582,-75,689,8,0,63,3
297.654,-87,687,8,0,64,3
297.726,-87,687,8,0,64,3
297.765,-96,688,8,0,66,3
297.838,-97,692,0,0,67,3
297.910,-97,692,0,0,67,3
297.949,-103,693,8,0,68,3
298.022,-109,685,8,0,68,3
298.094,-109,685,8,0,68,3
298.134,-117,679,8,0,68,3
298.206,-121,676,8,0,68,3
298.278,-121,676,8,0,68,3
298.318,-122,674,8,0,68,3
298.390,-124,675,8,0,68,3
298.462,-124,675,8,0,68,3
298.502,-124,671,8,0,68,3
298.575,-130,667,0,0,70,3
298.647,-130,667,0,0,72,3
298.687,-137,663,0,0,72,3
298.760,-143,658,0,0,74,3
298.832,-143,658,0,0,74,3
298.871,-151,654,0,0,73,3
298.944,-161,653,0,0,73,3
299.016,-161,653,0,0,73,3
299.055,-168,654,-8,0,73,3
299.128,-174,656,0,0,73,3
299.200,-175,658,-8,0,73,3
299.240,-175,658,-8,0,74,3
299.313,-171,663,-16,0,74,3
299.386,-169,667,-8,0,73,3
299.427,-169,667,-8,0,72,3
299.499,-170,665,-8,0,72,3
299.572,-170,663,-8,0,71,3
299.618,-170,659,-8,0,72,3
299.690,-170,659,-8,0,72,3
299.762,-169,656,0,0,71,3
299.803,-163,654,-16,0,71,0
299.876,-163,654,-16,0,72,0
299.948,-154,658,-8,0,69,0
299.988,-141,667,-8,0,69,0
300.061,-101,690,0,0,68,0
300.133,-101,690,0,0,68,0
300.172,-82,691,0,0,65,0
300.245,-58,686,-8,0,63,0
300.317,-58,686,-8,0,63,0
300.356,-30,684,0,0,61,0
300.429,4,677,0,0,60,0
300.501,4,677,0,0,60,0
300.540,31,662,8,0,61,0
300.613,49,654,0,0,61,0
300.685,49,654,0,0,60,0
300.725,76,642,0,0,58,0
300.797,94,633,-8,0,58,0
300.869,94,633,-8,0,57,3
300.908,119,622,0,0,57,3
300.981,151,623,0,0,55,3
301.053,151,623,0,0,55,3
301.093,168,641,0,0,55,3
301.166,195,645,0,0,55,3
301.238,195,645,0,0,55,3
301.277,225,639,0,0,56,3
301.350,257,640,0,0,54,3
301.422,257,640,0,0,54,3
301.461,297,650,0,0,54,3
301.535,382,664,0,0,53,3
301.607,441,681,-8,0,53,3
301.652,441,681,-8,0,53,3
301.726,442,717,0,0,50,3
301.798,444,733,0,0,50,3
301.839,447,746,8,21,50,3
301.910,447,746,8,21,50,3
301.983,438,757,8,0,51,3
302.023,439,776,16,0,50,3
302.095,439,776,16,0,50,3
302.167,436,781,8,0,51,3
302.207,445,775,8,0,51,0
302.279,445,775,8,0,50,0
302.351,464,775,16,0,51,0
302.391,468,777,16,0,51,0
302.464,466,777,-8,0,52,0
302.536,466,777,-8,0,52,0
302.575,451,776,8,0,51,0
302.648,434,773,-8,0,49,0
302.720,434,773,-8,0,49,0
302.759,412,770,0,0,47,0
302.832,331,751,0,0,48,0
302.904,331,751,0,0,48,0
302.943,191,719,0,0,49,3
303.016,90,692,0,0,49,3
303.088,90,692,0,0,49,3
303.128,29,680,0,0,50,3
303.200,11,675,0,0,50,3
303.272,11,675,0,0,50,3
303.311,0,673,0,0,50,2
303.384,-3,684,0,0,49,2
303.456,-3,684,0,0,49,2
303.495,-5,707,0,0,49,2
303.568,5,728,0,0,49,2
303.640,5,728,0,0,49,2
303.684,29,747,0,0,48,2
303.757,54,765,0,0,48,2
303.829,97,792,0,0,48,2
303.869,97,792,0,0,49,2
303.943,172,837,0,0,49,2
304.015,89,810,8,0,49,1
304.055,89,810,8,0,49,2
304.129,75,802,8,0,48,2
304.201,65,796,0,0,48,2
304.242,55,790,0,0,49,2
304.314,55,790,0,0,49,2
304.386,44,785,0,0,50,4
304.426,34,780,8,0,52,4
304.497,34,780,8,0,52,4
304.570,20,776,8,24,54,4
304.610,8,772,8,24,54,4
304.681,8,772,8,0,57,4
304.754,-4,765,0,0,57,4
304.793,-13,758,8,0,57,4
304.866,-16,756,0,0,58,4
304.938,-16,756,0,0,58,4
304.977,-10,756,-8,0,58,4
305.050,-1,763,-8,0,59,4
305.122,-1,763,-8,0,59,4
305.161,8,770,-8,0,59,4
305.235,10,770,-8,0,60,4
305.306,10,770,-8,0,60,4
305.346,13,769,0,0,61,4
305.418,13,767,-8,0,63,4
305.490,13,767,-8,0,63,4
305.530,12,760,0,0,62,4
305.602,31,760,0,0,62,4
305.674,31,760,0,0,62,4
305.719,51,762,0,0,62,4
305.791,74,761,0,0,62,4
305.863,74,761,0,0,60,4
305.903,74,758,0,0,60,4
305.976,71,756,0,0,59,4
306.048,71,756,0,0,57,4
306.088,63,750,8,0,57,4
306.161,54,745,0,0,56,4
306.234,46,741,0,0,56,4
306.274,46,741,0,0,57,4
306.346,41,740,0,0,56,4
306.418,35,740,0,0,56,4
306.458,35,740,0,0,56,4
306.531,32,745,0,0,56,4
306.603,29,748,8,0,56,4
306.644,30,751,0,0,56,4
306.716,30,751,0,0,56,4
306.788,28,748,8,0,56,4
306.828,27,749,8,0,54,4
306.899,27,749,8,0,54,4
306.972,21,751,8,0,54,4
307.012,16,751,8,0,54,4
307.083,16,751,8,0,54,4
307.156,6,752,8,0,53,4
307.196,0,754,8,0,53,4
307.269,-6,755,8,0,53,4
307.341,-6,755,8,0,53,4
307.380,-11,755,8,0,54,4
307.453,-15,756,8,0,55,4
307.525,-15,756,8,0,55,4
307.564,-19,760,8,24,56,4
307.637,-23,763,0,0,55,4
307.709,-23,763,0,0,55,4
307.753,-30,768,0,0,55,4
307.826,-38,772,8,0,55,4
307.898,-38,772,8,0,55,4
307.937,-42,772,0,0,56,4
308.010,-45,773,0,0,56,4
308.082,-45,773,0,0,58,4
308.122,-48,773,-8,0,58,4
308.194,-55,772,0,0,58,4
308.266,-55,772,0,0,59,4
308.306,-59,770,-8,0,59,4
308.379,-63,769,-8,0,59,4
308.452,-63,769,-8,0,57,4
308.491,-65,767,-8,0,57,4
308.564,-69,766,-8,0,54,4
308.636,-73,764,-16,0,54,4
308.676,-73,764,-16,0,52,4
308.750,-73,760,-16,0,53,4
308.822,-72,753,-24,0,53,4
308.862,-72,753,-24,0,55,4
308.936,-74,748,-16,0,55,4
309.008,-81,745,0,0,55,4
309.048,-85,742,0,0,55,4
309.120,-85,742,0,0,55,4
309.192,-85,739,0,0,55,4
309.232,-86,739,0,0,54,4
309.303,-86,739,0,0,54,4
309.376,-82,737,0,0,53,4
309.416,-70,735,8,0,52,4
309.487,-70,735,8,0,52,1
309.560,-59,731,0,0,52,1
309.600,-51,729,0,0,52,1
309.673,-47,725,0,0,52,1
309.745,-47,725,0,0,52,1
309.789,-49,720,0,0,53,1
309.862,-52,715,0,0,53,1
309.934,-52,715,0,0,53,1
309.973,-54,711,0,0,54,1
310.046,-56,711,0,0,54,1
310.118,-56,711,0,0,54,1
310.157,-55,712,0,0,55,1
310.230,-57,714,0,0,54,1
310.302,-57,714,0,0,54,1
310.341,-62,715,0,0,54,1
310.414,-66,716,0,0,54,1
310.486,-66,716,0,0,55,1
310.526,-67,719,0,0,55,1
310.598,-68,726,0,0,55,1
310.670,-68,726,0,0,54,1
310.709,-69,738,0,0,54,1
310.782,-71,747,0,0,55,1
310.854,-71,747,0,0,56,1
310.894,-74,747,0,0,56,1
310.967,-76,743,0,0,56,1
311.040,-78,736,0,0,56,1
311.080,-78,736,0,0,56,1
311.153,-80,728,0,0,57,1
311.225,-83,725,0,0,57,1
311.265,-83,725,0,0,57,1
311.338,-89,719,0,0,57,1
311.410,-93,715,8,0,57,1
311.450,-90,715,8,0,56,1
311.522,-90,715,8,0,54,1
311.594,-90,715,16,0,54,3
311.634,-89,717,24,0,54,3
311.706,-89,717,24,0,54,3
311.778,-90,722,24,0,53,3
311.823,-95,727,32,0,52,3
311.895,-97,734,32,0,52,3
311.967,-97,734,32,0,50,3
312.006,-97,742,39,0,50,3
312.080,-93,752,39,0,49,3
312.152,-93,752,39,0,48,3
312.192,-84,763,32,0,48,3
312.265,-65,800,16,0,46,3
312.337,-65,800,16,0,46,3
312.376,-35,835,16,0,45,3
312.449,-12,859,8,0,45,3
312.521,-12,859,8,0,45,3
312.560,17,880,24,0,45,3
312.633,36,898,16,0,44,4
312.705,36,898,16,0,44,4
312.744,47,912,8,0,43,4
312.817,56,923,8,0,40,4
312.889,56,923,8,0,40,4
312.929,69,919,-32,0,40,4
313.001,71,922,0,0,40,4
313.073,71,922,0,0,38,4
313.112,77,924,-8,0,38,4
313.185,78,926,-8,0,38,4
313.257,78,926,-8,0,37,4
313.298,78,932,-8,0,37,4
313.371,78,936,8,0,37,4
313.443,82,941,16,0,37,4
313.483,82,941,16,0,36,4
313.557,82,947,16,0,36,4
313.629,82,952,16,0,36,4
313.669,82,952,16,0,35,4
313.743,83,956,8,0,34,4
313.815,84,961,8,0,34,4
313.860,89,963,-8,0,32,4
313.932,89,963,-8,0,32,4
314.004,103,956,0,0,32,4
314.044,139,928,0,0,32,4
314.116,170,907,-8,0,31,4
314.188,170,907,-8,0,31,4
314.228,177,898,8,0,31,4
314.300,189,896,0,0,31,4
314.372,189,896,0,0,30,4
314.411,217,892,0,0,30,4
314.484,252,893,0,0,29,4
314.556,252,893,0,0,29,4
314.596,294,885,8,0,29,4
314.670,363,869,0,0,28,4
314.742,363,869,0,0,28,4
314.782,403,849,0,0,26,4
314.854,410,845,0,0,24,4
314.926,410,845,0,0,24,4
314.965,417,834,0,0,23,4
315.038,416,833,0,0,22,4
315.110,416,833,0,0,22,4
315.149,419,838,0,0,20,4
315.222,421,846,0,0,19,4
315.294,421,846,0,0,19,4
315.334,421,855,0,0,19,4
315.406,420,865,0,0,19,4
315.478,420,865,0,0,18,4
315.518,418,868,0,0,18,4
315.590,414,872,0,0,18,4
315.663,409,875,0,0,18,4
315.703,409,875,0,0,18,4
315.775,397,890,0,0,18,4
315.849,382,905,0,0,18,4
315.893,382,905,0,0,18,4
315.967,368,916,0,0,18,4
316.039,350,924,0,0,18,4
316.079,329,934,0,0,18,4
316.151,329,934,0,0,18,4
316.223,306,943,0,0,18,4
316.263,289,951,0,0,18,4
316.335,289,951,0,0,18,4
316.407,284,955,0,0,18,4
316.447,279,960,0,0,17,4
316.519,274,962,0,0,17,4
316.591,274,962,0,0,17,4
316.631,266,967,0,0,16,4
316.703,262,970,0,0,16,4
316.775,262,970,0,0,16,4
316.815,262,972,0,0,15,4
316.887,265,973,0,0,15,4
316.959,265,973,0,0,14,4
316.999,267,973,0,0,14,4
317.072,270,972,0,0,14,4
317.144,270,972,0,0,14,4
317.183,274,968,0,0,14,4
317.256,280,966,0,0,14,4
317.328,280,966,0,0,14,4
317.367,281,967,-8,0,14,4
317.440,283,967,0,0,14,4
317.512,283,967,0,0,14,4
317.551,286,966,0,0,14,4
317.624,287,965,8,0,14,4
317.696,287,965,8,0,14,4
317.735,286,966,0,0,14,4
317.808,286,967,8,0,14,4
317.880,286,967,8,0,14,4
317.925,285,962,0,0,14,4
317.997,282,956,0,0,14,4
318.070,281,950,0,0,14,4
318.110,281,950,0,0,14,4
318.183,279,944,0,0,13,4
318.257,273,940,0,0,13,4
318.296,273,940,0,0,13,4
318.370,271,935,0,0,13,4
318.442,273,935,-8,0,13,4
318.482,280,935,0,0,13,4
318.554,280,935,0,0,12,4
318.626,285,933,0,0,12,4
318.666,293,933,0,0,12,4
318.738,293,933,0,0,12,4
318.810,299,934,0,0,12,4
318.850,291,930,0,0,12,4
318.922,281,928,0,0,12,4
318.994,281,928,0,0,12,4
319.034,278,925,0,0,11,4
319.106,274,922,0,0,11,4
319.178,274,922,0,0,11,4
319.218,270,916,0,0,11,4
319.290,265,915,0,0,11,4
319.362,265,915,0,0,11,4
319.402,262,919,0,0,11,4
319.475,261,922,0,0,11,4
319.547,261,922,0,0,11,4
319.587,258,929,0,0,11,4
319.660,257,937,0,0,11,4
319.732,257,937,0,0,11,4
319.771,252,947,0,0,10,4
319.844,247,955,0,0,10,4
319.916,247,955,0,0,10,1
319.960,242,967,0,0,10,1
320.033,242,974,0,0,10,1
320.105,242,974,0,0,10,1
320.144,251,974,0,0,10,1
320.217,260,973,0,0,11,1
320.289,254,976,0,0,11,1
320.330,254,976,0,0,11,1
320.401,248,980,0,0,11,1
320.474,245,982,0,0,10,1
320.515,245,982,0,0,10,1
320.587,238,984,0,0,10,1
320.660,231,988,0,0,10,1
320.699,231,988,0,0,10,1
320.773,223,992,-8,0,10,1
320.845,217,994,0,0,10,1
320.885,214,998,0,0,10,4
320.957,214,998,0,0,9,4
321.029,212,998,0,0,9,4
321.069,205,999,0,0,9,4
321.141,205,999,0,0,9,4
321.213,202,1000,8,0,9,4
321.253,199,1003,0,0,9,4
321.325,196,1007,0,0,9,4
321.397,196,1007,0,0,9,4
321.436,194,1011,0,0,8,4
321.509,192,1016,0,0,8,4
321.581,192,1016,0,0,8,4
321.621,188,1025,0,0,8,4
321.693,182,1030,0,0,8,4
321.765,182,1030,0,0,8,4
321.805,177,1032,0,0,8,4
321.878,171,1031,0,0,8,1
321.950,171,1031,0,0,8,1
321.995,167,1032,0,0,8,1
322.068,164,1033,0,0,8,1
322.140,164,1033,0,0,8,1
322.179,159,1031,0,0,8,1
322.252,155,1033,0,0,8,1
322.324,155,1033,0,0,8,1
322.363,156,1034,0,0,8,1
322.436,160,1037,0,0,8,1
322.508,160,1037,0,0,8,1
322.547,163,1035,0,0,9,1
322.620,166,1036,0,0,8,1
322.692,166,1034,8,0,8,1
322.733,166,1034,8,0,8,1
322.806,169,1033,0,0,8,1
322.879,181,1041,0,0,8,1
322.919,181,1041,0,0,8,1
322.992,194,1048,0,0,8,1
323.065,207,1047,0,0,8,1
323.105,220,1044,0,0,8,1
323.176,220,1044,0,0,8,1
323.249,250,1029,0,0,8,1
323.290,241,1027,0,0,8,1
323.362,241,1027,0,0,8,1
323.434,234,1027,0,0,8,1
323.474,202,1036,0,0,8,1
323.546,202,1036,0,0,8,1
323.618,161,1049,0,0,8,1
323.658,132,1069,0,0,8,1
323.730,128,1094,0,0,8,1
323.802,128,1094,0,0,8,1
323.841,132,1099,0,0,8,1
323.914,134,1102,0,0,8,1
323.986,134,1102,0,0,8,1
324.031,128,1103,0,0,8,1
324.103,118,1106,0,0,8,1
324.175,118,1106,0,0,8,1
324.215,108,1107,0,0,8,1
324.287,105,1100,0,0,8,1
324.359,105,1100,0,0,8,1
324.399,104,1085,0,0,8,1
324.472,105,1071,8,0,8,1
324.544,105,1071,8,0,8,1
324.583,107,1059,-8,0,8,1
324.656,107,1051,0,0,8,1
324.728,107,1051,0,0,8,1
324.767,110,1042,0,0,8,1
324.840,111,1037,0,0,8,1
324.912,111,1037,0,0,8,1
324.951,111,1036,0,0,8,1
325.025,113,1036,0,0,9,1
325.098,113,1033,0,0,9,1
325.137,113,1033,0,0,9,1
325.210,117,1031,0,0,9,1
325.283,117,1027,0,0,9,1
325.324,117,1027,0,0,10,1
325.396,114,1024,0,0,10,1
325.469,114,1024,0,0,10,1
325.509,115,1025,0,0,10,1
325.580,115,1025,0,0,10,1
325.653,114,1024,0,0,11,1
325.694,113,1025,0,0,11,1
325.766,113,1025,0,0,11,1
325.838,110,1023,0,0,11,1
325.878,101,1023,0,0,10,1
325.950,101,1023,0,0,10,1
326.022,90,1022,0,0,10,1
326.066,79,1027,0,0,10,1
326.139,70,1033,0,0,10,1
326.211,70,1033,0,0,10,1
326.250,57,1042,0,0,9,1
326.323,45,1048,0,0,10,1
326.395,45,1048,0,0,10,1
326.434,26,1045,0,0,10,1
326.507,17,1043,0,0,10,1
326.579,17,1043,0,0,10,1
326.619,1,1050,0,0,10,1
326.691,-16,1053,0,0,10,1
326.763,-16,1053,0,0,10,1
326.803,-50,1050,0,0,10,1
326.876,-60,1049,0,0,11,1
326.948,-60,1049,0,0,11,1
326.988,-67,1046,0,0,11,1
327.061,-68,1045,0,0,11,1
327.133,-68,1045,0,0,11,1
327.172,-71,1042,0,0,12,1
327.245,-72,1036,0,0,12,1
327.317,-72,1036,0,0,12,1
327.356,-71,1032,0,0,11,1
327.429,-68,1036,0,0,11,1
327.501,-69,1043,0,0,11,1
327.541,-69,1043,0,0,11,1
327.614,-69,1047,0,0,11,1
327.686,-66,1051,0,0,11,1
327.727,-66,1051,0,0,12,1
327.799,-55,1051,0,0,12,1
327.871,-38,1047,0,0,12,1
327.912,9,1025,0,0,12,1
327.984,9,1025,0,0,12,1
328.056,44,1008,0,0,13,1
328.102,81,995,0,0,13,1
328.174,81,995,0,0,13,1
328.246,110,972,-8,0,13,1
328.285,139,958,0,0,14,1
328.358,153,946,0,0,14,1
328.430,153,946,0,0,14,1
328.469,163,940,0,0,14,1
328.542,168,939,0,0,15,1
328.614,168,939,0,0,15,1
328.653,174,940,0,0,15,1
328.726,184,940,8,0,16,1
328.798,184,940,8,0,16,1
328.837,192,937,8,0,17,1
328.910,193,937,8,0,17,1
328.982,193,937,8,0,17,1
329.022,188,939,16,0,18,1
329.094,179,943,16,0,18,1
329.166,179,943,16,0,18,4
329.206,165,946,24,0,18,4
329.280,154,949,16,0,19,4
329.352,154,949,16,0,18,4
329.392,148,951,16,0,18,4
329.465,144,954,-39,0,18,4
329.537,144,954,-39,0,18,4
329.576,147,956,-48,0,19,4
329.649,152,955,-48,0,19,4
329.721,152,955,-48,0,19,4
329.760,164,956,-32,0,19,4
329.834,177,954,-39,0,19,4
329.907,195,938,-39,0,19,4
329.946,195,938,-39,0,19,4
330.020,200,929,-32,0,19,4
330.092,212,928,-32,0,19,4
330.138,220,926,-32,0,20,4
330.209,220,926,-32,0,20,3
330.282,226,923,-32,0,20,3
330.322,236,920,-32,0,19,3
330.394,236,920,-32,0,19,3
330.466,259,913,-16,0,19,3
330.507,256,911,-24,0,19,3
330.579,251,908,-32,0,20,3
330.651,251,908,-32,0,19,3
330.691,243,904,-32,0,19,3
330.764,229,900,-16,0,19,3
330.836,229,900,-16,0,19,3
330.875,221,897,-16,0,19,3
330.948,219,891,-8,0,19,3
331.020,219,891,-8,0,19,3
331.059,220,885,-8,0,20,3
331.133,214,879,8,0,20,3
331.204,214,879,8,0,20,3
331.243,206,876,0,21,21,3
331.316,198,875,0,0,21,3
331.388,198,875,0,0,21,3
331.428,204,874,0,0,22,3
331.500,208,872,0,0,22,3
331.572,208,872,0,0,22,3
331.611,221,872,0,0,22,3
331.684,242,871,0,0,22,3
331.756,242,871,0,0,22,3
331.796,263,870,0,0,22,3
331.869,319,881,0,0,22,3
331.941,319,881,0,0,22,3
331.980,366,892,0,0,31,3
332.053,342,875,0,0,32,3
332.125,329,869,0,0,32,3
332.170,329,869,0,0,33,3
332.244,286,847,0,0,34,3
332.316,245,817,0,0,34,3
332.356,245,817,0,0,35,3
332.430,180,768,0,0,36,3
332.502,197,748,0,0,36,3
332.542,200,748,0,0,36,3
332.613,200,748,0,0,36,3
332.686,209,743,0,0,36,3
332.726,234,737,0,0,36,3
332.798,234,737,0,0,36,3
332.870,250,739,0,0,36,3
332.910,263,747,0,0,36,3
332.982,283,758,0,0,37,3
333.054,283,758,0,0,36,3
333.094,297,767,0,0,36,3
333.167,271,750,0,0,35,3
333.239,271,750,0,0,35,3
333.278,256,746,0,0,35,3
333.351,242,744,0,0,36,3
333.423,242,744,0,0,36,3
333.462,231,743,0,0,38,3
333.535,226,743,0,0,39,3
333.607,226,743,0,0,39,3
333.646,225,743,8,0,40,3
333.719,223,743,8,0,41,3
333.791,223,743,8,0,41,3
333.831,226,742,8,0,41,3
333.903,230,738,8,0,41,3
333.975,230,738,8,0,42,3
334.015,232,734,8,0,42,3
334.087,233,732,8,0,42,3
334.160,233,732,8,0,43,3
334.205,230,727,0,0,43,3
334.278,222,721,0,0,43,3
334.351,214,716,0,0,44,3
334.390,214,716,0,0,44,3
334.464,208,712,0,0,45,3
334.536,199,710,0,0,45,3
334.576,199,710,0,0,47,3
334.650,193,710,-8,0,48,3
334.722,186,707,-8,0,48,3
334.763,184,702,0,0,47,3
334.835,184,702,0,0,48,3
334.907,176,699,0,0,48,3
334.947,173,700,8,0,49,3
335.019,173,700,8,0,48,3
335.091,171,703,8,0,48,3
335.131,165,706,16,0,50,3
335.203,165,706,16,0,50,3
335.275,154,704,8,0,48,3
335.315,142,702,8,0,47,3
335.387,132,704,16,0,47,3
335.459,132,704,16,0,47,3
335.499,127,707,16,0,47,3
335.573,116,709,16,0,45,3
335.645,116,709,16,0,45,3
335.684,105,710,16,0,44,3
335.757,97,715,16,0,43,3
335.829,97,715,16,0,43,3
335.868,90,720,24,0,42,3
335.941,88,727,16,0,41,3
336.013,88,727,16,0,41,3
336.052,82,732,16,0,40,3
336.125,81,742,-8,0,39,3
336.197,81,742,-8,0,39,3
336.242,87,753,-24,0,39,3
336.314,96,765,-24,0,39,3
336.386,96,765,-24,0,39,0
336.426,102,773,-48,0,39,0
336.498,107,779,-48,0,39,0
336.570,107,779,-48,0,38,0
336.610,107,782,-16,0,38,0
336.682,113,784,39,0,38,0
336.756,114,782,8,0,38,0
336.795,114,782,8,0,38,0
336.868,116,779,8,0,39,0
336.942,121,778,16,0,39,0
336.981,121,778,16,0,39,0
337.055,130,778,-16,0,39,0
337.127,142,775,16,0,39,0
337.167,153,773,24,0,40,0
337.239,153,773,24,0,39,0
337.311,167,772,88,0,39,0
337.351,178,773,48,0,38,0
337.423,178,773,48,0,36,0
337.495,193,776,48,0,36,0
337.535,209,778,56,0,35,0
337.607,209,778,56,0,35,0
337.680,227,782,72,0,34,0
337.719,282,793,72,0,33,0
337.791,333,804,72,0,33,0
337.864,333,804,72,0,33,0
337.905,352,812,64,0,33,0
337.977,403,849,56,0,32,0
338.050,403,849,56,0,31,0
338.090,450,892,56,0,31,0
338.163,504,930,0,0,30,0
338.234,504,930,0,0,30,0
338.279,566,976,72,0,30,0
338.351,614,1020,79,0,29,0
338.423,614,1020,79,0,29,0
338.463,665,1054,96,0,28,0
338.536,715,1084,96,0,26,0
338.608,715,1084,96,0,26,0
338.647,760,1112,96,0,24,0
338.720,800,1136,96,0,24,0
338.792,800,1136,96,0,24,0
338.831,838,1168,0,0,22,0
338.903,866,1267,0,0,22,0
338.975,866,1267,0,0,20,0
339.015,912,1467,0,0,19,0
339.088,938,1669,0,0,19,0
339.161,954,1861,0,0,16,0
339.201,954,1861,0,0,16,0
339.274,996,2016,0,0,14,0
339.347,1055,2145,0,0,14,0
339.387,1055,2145,0,0,14,0
339.460,1120,2258,0,0,13,0
339.533,1205,2362,-8,0,13,0
339.572,1328,2426,0,0,13,0
339.644,1328,2426,0,0,12,0
339.716,1489,2495,-24,0,12,0
339.756,1624,2532,-16,0,12,0
339.828,1624,2532,-16,0,11,0
339.901,1737,2547,-16,0,11,0
339.940,1835,2550,-8,0,10,0
340.012,1908,2528,8,0,10,0
340.087,1908,2528,8,0,10,0
340.124,1949,2515,-8,0,9,0
340.196,1975,2503,-8,0,9,0
340.268,1975,2503,-8,0,9,0
340.313,1989,2488,-8,0,9,0
340.386,1995,2473,-8,0,9,0
340.459,1995,2473,-8,0,8,0
340.499,2002,2479,-48,0,8,0
340.572,2008,2488,-48,0,8,0
340.645,2008,2488,-48,0,8,0
340.684,2014,2496,-48,0,7,0
340.756,2018,2486,-48,0,7,0
340.829,2018,2486,-48,0,7,0
340.871,2027,2460,-24,0,6,0
340.941,2037,2429,-24,0,6,0
341.013,2037,2429,-24,0,6,0
341.052,2046,2400,-24,0,5,0
341.125,2070,2378,8,0,5,0
341.197,2070,2378,8,0,5,0
341.236,2086,2366,0,0,5,0
341.308,2090,2376,0,0,5,0
341.381,2092,2394,0,0,5,0
341.421,2092,2394,0,0,4,0
341.494,2088,2400,0,0,4,0
341.567,2082,2406,0,0,4,0
341.607,2082,2406,0,0,4,0
341.680,2077,2412,0,0,4,0
341.753,2071,2418,0,0,4,0
341.793,2066,2423,0,0,4,0
341.865,2066,2423,0,0,4,0
341.938,2061,2428,0,0,4,0
341.977,2063,2432,0,0,4,0
342.050,2063,2432,0,0,4,0
342.121,2064,2439,0,0,4,0
342.161,2072,2444,0,0,4,0
342.233,2072,2444,0,0,4,0
342.305,2102,2457,0,0,4,0
342.350,2129,2468,0,0,3,0
342.422,2131,2473,0,0,3,0
342.494,2131,2473,0,0,3,0
342.534,2132,2478,0,0,3,0
342.606,2132,2484,0,0,3,0
342.678,2132,2484,0,0,3,0
342.718,2132,2489,0,0,3,0
342.791,2132,2493,0,0,3,0
342.869,2132,2493,0,0,3,0
342.903,2127,2499,0,0,3,0
342.976,2119,2505,0,0,3,0
343.049,2119,2505,0,0,3,0
343.088,2111,2511,0,0,3,0
343.161,2104,2517,0,0,3,0
343.233,2104,2517,0,0,3,0
343.273,2097,2522,0,0,3,0
343.346,2090,2528,0,0,3,0
343.417,2090,2528,0,0,3,0
343.457,2084,2533,0,0,3,0
343.530,2078,2538,0,0,3,0
343.605,2078,2538,0,0,3,0
343.641,2072,2542,0,0,3,0
343.714,2066,2547,0,0,3,0
343.787,2060,2551,0,0,3,0
343.827,2060,2551,0,0,3,0
343.900,2055,2556,0,0,3,0
343.973,2049,2560,0,0,3,0
344.013,2049,2560,0,0,3,0
344.086,2044,2564,0,0,3,0
344.159,2043,2566,0,0,3,0
344.199,2068,2552,0,0,3,0
344.272,2068,2552,0,0,3,0
344.344,2149,2500,0,0,3,0
344.389,2223,2452,0,0,3,0
344.466,2284,2418,0,0,3,0
344.534,2284,2418,0,0,3,0
344.573,2304,2407,0,0,2,0
344.646,2323,2398,0,0,2,0
344.717,2323,2398,0,0,2,0
344.756,2341,2388,0,0,2,0
344.829,2358,2379,0,0,2,0
344.901,2358,2379,0,0,2,0
344.940,2375,2370,0,0,2,0
345.013,2391,2361,0,0,2,0
345.085,2391,2361,0,0,2,0
345.125,2407,2353,0,0,2,0
345.197,2422,2345,0,0,2,0
345.269,2422,2345,0,0,2,0
345.309,2437,2338,0,0,2,0
345.382,2451,2330,0,0,2,0
345.455,2451,2330,0,0,2,0
345.495,2464,2323,0,0,2,0
345.568,2473,2319,0,0,2,0
345.641,2473,2319,0,0,2,0
345.679,2480,2316,0,0,2,0
345.752,2486,2313,0,0,2,0
345.824,2486,2313,0,0,2,0
345.863,2493,2311,0,0,2,0
345.937,2499,2308,0,0,2,0
346.009,2505,2305,0,0,2,0
346.049,2505,2305,0,0,2,0
346.122,2511,2303,0,0,3,0
346.195,2510,2302,0,0,3,0
346.235,2510,2302,0,0,2,0
346.308,2507,2302,0,0,2,0
346.381,2494,2303,0,0,2,0
346.426,2477,2306,0,0,2,0
346.498,2477,2306,0,0,2,0
346.570,2461,2308,0,0,2,0
346.610,2446,2311,0,0,2,0
346.683,2446,2311,0,0,2,0
346.756,2431,2313,0,0,2,0
346.795,2417,2315,0,0,2,0
346.870,2403,2317,0,0,2,0
346.941,2403,2317,0,0,2,0
346.981,2390,2319,0,0,2,0
347.054,2377,2321,0,0,2,0
347.125,2377,2321,0,0,2,0
347.165,2364,2323,0,0,2,0
347.237,2352,2325,0,0,2,0
347.309,2352,2325,0,0,2,0
347.349,2341,2326,0,0,2,0
347.422,2330,2328,0,0,2,0
347.493,2330,2328,0,0,2,0
347.533,2319,2330,0,0,2,0
347.605,2309,2331,0,0,2,0
347.677,2309,2331,0,0,2,0
347.718,2299,2338,0,0,3,0
347.789,2291,2346,0,0,3,0
347.862,2291,2346,0,0,2,0
347.902,2277,2353,0,0,2,0
347.975,2249,2357,0,0,2,0
348.048,2249,2357,0,0,2,0
348.088,2223,2366,0,0,2,0
348.161,2165,2382,0,0,2,0
348.233,2109,2394,0,0,2,0
348.273,2109,2394,0,0,2,0
348.346,2064,2422,0,0,2,0
348.419,2010,2460,16,0,2,0
348.464,2010,2460,16,0,2,0
348.537,1958,2500,16,0,2,0
348.609,1911,2537,16,0,2,0
348.649,1875,2553,24,0,2,0
348.721,1875,2553,24,0,2,0
348.793,1864,2557,24,0,2,0
348.837,1853,2560,24,0,2,0
348.905,1853,2560,24,0,2,0
348.978,1843,2562,24,0,2,0
349.017,1833,2565,24,0,2,0
349.089,1823,2568,24,0,2,0
349.162,1823,2568,24,0,2,0
349.202,1814,2571,24,0,2,0
349.276,1805,2573,24,0,2,0
349.348,1805,2573,24,0,2,0
349.388,1799,2579,64,0,2,0
349.461,1794,2587,64,0,2,0
349.533,1794,2587,64,0,2,0
349.572,1790,2594,64,0,2,0
349.644,1793,2604,48,0,2,0
349.718,1793,2604,48,0,2,0
349.756,1805,2616,8,0,2,0
349.829,1823,2622,39,0,2,0
349.900,1823,2622,39,0,2,0
349.943,1842,2627,24,0,2,0
350.029,1890,2649,24,0,2,0
350.085,1890,2649,24,0,2,0
350.125,1929,2671,16,0,2,0
350.196,1966,2694,16,0,2,0
350.268,1966,2694,16,0,2,0
350.308,1999,2714,16,0,2,0
350.381,2030,2721,-64,0,2,0
350.454,2030,2721,-64,0,2,0
350.499,2059,2723,-64,0,2,0
350.572,2071,2714,-48,0,2,0
350.645,2073,2710,-48,0,2,0
350.685,2073,2710,-48,0,2,0
350.758,2070,2709,-39,0,2,0
350.831,2053,2718,-32,0,2,0
350.871,2030,2730,-32,0,2,0
350.943,2030,2730,-32,0,2,0
351.016,2009,2742,-32,0,2,0
351.055,1988,2754,-32,0,2,0
351.127,1988,2754,-32,0,2,0
351.199,1968,2765,-32,0,2,0
351.239,1949,2776,-32,0,2,0
351.311,1949,2776,-32,0,2,0
351.383,1932,2782,-8,0,2,0
351.423,1917,2786,-8,0,2,0
351.495,1902,2790,-8,0,2,0
351.567,1902,2790,-8,0,2,0
351.607,1887,2788,-8,0,2,0
351.681,1872,2784,0,0,2,0
351.753,1872,2784,0,0,2,0
351.793,1856,2782,0,0,2,0
351.866,1841,2780,0,0,2,0
351.938,1841,2780,0,0,2,0
351.976,1822,2781,8,0,2,0
352.050,1795,2784,0,0,2,0
352.122,1795,2784,0,0,2,0
352.161,1765,2789,0,0,3,0
352.233,1722,2792,0,0,3,0
352.306,1722,2792,0,0,3,0
352.345,574,862,-48,0,3,0
352.417,577,855,-32,0,4,0
352.489,577,855,-32,0,4,0
352.534,579,831,-32,0,4,0
352.606,566,817,-32,0,4,0
352.678,566,817,-32,0,5,0
352.718,547,805,-39,0,7,0
352.790,536,798,8,0,7,0
352.863,514,794,-16,18,8,0
352.903,514,794,-16,18,8,0
352.976,491,789,16,0,9,0
353.049,477,789,24,0,9,0
353.089,477,789,24,0,9,0
353.162,453,795,16,26,12,0
353.235,411,795,0,26,12,0
353.275,323,783,-24,0,13,0
353.347,323,783,-24,0,14,0
353.419,250,768,-39,0,14,0
353.459,205,746,-24,0,15,0
353.531,205,746,-24,0,15,0
353.606,171,716,-16,0,15,0
353.643,133,670,-32,0,16,0
353.715,133,670,-32,0,18,0
353.787,97,612,-24,0,18,0
353.827,72,572,-24,0,18,0
353.899,58,536,-16,0,18,0
353.971,58,536,-16,0,18,0
354.010,71,503,-8,0,18,0
354.083,76,475,-8,0,19,0
354.155,76,475,-8,0,19,0
354.195,77,454,0,0,19,0
354.268,76,439,24,0,21,0
354.340,76,439,24,0,21,0
354.379,72,439,39,0,21,0
354.452,68,442,39,0,22,0
354.524,68,442,39,0,22,0
354.568,60,451,48,0,22,0
354.641,60,457,32,0,22,0
354.713,60,457,32,0,22,0
354.752,63,459,56,0,22,0
354.825,63,465,56,0,22,0
354.897,63,465,56,0,22,0
354.936,58,473,56,0,22,0
355.009,55,485,39,0,22,0
355.081,55,485,39,0,23,0
355.121,59,497,48,0,24,0
355.193,61,509,16,0,24,3
355.266,58,521,8,0,26,3
355.307,58,521,8,0,26,3
355.380,51,532,0,0,27,3
355.453,42,542,-8,0,28,3
355.492,42,542,-8,0,28,3
355.566,35,553,-16,16,29,4
355.638,35,564,-16,16,29,4
355.678,33,573,-24,0,30,4
355.750,33,573,-24,0,31,4
355.822,35,579,-8,0,31,4
355.862,34,585,-24,0,31,4
355.934,34,585,-24,0,31,4
356.006,38,591,-8,0,31,4
356.046,44,597,-8,0,32,4
356.118,44,597,-8,0,32,4
356.190,47,607,-16,0,32,4
356.230,53,618,-24,0,33,4
356.302,67,626,-8,0,33,4
356.374,67,626,-8,0,34,4
356.414,80,633,-16,0,35,4
356.486,77,633,-8,0,35,4
356.558,77,633,-8,0,35,4
356.603,71,630,-8,0,35,4
356.676,67,630,0,0,35,1
356.748,67,630,0,0,36,1
356.788,58,629,0,0,36,1
356.861,51,628,0,0,36,1
356.933,51,628,0,0,36,1
356.972,46,628,0,0,38,1
357.045,43,630,0,0,41,1
357.117,43,630,0,0,41,1
357.156,46,634,8,0,40,2
357.229,46,637,0,0,40,2
357.301,46,637,0,0,40,2
357.340,44,642,0,0,40,2
357.413,42,648,0,0,40,1
357.485,42,648,0,0,40,1
357.525,41,655,0,0,41,1
357.598,40,658,0,0,41,1
357.670,39,662,0,0,40,1
357.709,39,662,0,0,40,1
357.782,37,664,0,0,40,1
357.856,35,664,0,0,40,1
357.895,35,664,0,0,40,1
357.968,35,659,0,0,41,1
358.041,35,654,0,0,41,1
358.081,33,662,0,0,40,1
358.153,33,662,0,0,40,1
358.225,31,670,0,0,40,1
358.265,31,667,0,0,39,1
358.337,31,667,0,0,39,1
358.409,31,660,0,0,39,1
358.449,30,651,0,0,39,1
358.521,32,646,0,0,38,1
358.593,32,646,0,0,38,1
358.638,34,649,0,0,38,1
358.710,34,649,0,0,38,1
358.782,34,649,0,0,39,1
358.822,28,649,0,0,39,1
358.894,24,645,0,0,39,1
358.966,24,645,0,0,40,1
359.005,20,638,0,0,40,1
359.078,19,632,0,0,40,1
359.150,19,632,0,0,41,1
359.190,17,634,0,0,41,1
359.263,18,644,0,0,40,1
359.335,18,644,0,0,40,1
359.374,20,652,0,0,40,1
359.447,21,657,0,0,40,1
359.519,21,657,0,0,40,1
359.560,21,664,0,0,40,1
359.631,21,669,0,0,41,1
359.703,21,669,0,0,41,1
359.743,19,668,0,0,41,1
359.815,16,664,0,0,42,1
359.887,16,664,0,0,42,1
359.927,12,666,0,0,43,1
359.998,9,669,0,0,43,1
360.071,6,672,0,0,45,1
360.111,6,672,0,0,45,1
360.184,2,677,0,0,46,1
360.258,0,682,0,0,47,1
360.297,0,682,0,0,47,1
360.371,1,686,0,0,47,1
360.443,6,684,-8,0,47,1
360.483,15,677,0,0,47,1
360.555,15,677,0,0,49,1
360.627,23,671,0,0,49,1
360.672,23,665,0,0,49,1
360.744,23,665,0,0,49,1
360.816,20,661,0,0,49,1
360.855,18,663,0,0,48,1
360.928,15,665,0,0,46,1
361.000,15,665,0,0,46,1
361.039,9,663,-8,0,44,1
361.112,3,655,0,0,44,1
361.184,3,655,0,0,44,1
361.224,1,647,0,0,44,1
361.296,0,639,0,0,44,1
361.368,0,639,0,0,46,2
361.408,-1,634,0,0,46,2
361.480,-4,633,0,0,49,2
361.552,-4,633,0,0,51,2
361.591,-7,636,0,0,51,2
361.664,-11,638,0,0,53,2
361.736,-11,638,0,0,53,2
361.776,-14,638,0,0,53,2
361.849,-16,637,0,0,53,2
361.920,-16,637,0,0,53,4
361.960,-20,635,0,0,53,4
362.032,-21,636,0,0,55,4
362.104,-21,636,0,0,55,4
362.143,-22,636,0,0,56,4
362.216,-22,637,0,0,58,4
362.288,-22,637,0,0,58,4
362.328,-22,637,0,0,58,4
362.400,-23,637,0,0,58,4
362.472,-27,633,0,0,60,4
362.512,-27,633,0,0,60,4
362.585,-30,630,0,0,62,4
362.659,-31,630,0,0,63,4
362.704,-32,629,0,0,63,4
362.776,-32,629,0,0,65,4
362.848,-32,630,0,0,67,4
362.889,-37,633,0,0,67,4
362.961,-37,633,0,0,82,0
363.033,-50,639,8,0,82,0
363.074,-65,642,8,0,84,0
363.145,-65,642,8,0,85,0
363.217,-89,645,0,0,85,0
363.257,-98,644,0,0,86,0
363.329,-107,641,0,0,87,0
363.401,-107,641,0,0,87,0
363.440,-113,643,0,0,88,0
363.513,-119,643,0,0,88,0
363.585,-119,643,0,0,89,0
363.625,-124,645,0,0,89,0
363.697,-132,645,0,0,89,0
363.769,-132,645,0,0,90,3
363.808,-143,645,0,0,90,3
363.881,-155,640,0,0,91,3
363.953,-155,640,0,0,91,3
363.993,-166,634,0,0,91,3
364.066,-174,624,0,0,90,3
364.138,-174,624,0,0,90,2
364.178,-182,611,0,0,90,2
364.250,-188,603,0,0,88,2
364.322,-188,603,0,0,88,2
364.361,-193,598,0,0,87,2
364.434,-197,595,0,0,88,2
364.506,-197,595,0,0,88,2
364.545,-206,590,0,0,86,2
364.618,-218,585,0,0,85,2
364.690,-218,585,0,0,85,2
364.734,-222,581,-8,0,84,0
364.808,-228,576,0,0,84,0
364.880,-231,575,-8,0,84,0
364.921,-231,575,-8,27,86,0
364.994,-236,576,0,27,86,0
365.067,-241,577,-16,0,86,0
365.107,-244,579,-8,0,86,0
365.178,-244,579,-8,0,85,0
365.251,-247,579,-8,0,88,0
365.292,-252,576,-16,0,88,0
365.364,-252,576,-16,0,85,0
365.436,-253,573,-8,0,85,0
365.476,-249,571,0,0,83,0
365.548,-249,571,0,0,81,0
365.620,-247,569,-8,0,81,0
365.660,-242,571,0,21,64,0
365.732,-234,573,-8,0,83,0
365.804,-234,573,-8,0,83,0
365.843,-229,573,0,32,82,2
365.916,-222,573,0,0,69,2
365.988,-222,573,0,0,69,2
366.028,-212,572,-8,0,70,2
366.100,-193,574,-8,0,70,2
366.172,-193,574,-8,0,83,0
366.211,-138,571,0,0,83,0
366.284,-79,578,-8,0,84,0
366.356,-79,578,-8,0,84,0
366.396,16,588,0,0,84,0
366.469,75,600,0,0,84,0
366.541,75,600,0,0,84,0
366.580,96,602,0,0,85,0
366.653,109,614,-8,0,83,0
366.725,109,614,-8,0,83,0
366.769,123,620,0,0,69,0
366.842,133,628,0,0,68,0
366.914,133,628,0,0,68,0
366.953,151,622,0,0,67,3
367.026,165,618,0,0,67,3
367.098,197,605,0,0,67,0
367.138,197,605,0,0,69,0
367.212,240,594,0,0,69,0
367.285,286,590,0,0,68,0
367.325,286,590,0,0,68,0
367.398,319,585,0,0,68,0
367.471,302,590,-8,0,69,0
367.511,297,589,0,0,69,0
367.583,297,589,0,0,68,0
367.655,292,584,-24,0,68,0
367.696,285,578,-32,0,68,0
367.768,285,578,-32,0,67,0
367.841,278,574,-16,0,67,0
367.881,266,571,-8,0,68,0
367.953,266,571,-8,0,68,0
368.025,252,571,-16,0,68,0
368.064,238,572,-8,0,68,0
368.137,226,572,-8,0,68,0
368.209,226,572,-8,0,68,0
368.248,213,571,-16,19,70,3
368.321,196,569,-8,0,70,3
368.393,196,569,-8,0,70,3
368.433,181,569,-8,0,69,3
368.505,145,557,-8,0,69,3
368.577,145,557,-8,0,71,3
368.617,136,552,-8,0,71,2
368.689,128,545,-8,0,71,2
368.761,128,545,-8,0,72,2
368.806,126,538,0,0,72,2
368.879,133,533,0,0,72,2
368.951,133,533,0,0,70,2
368.991,139,527,-8,0,70,2
369.064,138,522,0,0,67,2
369.136,138,522,0,0,67,2
369.175,136,517,0,0,68,1
369.248,136,518,0,0,68,2
369.320,136,518,0,0,68,2
369.359,142,519,0,0,67,1
369.433,145,518,0,0,67,1
369.505,146,510,8,0,67,1
369.545,146,510,8,0,67,1
369.619,143,499,24,0,65,3
369.692,143,487,16,0,65,3
369.732,143,487,16,0,63,3
369.804,140,477,24,0,63,3
369.877,127,477,32,0,60,3
369.917,113,479,16,0,59,3
369.988,113,479,16,0,59,3
370.061,99,482,48,0,58,3
370.102,87,488,56,0,58,3
370.174,87,488,56,0,56,3
370.247,79,494,56,0,57,3
370.288,75,503,48,0,57,3
370.360,72,514,56,0,56,3
370.432,72,514,56,0,56,3
370.471,75,526,39,0,55,3
370.544,78,540,39,0,53,3
370.616,78,540,39,0,53,4
370.655,75,575,32,0,54,4
370.728,85,609,64,0,53,4
370.800,85,609,64,0,53,4
370.844,90,640,48,0,51,4
370.917,82,665,8,0,50,4
370.989,82,665,8,0,50,4
371.029,74,692,8,0,50,4
371.101,75,716,-8,0,50,4
371.173,75,716,-8,0,48,4
371.212,122,734,0,0,48,4
371.285,171,750,0,0,47,4
371.357,171,750,0,0,48,4
371.398,232,780,0,0,48,4
371.470,243,796,0,0,47,4
371.542,243,796,0,0,47,4
371.582,251,805,0,0,47,4
371.654,251,810,0,0,48,4
371.726,251,815,0,0,48,4
371.766,251,815,0,0,48,4
371.840,247,822,0,0,48,4
371.912,236,825,0,0,48,4
371.952,236,825,0,0,49,4
372.026,226,828,0,0,49,4
372.098,212,830,0,0,49,4
372.139,199,833,0,0,49,4
372.210,199,833,0,0,49,4
372.283,195,841,0,0,47,4
372.323,193,846,0,0,48,4
372.395,193,846,0,0,48,4
372.467,192,850,0,0,49,4
372.507,188,854,0,0,49,4
372.580,188,854,0,0,49,4
372.652,187,854,0,0,49,4
372.692,193,855,0,0,49,4
372.765,205,857,0,0,47,4
372.837,205,857,0,0,47,4
372.881,217,861,0,0,46,4
372.954,227,865,-16,0,45,4
373.026,227,865,-16,0,45,4
373.065,226,871,-16,0,45,4
373.138,227,877,-8,0,45,4
373.210,227,877,-8,0,45,4
373.249,221,881,-16,0,46,4
373.322,208,879,-39,16,45,4
373.394,208,879,-39,16,45,4
373.433,194,873,-24,0,45,4
373.506,186,866,-24,0,45,4
373.578,186,866,-24,0,45,4
373.618,179,864,-24,0,45,4
373.691,172,861,-24,0,45,4
373.762,172,861,-24,0,44,4
373.802,166,858,-16,0,44,4
373.876,164,852,-16,0,45,4
373.949,164,852,-16,0,44,4
373.988,158,846,-24,0,44,4
374.062,154,844,-16,0,45,4
374.135,153,842,-16,0,45,4
374.174,153,842,-16,0,44,4
374.248,155,838,-8,0,45,4
374.320,157,834,-8,0,45,4
374.360,157,834,-8,0,45,4
374.434,155,826,-8,0,45,4
374.506,155,817,-8,0,45,4
374.546,164,811,-8,0,46,4
374.618,164,811,-8,0,46,4
374.690,170,807,0,0,46,4
374.730,173,807,0,0,46,4
374.801,173,807,0,0,46,4
374.874,180,808,0,0,47,4
374.919,189,810,0,0,47,4
374.991,197,812,0,0,47,4
375.063,197,812,0,0,47,4
375.103,199,813,0,0,47,4
375.176,194,808,0,0,47,4
375.248,194,808,0,0,46,4
375.288,182,801,0,0,46,0
375.361,172,790,0,0,46,0
375.433,172,790,0,0,46,0
375.472,151,764,0,0,46,4
375.545,148,760,0,0,46,4
375.617,148,760,0,0,46,4
375.656,152,756,0,0,45,4
375.729,159,753,0,0,45,4
375.801,159,753,0,0,45,1
375.840,161,745,0,0,45,1
375.913,161,738,0,0,45,1
375.985,161,738,0,0,44,1
376.025,160,732,0,0,44,1
376.097,161,727,0,0,44,1
376.169,161,727,0,0,43,1
376.208,165,725,0,0,43,1
376.281,171,722,0,0,43,1
376.354,181,721,-8,0,42,1
376.393,181,721,-8,0,42,1
376.466,192,717,0,0,40,1
376.539,200,713,0,0,40,1
376.579,200,713,0,0,39,1
376.653,202,708,0,0,40,1
376.725,203,703,-8,0,40,1
376.766,205,698,0,0,39,1
376.838,205,698,0,0,39,1
376.910,208,693,0,0,39,1
376.955,217,687,0,0,40,1
377.027,217,687,0,0,40,1
377.099,228,680,0,0,40,1
377.139,233,676,0,0,41,1
377.211,233,675,0,0,41,1
377.283,233,675,0,0,41,1
377.323,228,677,0,0,41,1
377.395,223,679,0,0,41,1
377.467,223,679,0,0,42,1
377.506,228,683,0,0,42,1
377.580,233,683,-8,0,43,1
377.652,233,683,-8,0,42,1
377.692,234,682,0,0,42,1
377.765,229,681,0,0,42,3
377.837,229,681,0,0,42,3
377.876,226,682,0,0,44,3
377.949,223,683,0,0,45,3
378.021,223,683,0,0,45,3
378.060,221,685,0,0,46,3
378.133,219,688,0,0,46,3
378.205,219,688,0,0,46,3
378.244,216,692,0,0,46,3
378.317,212,693,0,0,46,3
378.389,212,693,0,0,46,3
378.429,211,692,0,0,46,3
378.501,213,687,0,0,46,3
378.573,213,687,0,0,45,3
378.612,214,683,0,0,45,3
378.686,213,689,0,0,43,3
378.759,218,699,0,0,41,3
378.798,218,699,0,0,41,3
378.871,229,712,0,0,41,3
378.944,239,724,0,0,41,3
378.990,240,730,0,0,40,3
379.062,240,730,0,0,39,3
379.134,238,736,0,0,39,3
379.174,239,741,0,0,38,3
379.246,239,741,0,0,37,3
379.318,242,744,0,0,37,3
379.358,245,743,0,0,36,3
379.430,245,743,0,0,35,3
379.502,244,740,0,0,35,3
379.542,241,733,0,0,35,3
379.614,237,729,0,0,35,3
379.686,237,729,0,0,35,3
379.726,233,727,0,0,35,3
379.798,231,727,0,0,35,3
379.870,231,727,0,0,35,3
379.909,228,726,0,0,35,3
379.983,229,725,0,0,35,3
380.055,229,725,0,0,36,3
380.095,235,720,0,0,36,3
380.168,238,714,0,0,36,3
380.240,238,714,0,0,36,3
380.279,240,711,0,0,37,3
380.353,242,709,0,0,38,3
380.424,242,709,0,0,38,3
380.463,250,707,0,0,38,3
380.536,261,703,0,0,38,3
380.608,261,703,0,0,38,3
380.647,272,695,0,0,37,3
380.720,285,685,0,0,37,3
380.792,285,685,0,0,37,3
380.832,293,676,0,0,36,3
380.904,276,671,0,0,36,3
380.976,276,671,0,0,35,3
381.021,259,666,0,0,35,3
381.093,240,662,0,0,35,3
381.166,223,660,0,0,35,3
381.206,223,660,0,0,35,3
381.280,210,659,0,0,36,3
381.353,200,659,0,0,36,3
381.393,194,659,0,0,36,3
381.465,194,659,0,0,36,3
381.537,189,659,0,0,36,3
381.577,181,659,0,0,35,3
381.649,181,659,0,0,35,3
381.721,165,659,0,0,35,3
381.761,144,662,0,0,34,3
381.833,144,662,0,0,33,1
381.905,86,667,0,0,33,1
381.945,58,670,0,0,33,1
382.017,66,669,0,0,32,1
382.089,66,669,0,0,32,1
382.129,71,666,0,0,33,1
382.201,73,664,0,0,33,1
382.273,73,664,0,0,33,1
382.312,79,659,0,0,33,1
382.385,90,652,0,0,33,1
382.457,90,652,0,0,33,1
382.497,113,623,0,0,33,1
382.570,129,606,0,0,33,1
382.642,129,606,0,0,33,1
382.681,149,599,0,0,33,1
382.755,175,631,-8,0,34,1
382.826,175,631,-8,0,34,1
382.865,218,650,0,0,34,1
382.938,289,657,0,0,35,1
383.010,289,657,0,0,35,1
383.054,323,653,0,0,35,1
383.127,294,615,0,0,36,1
383.199,294,615,0,0,36,1
383.238,290,610,-8,0,36,1
383.311,281,605,0,0,36,1
383.383,274,601,0,0,36,1
383.424,274,601,0,0,37,1
383.496,272,601,0,0,37,1
383.570,267,606,0,0,37,1
383.609,267,606,0,0,37,1
383.682,258,609,0,0,37,1
383.756,254,612,0,0,36,1
383.796,247,610,0,0,36,1
383.869,247,610,0,0,36,1
383.941,238,607,0,0,36,1
383.981,228,605,0,0,34,1
384.053,228,605,0,0,33,1
384.125,215,606,0,0,33,1
384.165,204,606,0,0,32,1
384.237,204,606,0,0,32,1
384.309,195,607,0,0,32,1
384.348,188,607,0,0,32,1
384.421,185,609,0,0,33,1
384.493,185,609,0,0,33,1
384.533,183,610,0,0,33,1
384.605,179,612,0,0,33,1
384.677,179,612,0,0,34,1
384.717,175,613,0,0,35,1
384.789,170,614,0,0,35,1
384.861,170,614,0,0,35,1
384.901,166,612,0,0,35,1
384.974,159,612,0,0,35,1
385.046,159,612,0,0,35,1
385.091,156,612,0,0,35,1
385.164,151,612,0,0,34,1
385.236,151,612,0,0,34,1
385.275,150,612,0,0,34,1
385.348,148,607,0,0,34,1
385.420,148,607,0,0,34,1
385.460,148,603,0,0,35,1
385.532,147,600,0,0,36,1
385.604,147,600,0,0,36,1
385.643,145,598,0,0,36,1
385.717,141,595,0,0,37,1
385.789,139,593,0,0,37,1
385.830,139,593,0,0,38,1
385.903,140,592,0,0,38,1
385.976,145,594,0,0,38,1
386.016,145,594,0,0,38,1
386.088,148,600,0,0,38,1
386.161,147,603,0,0,38,1
386.202,146,603,0,0,38,1
386.273,146,603,0,0,39,1
386.346,146,603,0,0,41,1
386.387,144,602,0,0,41,1
386.459,144,602,0,0,42,1
386.531,146,601,0,0,42,1
386.571,147,600,0,0,43,1
386.643,146,600,0,0,44,1
386.715,146,600,0,0,44,1
386.754,143,600,0,0,44,1
386.827,138,601,0,0,43,1
386.899,138,601,0,0,43,1
386.938,134,603,0,0,43,1
387.011,132,602,0,0,43,1
387.083,132,602,0,0,43,1
387.128,132,603,0,0,43,1
387.200,134,606,0,0,43,1
387.272,134,606,0,0,43,1
387.311,135,609,0,0,43,1
387.384,133,611,0,0,44,1
387.456,133,611,0,0,45,1
387.496,134,614,0,0,45,1
387.569,132,617,0,0,45,1
387.641,132,617,0,0,45,1
387.680,126,616,16,0,45,1
387.753,119,614,16,0,46,1
387.825,119,614,16,0,46,1
387.864,111,608,0,0,47,1
387.937,99,602,0,0,47,1
388.009,89,595,0,0,47,3
388.049,89,595,0,0,48,3
388.122,84,586,-8,0,49,3
388.194,82,580,-8,0,49,3
388.234,82,580,-8,0,50,3
388.306,82,578,-8,0,50,3
388.379,88,577,0,0,50,3
388.420,88,577,0,0,49,3
388.492,93,576,0,0,49,3
388.565,99,577,0,0,49,3
388.606,109,582,0,0,49,0
388.678,109,582,0,0,48,0
388.751,113,587,0,0,48,0
388.792,111,582,0,0,48,0
388.864,111,582,0,0,48,0
388.936,100,581,0,0,48,0
388.976,93,581,0,0,49,0
389.048,90,584,0,0,50,0
389.120,90,584,0,0,50,0
389.164,93,588,0,0,51,0
389.237,103,594,0,0,51,0
389.309,103,594,0,0,51,0
389.348,112,601,0,0,51,0
389.421,117,606,0,0,51,0
389.493,117,606,0,0,51,0
389.533,119,610,0,0,51,0
389.605,116,610,0,0,51,0
389.677,116,610,0,0,51,0
389.717,114,609,0,0,52,1
389.789,110,606,0,0,52,0
389.861,110,606,0,0,52,0
389.901,107,603,0,0,52,0
389.974,105,602,0,0,52,0
390.047,105,602,0,0,53,0
390.087,103,601,0,0,53,0
390.160,102,599,0,0,53,0
390.231,102,599,0,0,53,0
390.270,104,599,0,0,53,0
390.344,112,600,0,0,52,0
390.416,127,600,0,0,52,0
390.456,127,600,0,0,52,0
390.530,148,602,0,0,51,0
390.602,221,611,0,0,51,0
390.642,221,611,0,0,50,0
390.716,273,625,0,0,50,0
390.788,285,626,0,0,50,0
390.828,290,628,0,0,52,0
390.900,290,628,0,0,52,0
390.972,285,626,0,0,53,0
391.012,272,625,0,0,53,0
391.084,272,625,0,0,53,0
391.156,208,610,0,0,54,0
391.201,58,591,0,0,54,0
391.274,-87,558,0,0,55,0
391.346,-87,558,0,0,55,0
391.386,-233,521,0,0,55,0
391.459,-370,484,0,0,55,0
391.531,-370,484,0,0,55,0
391.570,-463,460,0,0,56,0
391.643,-439,488,0,0,57,0
391.715,-439,488,0,0,57,0
391.754,-427,512,0,0,59,0
391.827,-419,526,0,0,59,2
391.899,-419,526,0,0,59,2
391.938,-420,523,0,0,60,1
392.011,-420,519,0,0,60,1
392.083,-420,519,0,0,61,1
392.123,-394,523,0,0,62,1
392.195,-364,528,0,0,62,1
392.267,-364,528,0,0,61,1
392.306,-340,535,0,0,61,1
392.380,-324,539,0,0,62,1
392.452,-324,539,0,0,63,1
392.492,-309,545,0,0,63,1
392.565,-295,549,0,0,63,1
392.637,-284,548,0,0,63,1
392.677,-284,548,0,0,65,1
392.751,-273,545,0,0,66,1
392.823,-262,545,0,0,66,1
392.863,-262,545,0,0,66,1
392.937,-257,545,0,0,66,1
393.010,-249,547,0,0,66,1
393.050,-231,549,0,0,66,1
393.122,-231,549,0,0,65,1
393.194,-203,552,0,0,65,1
393.239,-177,558,0,0,65,1
393.311,-177,558,0,0,65,1
393.383,-149,567,0,0,65,1
393.423,-123,580,0,0,65,1
393.495,-100,591,0,0,65,1
393.567,-100,591,0,0,65,1
393.606,-66,607,0,0,65,1
393.679,-61,607,0,0,64,1
393.751,-61,607,0,0,63,1
393.791,-66,600,0,0,63,1
393.864,-78,581,0,0,62,1
393.936,-78,581,0,0,62,1
393.975,-86,560,0,0,61,1
394.048,-98,526,0,0,60,1
394.120,-98,526,0,0,60,1
394.160,-105,506,0,0,60,1
394.232,-107,496,0,0,59,1
394.304,-107,496,0,0,59,1
394.344,-102,493,0,0,58,1
394.416,-98,493,0,0,57,1
394.488,-98,493,0,0,57,1
394.528,-97,493,0,0,58,1
394.600,-94,495,0,0,58,1
394.672,-94,495,0,0,59,1
394.711,-92,495,0,0,59,1
394.784,-92,491,0,0,59,1
394.856,-92,491,0,0,59,1
394.896,-92,487,0,0,59,1
394.969,-92,488,0,0,60,1
395.041,-89,495,0,0,60,1
395.081,-89,495,0,0,61,1
395.154,-80,507,0,0,61,1
395.226,-70,518,0,0,61,1
395.271,-70,518,0,0,61,1
395.344,-62,526,0,0,61,1
395.416,-57,530,0,0,61,4
395.456,-48,535,0,0,59,4
395.528,-48,535,0,0,58,4
395.600,-40,543,0,0,58,4
395.640,-36,549,0,0,57,4
395.711,-36,549,0,0,57,4
395.784,-39,548,0,0,55,4
395.824,-44,546,0,0,53,4
395.895,-44,546,0,0,53,4
395.968,-39,552,0,0,52,4
396.007,-35,557,0,0,52,4
396.080,-32,563,0,0,50,4
396.152,-32,563,0,0,49,4
396.192,-31,567,0,0,49,4
396.265,-29,569,0,0,48,4
396.337,-29,569,0,0,48,4
396.376,-29,570,0,0,47,4
396.449,-31,568,0,0,46,4
396.521,-31,568,0,0,46,1
396.560,-32,566,0,0,46,1
396.633,-33,564,0,0,46,1
396.705,-33,564,0,0,46,1
396.744,-33,562,0,0,46,1
396.817,-29,562,0,0,46,1
396.889,-29,562,0,0,46,1
396.929,-22,563,0,0,46,1
397.001,-17,564,0,0,46,1
397.073,-17,564,0,0,47,1
397.112,-16,563,0,0,47,1
397.185,-17,560,0,0,47,1
397.257,-17,560,0,0,48,1
397.302,-20,557,0,0,48,1
397.375,-24,556,0,0,49,1
397.449,-27,557,0,0,50,1
397.488,-27,557,0,0,50,1
397.561,-29,560,0,0,52,1
397.633,-27,566,0,0,52,1
397.673,-27,566,0,0,53,1
397.746,-22,573,0,0,54,1
397.818,-15,577,0,0,54,1
397.858,-13,576,0,0,54,1
397.930,-13,576,0,0,55,1
398.002,-15,577,0,0,55,1
398.042,-19,575,0,0,55,1
398.114,-19,575,0,0,56,1
398.186,-24,571,0,0,56,1
398.226,-25,568,0,0,56,1
398.298,-25,568,0,0,56,1
398.370,-23,568,0,0,56,1
398.409,-23,569,0,0,56,1
398.482,-23,568,0,0,55,1
398.554,-23,568,0,0,55,1
398.594,-23,569,0,0,55,1
398.667,-20,576,0,0,54,1
398.739,-20,576,0,0,54,1
398.778,-17,580,0,0,52,1
398.851,-16,580,0,0,51,1
398.923,-16,580,0,0,51,1
398.962,-13,580,0,0,50,1
399.035,-7,580,8,0,49,1
399.107,-7,580,8,0,49,1
399.147,0,579,8,0,49,1
399.219,9,581,8,0,49,1
399.291,9,581,8,0,49,1
399.336,15,583,0,0,50,1
399.408,18,581,8,0,50,1
399.480,18,581,8,0,49,1
399.520,18,579,8,0,51,1
399.592,19,577,8,0,51,1
399.664,19,577,8,0,51,4
399.704,21,577,8,0,51,4
399.777,21,581,8,0,53,4
399.851,24,586,8,0,54,4
399.890,24,586,8,0,54,4
399.964,24,588,8,0,56,4
400.036,26,591,0,0,56,4
400.076,26,591,0,0,56,4
400.149,35,594,0,0,57,4
400.221,41,597,0,0,57,4
400.261,38,598,-8,0,58,4
400.333,38,598,-8,0,59,4
400.405,36,599,-8,0,59,4
400.445,35,601,-8,0,58,4
400.517,35,601,-8,0,59,4
400.589,33,598,-8,0,59,4
400.629,28,594,0,0,58,4
400.700,28,594,0,0,58,4
400.773,26,593,0,0,58,4
400.812,24,591,0,0,58,4
400.885,24,589,0,0,57,4
400.957,24,589,0,0,57,4
400.997,25,586,0,0,57,4
401.070,22,585,0,0,56,4
401.142,22,585,0,0,56,4
401.181,10,582,0,0,55,4
401.254,-5,577,0,0,54,4
401.326,-5,577,0,0,54,4
401.370,-54,568,0,0,52,4
401.443,-108,560,0,0,51,4
401.515,-108,560,0,0,51,4
401.554,-140,559,0,0,49,4
401.627,-141,563,0,0,48,4
401.699,-141,563,0,0,48,4
401.738,-140,568,0,0,48,4
401.811,-143,573,0,0,48,4
401.883,-143,573,0,0,48,4
401.923,-151,576,0,0,48,4
401.995,-160,578,0,0,48,4
402.067,-160,578,0,0,47,4
402.107,-167,576,0,0,47,4
402.180,-170,575,0,0,47,4
402.253,-171,573,0,0,47,4
402.292,-171,573,0,0,47,4
402.366,-177,571,0,0,46,4
402.439,-180,573,0,0,46,4
402.478,-180,573,0,0,46,4
402.552,-179,575,0,0,46,4
402.624,-175,577,0,0,46,4
402.664,-172,579,0,0,47,4
402.736,-172,579,0,0,47,4
402.808,-161,579,0,0,47,4
402.848,-152,577,0,0,48,4
402.920,-152,577,0,0,47,4
402.992,-147,575,0,0,47,4
403.032,-149,575,0,0,48,4
403.103,-149,575,0,0,48,4
403.176,-150,574,0,0,47,4
403.216,-152,575,0,0,47,4
403.288,-162,574,0,0,47,4
403.360,-162,574,0,0,46,4
403.406,-174,575,0,0,46,4
403.478,-200,578,0,0,46,4
403.551,-200,578,0,0,44,4
403.592,-230,595,0,0,44,4
403.664,-247,625,0,0,44,4
403.736,-247,625,0,0,44,4
403.774,-261,659,0,0,43,4
403.847,-264,707,0,0,42,4
403.919,-264,707,0,0,42,4
403.958,-249,805,0,0,41,4
404.031,-224,879,0,0,40,4
404.103,-224,879,0,0,40,4
404.142,-218,843,0,0,38,4
404.215,-194,796,0,0,37,4
404.287,-194,796,0,0,37,4
404.327,-157,753,0,0,37,4
404.399,-113,721,0,0,37,4
404.471,-113,721,0,0,37,4
404.510,-83,679,0,0,37,4
404.584,-39,640,0,0,36,4
404.657,23,628,0,0,35,4
404.697,23,628,0,0,35,4
404.770,118,623,0,0,33,4
404.842,222,621,0,0,33,4
404.882,222,621,0,0,33,4
404.956,303,620,0,0,32,4
405.028,350,647,0,0,32,4
405.068,413,651,0,0,32,4
405.140,413,651,0,0,32,4
405.212,447,675,0,0,32,4
405.252,442,715,0,0,33,4
405.324,442,715,0,0,33,4
405.396,401,733,0,0,33,4
405.440,371,730,0,0,32,4
405.513,347,720,0,0,33,4
405.585,347,720,0,0,33,4
405.625,323,712,0,0,33,4
405.698,314,708,0,0,33,4
405.769,314,708,0,0,32,4
405.809,326,705,0,0,32,4
405.882,331,706,0,0,32,4
405.954,331,706,0,0,34,4
405.994,318,707,0,0,34,4
406.067,307,709,0,0,36,4
406.139,307,709,0,0,36,4
406.178,284,716,0,0,38,4
406.251,263,718,0,0,40,4
406.323,263,718,0,0,40,4
406.362,256,719,0,0,42,4
406.435,248,720,0,0,44,4
406.507,248,720,0,0,44,4
406.546,239,722,0,0,45,4
406.619,230,716,0,0,47,4
406.691,230,716,0,0,47,4
406.731,218,708,0,0,47,4
406.803,208,699,0,0,47,4
406.876,201,689,0,0,47,4
406.916,201,689,0,0,47,1
406.988,208,690,0,0,47,1
407.062,222,697,0,0,47,1
407.101,222,697,0,0,47,1
407.174,236,703,0,0,47,1
407.248,262,724,0,0,46,1
407.288,283,737,0,0,46,1
407.360,283,737,0,0,48,1
407.432,297,743,0,0,48,1
407.477,297,745,0,0,50,1
407.549,297,745,0,0,50,1
407.621,301,747,0,0,50,1
407.661,302,744,0,0,50,1
407.734,299,740,0,0,50,1
407.806,299,740,0,0,50,1
407.845,291,736,0,0,50,1
407.918,280,732,0,0,50,1
407.990,280,732,0,0,50,1
408.029,265,730,0,0,50,1
408.101,217,722,0,0,50,1
408.173,217,722,0,0,50,1
408.213,178,710,0,0,50,1
408.285,164,698,0,0,50,1
408.358,164,698,0,0,49,1
408.398,180,691,0,0,49,1
408.471,191,687,0,0,50,1
408.542,191,687,0,0,50,1
408.582,205,686,0,0,51,1
408.655,259,677,0,0,52,1
408.729,259,677,0,0,52,1
408.765,315,671,0,0,52,1
408.838,353,690,0,0,53,1
408.911,353,690,0,0,53,1
408.950,329,695,0,0,55,1
409.024,274,683,0,0,55,1
409.095,274,683,0,0,55,1
409.134,227,674,0,0,55,1
409.206,175,665,0,0,55,1
409.278,178,665,0,0,54,1
409.319,178,665,0,0,53,1
409.393,180,665,0,0,53,1
409.470,187,664,0,0,53,1
409.510,187,664,0,0,53,1
409.583,196,658,0,0,52,1
409.656,206,651,0,0,52,1
409.696,213,645,0,0,52,1
409.768,213,645,0,0,53,1
409.841,211,639,0,0,53,1
409.880,214,639,0,0,52,1
409.952,214,639,0,0,50,1
410.025,211,637,0,0,50,1
410.064,210,635,0,0,47,1
410.138,209,633,0,0,45,1
410.208,209,633,0,0,45,1
410.248,228,634,0,0,45,1
410.321,250,635,0,0,42,1
410.392,250,635,0,0,42,1
410.432,233,636,0,0,40,3
410.504,219,636,0,0,40,3
410.576,219,636,0,0,39,3
410.616,164,633,0,0,38,3
410.688,136,621,0,0,38,3
410.760,136,621,0,0,38,3
410.800,132,615,0,0,38,3
410.873,136,611,0,0,39,3
410.945,136,611,0,0,40,3
410.985,149,607,0,0,40,3
411.058,162,605,0,0,41,3
411.130,162,605,0,0,41,3
411.169,147,613,0,0,42,3
411.242,142,620,0,0,44,3
411.314,142,620,0,0,44,3
411.353,146,631,0,0,43,3
411.426,148,642,0,0,42,3
411.498,148,642,0,0,42,1
411.543,110,648,0,0,42,1
411.615,71,649,0,0,43,1
411.687,22,650,0,0,43,1
411.728,22,650,0,0,43,1
411.799,-62,650,0,0,43,1
411.872,-82,647,0,0,43,1
411.913,-82,647,0,0,43,1
411.984,-85,644,0,0,43,1
412.057,-85,645,0,0,43,1
412.098,-78,647,0,0,43,1
412.169,-78,647,0,0,43,1
412.242,-76,648,0,0,43,1
412.282,-75,648,0,0,43,1
412.354,-75,648,0,0,43,1
412.426,-80,648,0,0,43,1
412.466,-89,648,0,0,43,1
412.538,-112,643,0,0,42,1
412.610,-112,643,0,0,42,1
412.649,-117,636,0,0,41,1
412.722,-110,634,0,0,41,1
412.794,-110,634,0,0,41,1
412.833,-103,634,0,0,40,1
412.906,-97,637,0,0,40,1
412.978,-97,637,0,0,40,1
413.018,-84,642,8,0,39,1
413.090,-76,647,0,0,39,1
413.162,-76,647,0,0,39,1
413.202,-80,650,0,0,39,1
413.275,-87,648,0,0,40,1
413.347,-87,648,0,0,40,1
413.387,-94,646,0,0,40,1
413.460,-84,652,0,0,41,1
413.533,-84,652,0,0,41,1
413.576,-69,660,0,0,41,1
413.649,-57,670,0,0,41,1
413.721,-57,670,0,0,41,1
413.760,-53,677,0,0,40,1
413.833,-49,686,0,0,40,1
413.905,-49,694,0,0,40,1
413.945,-49,694,0,0,40,1
414.019,-48,699,0,0,40,1
414.091,-57,700,0,0,40,1
414.132,-57,700,0,0,39,1
414.204,-64,695,0,0,39,1
414.277,-101,695,0,0,38,1
414.318,-133,691,0,0,38,1
414.389,-133,691,0,0,38,1
414.463,-194,691,0,0,38,1
414.503,-219,694,0,0,38,1
414.575,-219,694,0,0,37,1
414.648,-211,698,0,0,37,1
414.689,-188,701,0,0,37,1
414.761,-188,701,0,0,36,1
414.833,-181,700,0,0,36,1
414.872,-177,694,0,0,35,1
414.945,-179,688,0,0,34,1
415.017,-179,688,0,0,34,1
415.056,-182,685,0,0,33,1
415.129,-189,683,0,0,31,1
415.201,-189,683,0,0,31,1
415.240,-189,681,0,0,31,1
415.313,-173,676,0,0,31,1
415.385,-173,676,0,0,31,1
415.425,-149,670,0,0,31,1
415.497,-84,646,0,0,31,1
415.569,-84,646,0,0,32,1
415.614,-32,625,0,0,33,1
415.686,3,613,0,0,33,1
415.758,3,613,0,0,33,1
415.798,16,605,0,0,33,1
415.871,-15,599,0,0,35,1
415.943,-15,599,0,0,35,1
415.982,-47,594,0,0,35,1
416.056,-49,597,0,0,36,1
416.127,-49,597,0,0,36,1
416.166,-41,601,0,0,37,1
416.240,-40,603,0,0,37,1
416.313,-37,607,0,0,37,1
416.353,-37,607,0,0,37,1
416.426,-34,612,0,0,37,1
416.504,-37,615,0,0,37,1
416.538,-37,615,0,0,37,1
416.612,-42,615,0,0,37,1
416.684,-49,615,0,0,37,1
416.724,-51,616,0,0,37,1
416.795,-51,616,0,0,37,1
416.868,-51,618,0,0,37,1
416.908,-37,628,0,0,37,1
416.979,-37,628,0,0,38,1
417.052,-19,641,0,0,38,1
417.093,3,648,0,0,38,1
417.164,3,648,0,0,38,1
417.237,21,654,0,0,38,1
417.276,20,658,0,0,37,1
417.349,11,658,0,0,37,1
417.421,11,658,0,0,37,1
417.460,2,657,0,0,36,1
417.533,23,663,0,0,36,1
417.605,23,663,0,0,36,1
417.649,31,665,0,0,37,1
417.722,43,668,0,0,37,4
417.794,43,668,0,0,37,4
417.833,67,669,0,0,37,4
417.906,92,670,0,0,37,4
417.978,92,670,0,0,37,4
418.018,173,681,0,0,38,4
418.090,258,693,0,0,38,4
418.162,258,693,0,0,39,4
418.202,317,706,0,0,39,4
418.275,337,711,0,0,41,4
418.348,337,711,0,0,42,4
418.387,320,710,0,0,42,4
418.460,272,698,0,0,43,4
418.532,272,698,0,0,43,4
418.571,240,678,0,0,44,4
418.645,224,642,0,0,46,4
418.718,229,632,0,0,46,4
418.757,229,632,0,0,47,4
418.831,244,622,0,0,49,4
418.904,256,607,0,0,49,4
418.943,256,607,0,0,50,4
419.017,268,590,0,0,50,4
419.089,256,600,0,0,50,4
419.129,243,615,0,0,50,4
419.200,243,615,0,0,50,4
419.273,237,621,0,0,50,4
419.313,235,628,8,0,50,4
419.385,235,628,8,0,50,4
419.457,239,635,8,0,50,4
419.498,239,641,8,0,50,4
419.570,239,647,8,0,50,4
419.642,239,647,8,0,50,4
419.686,244,649,8,0,50,4
419.759,247,650,8,0,50,4
419.831,247,650,8,0,50,4
419.870,247,650,8,0,49,4
419.943,243,655,8,0,49,4
420.015,243,655,8,0,49,4
420.054,239,659,8,0,50,4
420.127,237,664,8,0,51,4
420.199,237,664,8,0,51,4
420.238,234,669,16,0,51,4
420.311,224,675,16,0,51,4
420.383,224,675,16,0,52,4
420.423,215,679,8,0,54,4
420.495,204,684,8,0,54,4
420.567,204,684,8,0,55,4
420.606,197,687,8,0,55,4
420.680,189,688,8,0,56,4
420.752,189,688,8,0,57,4
420.792,181,688,8,0,57,4
420.866,170,688,16,0,57,4
420.939,163,688,16,0,57,4
420.978,163,688,16,0,58,4
421.052,153,691,8,0,58,4
421.124,146,695,16,0,58,4
421.164,146,695,16,0,58,4
421.238,142,703,16,0,59,4
421.310,142,713,16,0,59,4
421.351,140,721,16,0,61,4
421.423,140,721,16,0,61,4
421.495,138,729,16,0,61,4
421.535,132,735,24,0,61,4
421.607,132,735,24,0,61,4
421.679,120,737,24,0,61,4
421.724,109,740,16,0,60,4
421.796,102,746,8,0,60,4
421.869,102,746,8,0,60,4
421.907,101,756,0,0,60,4
421.980,106,768,0,0,60,4
422.052,106,768,0,0,59,4
422.092,111,779,-8,0,59,4
422.165,114,788,-8,0,58,4
422.237,114,788,-8,0,58,4
422.276,118,799,-8,0,57,4
422.349,140,826,0,0,56,4
422.421,140,826,0,0,56,4
422.460,154,859,0,0,54,4
422.533,162,879,0,0,53,4
422.605,162,879,0,0,53,4
422.644,173,878,0,0,52,4
422.717,180,879,0,0,50,4
422.789,180,879,0,0,50,4
422.829,189,884,0,0,49,4
422.901,194,890,0,0,49,4
422.973,194,890,0,0,48,4
423.012,201,893,0,0,48,4
423.085,215,892,0,0,47,4
423.157,215,892,0,0,46,4
423.197,247,896,0,0,46,4
423.270,255,899,0,0,45,4
423.343,265,898,0,0,45,4
423.383,265,898,0,0,43,4
423.457,264,897,0,0,42,4
423.529,269,893,0,0,42,4
423.569,269,893,0,0,41,4
423.643,289,889,0,0,40,4
423.715,341,882,0,0,40,4
423.760,365,878,0,0,40,4
423.832,365,878,0,0,39,4
423.904,367,896,0,0,39,4
423.944,369,908,0,0,38,4
424.016,369,908,0,0,37,4
424.088,366,920,0,0,37,4
424.128,367,931,0,0,36,4
424.200,371,934,0,0,36,4
424.272,371,934,0,0,36,4
424.311,380,932,0,0,36,4
424.384,387,932,0,0,36,4
424.456,387,932,0,0,34,4
424.496,396,931,0,0,34,4
424.569,399,929,0,0,32,4
424.641,399,929,0,0,32,4
424.680,401,928,0,0,31,4
424.753,402,927,0,0,30,4
424.825,402,927,0,0,30,4
424.864,404,925,0,0,31,4
424.937,405,924,0,0,31,4
425.009,405,924,0,0,31,4
425.048,385,927,0,0,31,4
425.121,362,932,0,0,32,4
425.193,362,932,0,0,32,4
425.232,299,952,0,0,32,4
425.305,247,971,-8,0,32,4
425.377,247,971,-8,0,32,4
425.417,191,981,-16,0,31,4
425.489,155,983,-16,0,31,4
425.561,155,983,-16,0,31,4
425.601,114,973,-24,0,31,4
425.675,85,965,-24,0,30,4
425.748,54,950,-24,0,30,4
425.792,54,950,-24,0,30,4
425.866,37,929,-32,0,30,4
425.938,45,899,-24,0,30,4
425.979,75,879,-24,0,30,4
426.051,75,879,-24,0,29,4
426.123,121,834,-32,0,29,4
426.163,129,757,-24,0,30,4
426.235,129,757,-24,0,28,4
426.307,138,711,-16,0,28,4
426.347,114,694,-24,0,28,4
426.419,114,694,-24,0,28,4
426.491,109,683,-8,0,28,4
426.531,107,697,-8,0,28,4
426.603,97,709,-16,0,28,4
426.675,97,709,-16,0,29,4
426.715,93,708,-16,0,29,4
426.787,86,703,-16,0,29,4
426.859,86,703,-16,0,28,3
426.899,81,697,-8,0,28,3
426.972,77,689,-8,0,29,3
427.044,77,689,-8,0,29,3
427.083,71,680,0,0,29,3
427.156,39,661,8,0,30,3
427.228,39,661,8,0,30,3
427.267,15,649,0,0,30,3
427.340,-3,635,0,0,32,3
427.412,-3,635,0,0,32,3
427.451,-33,626,0,0,33,3
427.524,-70,633,0,0,34,3
427.596,-70,633,0,0,34,3
427.635,-106,641,0,0,35,3
427.708,-118,641,0,0,35,3
427.780,-118,641,0,0,37,3
427.825,-118,639,0,0,40,3
427.898,-116,638,0,0,40,3
427.970,-113,637,0,0,42,3
428.010,-113,637,0,0,42,3
428.083,-106,637,0,0,44,3
428.157,-95,640,0,0,46,3
428.196,-95,640,0,0,46,3
428.269,-85,642,0,0,47,3
428.342,-77,645,0,0,47,3
428.382,-73,643,0,0,49,3
428.454,-73,643,0,0,50,3
428.526,-69,638,0,0,50,3
428.566,-67,631,0,0,51,3
428.638,-67,631,0,0,52,3
428.710,-70,623,0,0,52,3
428.750,-72,614,0,0,53,3
428.822,-72,614,0,0,52,3
428.894,-72,607,0,0,52,3
428.933,-72,603,0,0,52,3
429.006,-74,610,0,0,52,3
429.078,-74,610,0,0,51,3
429.118,-83,617,0,0,51,3
429.190,-91,617,0,0,51,3
429.262,-91,617,0,0,50,3
429.302,-100,615,0,0,50,3
429.375,-122,607,0,0,51,3
429.448,-122,607,0,0,52,3
429.487,-132,597,0,0,52,3
429.560,-133,595,0,0,52,3
429.632,-133,595,0,0,52,3
429.671,-132,594,0,0,53,3
429.744,-129,594,0,0,53,3
429.816,-129,594,0,0,53,3
429.861,-123,599,0,0,53,3
429.933,-117,606,0,0,54,3
430.005,-117,606,0,0,54,3
430.045,-109,620,0,0,56,3
430.117,-85,661,8,0,56,3
430.189,-85,661,8,0,56,3
430.229,-80,658,16,0,58,3
430.301,-80,652,24,0,58,3
430.375,-82,648,24,0,60,3
430.415,-82,648,24,0,60,3
430.487,-83,645,16,0,60,3
430.561,-86,644,24,0,61,3
430.600,-86,644,24,0,61,3
430.674,-88,646,24,0,60,3
430.747,-90,648,32,0,60,3
430.787,-88,652,16,0,60,3
430.859,-88,652,16,0,60,3
430.931,-88,656,24,0,60,3
430.971,-83,661,24,0,59,3
431.043,-83,661,24,0,58,3
431.115,-77,672,16,0,58,1
431.155,-63,702,16,0,58,1
431.227,-58,719,16,0,57,1
431.299,-58,719,16,0,57,1
431.338,-47,733,16,0,57,1
431.411,-46,739,8,0,57,1
431.483,-46,739,8,0,56,1
431.523,-46,743,8,0,56,1
431.595,-41,747,0,0,56,1
431.667,-41,747,0,0,54,1
431.706,-36,753,0,0,54,1
431.779,-28,760,0,0,52,1
431.851,-28,760,0,0,50,1
431.896,-22,766,0,0,50,1
431.969,-13,770,0,0,48,1
432.041,-13,770,0,0,48,1
432.080,2,777,0,0,46,1
432.153,2,780,0,0,45,1
432.225,2,780,0,0,45,1
432.264,4,782,0,0,43,1
432.337,2,780,0,0,41,1
432.409,2,780,0,0,41,1
432.448,2,779,0,0,41,1
432.521,0,780,0,0,41,1
432.593,-1,785,0,0,41,1
432.633,-1,785,0,0,42,1
432.705,1,793,0,0,42,1
432.778,4,800,0,0,43,1
432.819,4,800,0,0,43,1
432.890,5,806,0,0,43,1
432.964,2,810,0,0,43,1
433.003,2,810,0,0,43,1
433.076,0,815,-8,0,44,1
433.149,-1,817,0,0,45,1
433.189,-5,816,0,0,45,1
433.261,-5,816,0,0,45,1
433.333,-9,816,-8,0,45,1
433.373,-12,814,-8,0,46,1
433.445,-12,814,-8,0,48,1
433.517,-13,815,-8,0,48,1
433.557,-8,816,-8,0,48,1
433.629,-5,817,-8,0,48,1
433.701,-5,817,-8,0,48,1
433.740,-8,818,0,0,49,1
433.813,-16,822,0,0,49,1
433.885,-16,822,0,0,49,1
433.930,-23,833,0,0,49,1
434.074,-31,853,0,0,49,1
434.114,-57,957,0,0,48,1
434.186,-108,1163,0,0,48,4
434.258,-108,1163,0,0,48,4
434.298,-139,1335,0,0,48,4
434.372,-164,1489,0,0,47,4
434.444,-164,1489,0,0,47,4
434.483,-176,1582,0,0,46,4
434.556,-167,1603,0,0,46,4
434.628,-167,1603,0,0,46,4
434.668,-148,1587,0,0,46,4
434.740,-78,1503,0,0,45,4
434.812,-78,1503,0,0,45,4
434.851,66,1332,0,0,45,4
434.924,181,1197,0,0,46,4
434.997,256,1113,0,0,46,4
435.036,256,1113,0,0,46,4
435.110,297,1041,0,0,46,4
435.183,269,987,0,0,44,4
435.223,269,987,0,0,44,4
435.295,226,959,0,0,44,4
435.368,153,914,0,0,44,4
435.409,96,880,0,0,44,4
435.480,96,880,0,0,43,4
435.553,49,868,8,0,43,4
435.594,31,874,0,0,43,4
435.666,31,874,0,0,43,4
435.738,36,877,8,0,43,4
435.778,37,877,0,0,42,4
435.850,37,877,0,0,41,4
435.922,56,882,0,0,41,4
435.966,70,882,0,0,40,4
436.039,60,866,0,0,40,4
436.111,60,866,0,0,40,4
436.150,51,863,0,0,39,4
436.223,41,860,0,0,39,4
436.295,41,860,0,0,39,4
436.334,53,861,0,0,38,4
436.407,67,863,0,0,38,4
436.479,67,863,0,0,37,4
436.519,79,865,0,0,36,4
436.591,92,865,0,0,36,4
436.663,92,865,0,0,34,4
436.703,98,865,0,0,34,4
436.776,107,863,0,0,34,4
436.848,107,863,0,0,35,4
436.888,113,860,0,0,35,4
436.961,116,858,0,0,35,4
437.033,116,858,0,0,35,4
437.072,108,857,0,0,36,4
437.145,98,859,0,0,35,4
437.217,98,859,0,0,35,4
437.256,90,858,0,0,34,4
437.329,87,855,0,0,35,4
437.401,109,842,0,0,35,4
437.441,109,842,0,0,35,4
437.515,131,829,0,0,36,4
437.587,146,821,0,0,36,4
437.628,146,821,0,0,37,4
437.700,162,810,0,0,37,4
437.773,177,803,0,0,38,4
437.814,186,802,0,0,39,4
437.885,186,802,0,0,39,4
437.958,194,803,0,0,39,4
438.004,195,805,0,0,39,4
438.076,195,805,0,0,39,4
438.148,198,810,0,0,39,4
438.188,199,812,0,0,39,4
438.261,201,814,-8,0,39,1
438.333,201,814,-8,0,39,1
438.372,203,815,-8,0,40,1
438.445,200,815,-8,0,41,1
438.517,200,815,-8,0,41,1
438.556,194,813,0,0,41,1
438.629,189,813,0,0,41,1
438.701,189,813,0,0,41,1
438.740,180,811,-8,0,40,1
438.813,159,806,0,0,41,1
438.885,159,806,0,0,41,1
438.925,169,813,0,0,40,1
438.997,179,815,0,0,40,2
439.069,179,815,0,0,40,2
439.108,187,817,-8,0,40,2
439.181,181,815,-8,0,40,2
439.253,181,815,-8,0,39,2
439.293,171,811,-8,0,39,2
439.367,161,807,-8,0,39,2
439.439,161,807,-8,0,39,2
439.478,151,803,-8,0,38,2
439.550,138,796,-8,17,40,2
439.622,138,796,-8,17,40,2
439.661,127,791,0,0,41,2
439.735,122,789,-8,31,44,2
439.807,116,787,-8,31,44,2
439.847,116,787,-8,0,44,2
439.921,105,784,-8,0,45,2
439.993,97,782,-8,0,45,2
440.039,85,779,0,0,45,2
440.110,85,779,0,0,45,2
440.183,73,777,0,0,47,2
440.223,62,775,-8,0,47,2
440.295,62,775,-8,0,47,2
440.367,53,774,0,0,48,2
440.407,47,772,-8,0,48,2
440.479,47,772,-8,0,48,2
440.551,39,774,-8,0,50,2
440.590,31,775,0,0,50,2
440.663,23,773,0,0,50,2
440.735,23,773,0,0,50,2
440.774,13,771,0,0,50,2
440.847,4,770,0,0,51,2
440.919,4,770,0,0,51,2
440.958,-8,767,0,0,51,2
441.031,-17,763,0,0,51,2
441.103,-17,763,0,0,51,2
441.142,-21,762,0,0,52,2
441.215,-26,764,0,0,53,2
441.287,-26,764,0,0,53,1
441.327,-25,771,0,0,54,1
441.399,-21,780,0,0,54,1
441.471,-21,780,0,0,53,1
441.510,-22,785,0,0,53,3
441.583,-29,780,0,0,53,3
441.655,-29,780,0,0,53,3
441.695,-36,775,-8,0,53,3
441.768,-41,772,-8,0,52,3
441.840,-41,772,-8,0,52,3
441.879,-49,768,0,0,53,3
441.952,-70,757,0,0,54,3
442.024,-70,757,0,0,54,3
442.068,-100,739,0,0,54,3
442.142,-127,722,0,0,54,3
442.214,-86,735,-8,0,54,3
442.254,-86,735,-8,0,55,3
442.327,-72,739,0,0,54,3
442.399,-68,740,0,0,54,3
442.440,-67,745,-8,0,54,3
442.512,-67,745,-8,0,54,3
442.584,-66,747,0,0,54,3
442.624,-66,748,0,0,56,3
442.695,-66,748,0,0,56,3
442.768,-63,748,-8,0,57,3
442.808,-48,743,0,0,57,3
442.879,-48,743,0,0,59,3
442.952,-27,739,-8,0,60,3
442.992,23,729,0,0,60,3
443.064,49,727,0,0,61,3
443.136,49,727,0,0,61,3
443.175,63,722,0,0,62,3
443.248,65,725,-8,0,62,3
443.320,65,725,-8,0,62,3
443.359,67,729,-8,0,63,3
443.432,65,731,0,0,64,3
443.504,65,731,0,0,64,3
443.544,65,731,0,0,62,3
443.616,69,730,0,0,62,3
443.688,69,730,0,0,62,3
443.728,77,728,0,0,59,3
443.800,90,723,0,0,59,3
443.872,90,723,0,0,61,3
443.911,106,716,0,0,61,3
443.984,118,711,0,0,61,3
444.056,118,711,0,0,61,3
444.101,108,712,0,0,61,3
444.174,97,710,0,0,59,3
444.246,97,710,0,0,60,3
444.286,88,703,0,0,60,3
444.359,80,697,0,0,61,3
444.431,83,696,0,0,61,3
444.471,83,696,0,0,64,3
444.544,91,690,0,0,64,3
444.616,97,687,0,0,64,3
444.656,97,687,0,0,66,3
444.730,102,691,0,0,66,3
444.802,103,695,-8,0,66,3
444.843,97,698,0,0,65,3
444.915,97,698,0,0,64,3
444.987,91,701,8,0,64,3
445.027,101,696,8,0,64,3
445.100,101,696,8,0,64,3
445.171,113,693,8,0,65,3
445.211,126,693,8,0,65,3
445.282,126,693,8,0,64,3
445.355,137,696,8,0,64,3
445.395,145,698,16,0,64,3
445.469,154,701,24,21,65,3
445.541,154,701,24,21,65,3
445.580,160,705,8,0,66,3
445.653,156,707,16,0,66,3
445.725,156,707,16,0,66,3
445.764,147,715,16,0,66,3
445.837,137,723,16,0,65,3
445.909,137,723,16,0,65,3
445.948,136,734,16,0,64,3
446.021,134,743,8,0,63,3
446.093,134,743,8,0,63,3
446.138,125,743,8,0,64,3
446.210,117,745,0,0,64,3
446.282,117,745,0,0,63,3
446.322,109,747,-8,0,63,3
446.394,100,746,-8,0,63,3
446.466,100,746,-8,0,63,3
446.505,91,745,-8,0,63,3
446.578,85,744,-24,0,63,0
446.650,85,744,-24,0,62,0
446.690,88,744,-24,0,62,0
446.764,96,744,-24,0,62,0
446.836,98,742,-8,0,62,0
446.876,98,742,-8,0,61,0
446.950,96,740,-24,0,60,0
447.022,91,737,8,0,60,0
447.062,91,737,8,0,60,0
447.136,70,724,8,0,58,0
447.208,55,711,16,0,58,0
447.248,64,710,24,0,58,0
447.320,64,710,24,0,57,0
447.392,68,709,24,0,57,0
447.432,73,708,24,0,56,0
447.504,73,708,24,0,56,0
447.576,80,707,8,0,55,0
447.617,86,707,32,0,54,0
447.688,86,707,32,0,54,0
447.761,92,709,39,0,53,0
447.801,95,711,16,0,53,0
447.874,100,713,8,0,51,0
447.945,100,713,8,0,49,0
447.986,109,718,72,0,49,0
448.059,119,723,72,0,48,0
448.130,119,723,72,0,48,0
448.175,130,729,104,0,48,0
448.247,143,735,79,0,47,0
448.319,143,735,79,0,47,0
448.360,157,740,56,0,44,0
448.432,173,745,16,0,41,0
448.503,173,745,16,0,41,0
448.543,191,749,16,0,39,0
448.616,211,754,16,0,37,0
448.687,211,754,16,0,37,0
448.727,229,758,16,0,35,0
448.800,247,762,16,0,35,0
448.872,247,762,16,0,35,0
448.911,265,766,16,0,35,0
448.984,282,770,16,0,34,0
449.057,303,776,32,0,33,0
449.097,303,776,32,0,33,0
449.170,326,784,32,0,32,0
449.243,349,798,39,0,32,0
449.283,349,798,39,0,30,0
449.356,372,815,72,0,28,0
449.429,394,833,72,0,28,0
449.469,416,851,72,0,26,0
449.541,416,851,72,0,25,0
449.613,437,868,72,0,25,0
449.653,456,887,0,0,22,0
449.725,456,887,0,0,22,0
449.799,453,931,0,0,22,0
449.837,416,1059,0,0,21,0
449.909,416,1059,0,0,21,0
449.982,332,1289,8,0,20,0
450.021,238,1497,8,0,20,0
450.093,194,1654,0,0,20,0
450.165,194,1654,0,0,18,0
450.210,159,1782,8,0,18,0
450.283,111,1878,8,0,18,0
450.356,111,1878,8,0,17,0
450.396,46,1934,8,0,17,0
450.469,4,1961,0,0,17,0
450.541,4,1961,0,0,17,0
450.581,-54,1978,8,0,16,0
450.653,-128,1989,0,0,14,0
450.731,-128,1989,0,0,14,0
450.769,-228,1984,0,0,13,0
450.838,-325,1984,0,0,12,0
450.910,-325,1984,0,0,12,0
450.949,-370,2088,0,0,11,0
451.022,-402,2177,0,0,10,0
451.094,-402,2177,0,0,10,0
451.132,-429,2271,0,0,8,0
451.205,-452,2362,0,0,8,0
451.278,-452,2362,0,0,7,0
451.318,-426,2341,0,0,7,0
451.393,-409,2310,0,0,7,0
451.462,-384,2279,0,0,6,0
451.505,-384,2279,0,0,6,0
451.575,-364,2253,0,0,6,0
451.648,-355,2220,8,0,5,0
451.688,-355,2220,8,0,5,0
451.761,-355,2197,0,0,5,0
451.834,-376,2182,0,0,5,0
451.874,-401,2184,8,0,5,0
451.946,-401,2184,8,0,4,0
452.018,-421,2194,8,0,4,0
452.058,-377,2209,8,0,4,0
452.130,-377,2209,8,0,4,0
452.202,-357,2217,8,0,4,0
452.247,-338,2231,8,0,4,0
452.320,-322,2251,0,0,4,0
452.391,-322,2251,0,0,4,0
452.431,-308,2275,0,0,4,0
452.503,-298,2293,8,0,4,0
452.575,-298,2293,8,0,4,0
452.616,-284,2307,8,0,3,0
452.687,-273,2314,8,0,3,0
452.760,-273,2314,8,0,3,0
452.800,-260,2322,0,0,3,0
452.873,-245,2333,0,0,3,0
452.946,-245,2333,0,0,3,0
452.986,-228,2344,0,0,3,0
453.059,-209,2355,0,0,3,0
453.130,-209,2355,0,0,3,0
453.170,-196,2364,0,0,3,0
453.243,-182,2373,0,0,3,0
453.314,-182,2373,0,0,3,0
453.354,-169,2379,0,0,3,0
453.427,-159,2385,0,0,3,0
453.499,-159,2385,0,0,3,0
453.538,-149,2390,0,0,3,0
453.610,-139,2395,0,0,3,0
453.682,-139,2395,0,0,2,0
453.722,-129,2400,0,0,3,0
453.795,-120,2405,0,0,3,0
453.868,-112,2409,0,0,2,0
453.908,-112,2409,0,0,2,0
453.981,-103,2414,0,0,2,0
454.054,-90,2419,0,0,2,0
454.094,-90,2419,0,0,2,0
454.167,-75,2425,0,0,2,0
454.239,-61,2430,0,0,2,0
454.284,-48,2435,0,0,2,0
454.356,-48,2435,0,0,2,0
454.429,-35,2440,0,0,2,0
454.468,-23,2444,0,0,2,0
454.540,-23,2444,0,0,2,0
454.612,-10,2449,0,0,2,0
454.652,5,2454,-16,0,2,0
454.724,22,2459,-16,0,2,0
454.796,22,2459,-16,0,2,0
454.836,39,2464,-16,0,2,0
454.908,55,2468,-16,0,2,0
454.980,55,2468,-16,0,2,0
455.020,98,2473,-8,0,2,0
455.092,228,2483,-8,0,2,0
455.165,228,2483,-8,0,2,0
455.205,270,2487,-8,0,2,0
455.277,311,2490,-8,0,2,0
455.350,311,2490,-8,0,2,0
455.390,350,2493,-8,0,2,0
455.463,383,2498,0,0,2,0
455.534,383,2498,0,0,2,0
455.574,412,2503,0,0,2,0
455.647,434,2505,0,0,2,0
455.719,434,2505,0,0,2,0
455.758,453,2506,0,0,2,0
455.831,460,2506,0,0,2,0
455.902,460,2506,0,0,2,0
455.942,459,2512,0,0,2,0
456.015,453,2519,0,0,2,0
456.087,447,2526,0,0,2,0
456.127,447,2526,0,0,2,0
456.200,442,2532,0,0,2,0
456.273,436,2539,0,0,2,0
456.318,436,2539,0,0,2,0
456.391,431,2545,0,0,2,0
456.464,432,2555,0,0,2,0
456.504,434,2566,0,0,2,0
456.576,434,2566,0,0,2,0
456.649,437,2576,0,0,2,0
456.689,443,2585,0,0,2,0
456.761,443,2585,0,0,2,0
456.833,445,2594,0,0,2,0
456.873,446,2602,0,0,2,0
456.945,450,2611,0,0,2,0
457.017,450,2611,0,0,2,0
457.057,454,2622,0,0,2,0
457.129,458,2632,0,0,2,0
457.201,458,2632,0,0,2,0
457.241,463,2641,0,0,2,0
457.314,467,2651,0,0,2,0
457.385,467,2651,0,0,2,0
457.425,469,2655,0,0,2,0
457.497,463,2649,0,0,2,0
457.569,463,2649,0,0,2,0
457.609,454,2639,0,0,2,0
457.681,445,2629,0,0,2,0
457.757,445,2629,0,0,2,0
457.794,436,2620,0,0,2,0
457.866,427,2611,0,0,2,0
457.938,427,2611,0,0,2,0
457.978,426,2602,0,0,2,0
458.050,426,2593,0,0,2,0
458.122,426,2593,0,0,2,0
458.162,427,2585,0,0,2,0
458.234,427,2576,0,0,2,0
458.307,427,2576,0,0,2,0
458.351,427,2569,0,0,2,0
458.424,422,2559,0,0,2,0
458.497,415,2550,0,0,2,0
458.537,415,2550,0,0,2,0
458.610,409,2540,0,0,2,0
458.683,402,2531,0,0,2,0
458.723,396,2523,0,0,2,0
458.796,396,2523,0,0,2,0
458.868,390,2514,0,0,2,0
458.907,385,2506,0,0,2,0
458.979,385,2506,0,0,2,0
459.051,379,2499,0,0,2,0
459.092,374,2491,0,0,2,0
459.165,374,2491,0,0,2,0
459.236,369,2484,0,0,2,0
459.276,364,2477,0,0,2,0
459.350,359,2470,0,0,2,0
459.420,359,2470,0,0,2,0
459.459,354,2464,0,0,2,0
459.533,350,2457,0,0,2,0
459.604,350,2457,0,0,2,0
459.643,346,2451,0,0,2,0
459.716,341,2446,0,0,2,0
459.788,341,2446,0,0,2,0
459.828,341,2446,0,0,2,0
459.900,341,2446,0,0,2,0
459.972,341,2446,0,0,2,0
460.012,340,2450,0,0,2,0
460.084,339,2457,0,0,2,0
460.157,339,2457,0,0,2,0
460.201,338,2463,0,0,2,0
460.270,338,2470,0,0,2,0
460.341,338,2470,0,0,2,0
460.386,337,2476,0,0,2,0
460.458,336,2482,0,0,2,0
460.531,336,2482,0,0,2,0
460.570,336,2488,0,0,2,0
460.643,335,2493,0,0,2,0
460.715,334,2498,0,0,2,0
460.754,334,2498,0,0,2,0
460.828,334,2504,0,0,2,0
460.901,333,2509,0,0,2,0
460.941,333,2509,0,0,2,0
461.014,333,2513,0,0,2,0
461.087,332,2518,0,0,2,0
461.127,331,2522,0,0,2,0
461.199,331,2522,0,0,2,0
461.271,331,2527,0,0,2,0
461.311,330,2531,0,0,2,0
461.383,330,2531,0,0,2,0
461.456,330,2531,0,0,2,0
461.496,330,2531,0,0,2,0
461.568,330,2531,0,0,2,0
461.641,330,2531,0,0,2,0
461.680,330,2531,0,0,2,0
461.757,330,2531,0,0,2,0
461.825,330,2531,0,0,2,0
461.864,330,2531,0,0,2,0
461.937,330,2531,0,0,3,0
462.008,330,2531,0,0,3,0
462.048,330,2531,0,0,2,0
462.121,324,2532,0,0,2,0
462.193,324,2532,0,0,2,0
462.232,316,2532,0,0,2,0
462.304,309,2532,0,0,2,0
462.376,309,2532,0,0,2,0
462.421,302,2532,0,0,2,0
462.493,296,2532,0,0,2,0
462.565,296,2532,0,0,2,0
462.615,289,2532,0,0,2,0
462.677,283,2532,0,0,2,0
462.750,283,2532,0,0,2,0
462.790,277,2533,0,0,2,0
462.864,271,2533,0,0,2,0
462.934,271,2533,0,0,2,0
462.974,266,2533,0,0,2,0
463.046,261,2533,0,0,2,0
463.121,255,2533,0,0,2,0
463.160,255,2533,0,0,2,0
463.232,250,2533,0,0,2,0
463.305,246,2533,0,0,2,0
463.345,246,2533,0,0,2,0
463.418,244,2534,0,0,2,0
463.491,272,2547,0,0,2,0
463.531,305,2564,0,0,2,0
463.603,305,2564,0,0,2,0
463.675,335,2575,0,0,2,0
463.715,365,2584,0,0,3,0
463.787,365,2584,0,0,3,0
463.860,400,2592,0,0,3,0
463.900,436,2600,0,0,3,0
463.972,436,2600,0,0,4,0
464.044,471,2607,0,0,4,0
464.083,505,2615,0,0,4,0
464.156,505,2615,0,0,4,0
464.228,534,2622,0,0,4,0
464.268,534,2622,0,0,4,0
464.341,545,2631,0,0,4,0
464.413,545,2631,0,0,4,0
464.457,531,2639,0,0,4,0
464.530,499,2645,8,0,4,0
464.602,499,2645,8,0,4,0
464.641,398,2660,8,0,4,0
464.714,280,2669,0,0,4,0
464.786,280,2669,0,0,4,0
464.826,141,2663,8,0,4,0
464.898,-124,2640,8,0,4,0
464.970,-124,2640,8,0,4,0
465.009,-361,2615,8,0,4,0
465.082,-567,2589,8,0,4,0
465.155,-567,2589,8,0,4,0
465.194,-729,2543,39,0,4,0
465.268,-864,2495,39,0,4,0
465.340,-864,2495,39,0,4,0
465.380,-973,2471,0,0,4,0
465.453,-1107,2444,0,0,4,0
465.526,-1231,2419,0,0,4,0
465.566,-1231,2419,0,0,4,0
465.640,-1328,2363,0,0,4,0
465.712,-1379,2308,0,0,4,0
465.752,-1379,2308,0,0,4,0
465.825,-1389,2269,0,0,4,0
465.897,-1381,2234,0,0,4,0
465.937,-1369,2214,8,0,4,0
466.009,-1369,2214,8,0,4,0
466.081,-1360,2207,8,0,4,0
466.121,-1367,2248,-8,0,4,0
466.193,-1367,2248,-8,0,4,0
466.266,-1376,2276,-16,0,4,0
466.305,-1389,2320,-16,0,4,0
466.378,-1436,2454,-16,0,4,0
466.451,-1436,2454,-16,0,4,0
466.495,-1478,2575,-16,0,4,0
466.569,-1516,2684,-16,0,4,0
466.641,-1516,2684,-16,0,4,0
466.681,-1543,2771,0,0,4,0
466.754,-1550,2798,-39,0,4,0
466.825,-1550,2798,-39,0,4,0
466.865,-1555,2821,-39,0,4,0
466.937,-1560,2844,-39,0,4,0
467.009,-1560,2844,-39,0,4,0
467.048,-1565,2866,-39,0,4,0
467.122,-1570,2888,-39,0,4,0
467.193,-1570,2888,-39,0,4,0
467.233,-1575,2908,-39,0,4,0
467.305,-1580,2928,-39,0,4,0
467.377,-1580,2928,-39,0,4,0
467.417,-1581,2944,0,0,4,0
467.489,-1582,2959,0,0,4,0
467.562,-1582,2959,0,0,4,0
467.602,-1582,2972,0,0,4,0
467.675,-1583,2986,0,0,4,0
467.748,-1584,2999,0,0,3,0
467.788,-1584,2999,0,0,3,0
467.861,-1584,3011,0,0,3,0
467.934,-1585,3023,0,0,3,0
467.974,-1585,3023,0,0,3,0
468.052,-1585,3035,0,0,2,0
468.120,-1586,3046,0,0,2,0
468.160,-1586,3057,0,0,2,0
468.232,-1586,3057,0,0,2,0
468.304,-1586,3067,0,0,2,0
468.344,-1587,3077,0,0,3,0
468.416,-1587,3077,0,0,2,0
468.489,-1587,3087,0,0,2,0
468.532,-1588,3096,0,0,2,0
468.609,-1588,3105,0,0,2,0
468.678,-1588,3105,0,0,2,0
468.717,-1588,3114,0,0,2,0
468.794,-1588,3114,0,0,2,0
468.862,-1588,3114,0,0,2,0
468.902,-1588,3114,0,0,2,0
468.975,-1588,3114,0,0,2,0
469.047,-1588,3114,0,0,2,0
469.088,-1588,3114,0,0,2,0
469.161,-1594,3102,0,0,2,0
469.236,-1594,3102,0,0,2,0
469.271,-1601,3086,0,0,2,0
469.344,-1608,3071,0,0,2,0
469.416,-1608,3071,0,0,2,0
469.456,-1614,3056,0,0,2,0
469.529,-1621,3042,0,0,2,0
469.600,-1621,3042,0,0,2,0
469.640,-1627,3029,0,0,2,0
469.712,-1640,3009,-8,0,2,0
469.784,-1640,3009,-8,0,2,0
469.824,-1656,2989,-8,0,2,0
469.896,-1669,2962,-8,0,2,0
469.969,-1678,2921,0,0,2,0
470.010,-1678,2921,0,0,2,0
470.082,-1696,2789,0,0,2,0
470.156,-1715,2536,0,0,2,0
470.195,-1715,2536,0,0,2,0
470.269,-1747,2291,0,0,2,0
470.341,-1775,2065,0,0,2,0
470.381,-1800,1861,0,0,2,0
470.453,-1800,1861,0,0,2,0
470.525,-1821,1682,0,0,2,0
470.570,-1852,1589,0,0,2,0
470.642,-1852,1589,0,0,2,0
470.714,-1882,1525,0,0,2,0
470.754,-1942,1479,-8,0,2,0
470.826,-1976,1463,-8,0,2,0
470.898,-1976,1463,-8,0,2,0
470.938,-2007,1449,-8,0,2,0
471.011,-2034,1436,-8,0,2,0
471.083,-2034,1436,-8,0,2,0
471.122,-2059,1424,-8,0,2,0
471.194,-2081,1413,-8,0,2,0
471.267,-2081,1413,-8,0,2,0
471.306,-2092,1408,-8,0,2,0
471.379,-2094,1408,-8,0,2,0
471.452,-2094,1408,-8,0,2,0
471.492,-2089,1417,-8,0,2,0
471.565,-2083,1430,-8,0,2,0
471.636,-2083,1430,-8,0,2,0
471.676,-2077,1437,-39,0,2,0
471.749,-2071,1442,-39,0,2,0
471.821,-2071,1442,-39,0,2,0
471.860,-2063,1452,0,0,3,0
471.932,-2056,1462,0,0,3,0
472.011,-2056,1462,0,0,3,0
472.047,-2052,1484,-8,0,3,0
472.116,-2048,1509,-8,0,3,0
472.188,-2048,1509,-8,0,3,0
472.228,-2055,1548,0,0,3,0
472.300,-2059,1591,0,0,3,0
472.374,-2074,1720,0,0,3,0
472.413,-2074,1720,0,0,3,0
472.487,-2087,1837,0,0,3,0
472.559,-2076,1928,0,0,3,0
472.604,-2076,1928,0,0,3,0
472.677,-2069,1956,0,0,3,0
472.750,-2055,1985,0,0,3,0
472.790,-2039,2014,0,0,3,0
472.862,-2039,2014,0,0,3,0
472.936,-2024,2042,0,0,3,0
472.974,-2009,2069,0,0,3,0
473.046,-2009,2069,0,0,3,0
473.118,-1982,2096,0,0,3,0
473.158,-1951,2122,0,0,3,0
473.231,-1922,2148,0,0,3,0
473.302,-1922,2148,0,0,3,0
473.342,-1893,2172,0,0,4,0
473.414,-1865,2196,0,0,4,0
473.486,-1865,2196,0,0,4,0
473.526,-1838,2219,0,0,5,0
473.598,-1811,2241,0,0,5,0
473.670,-1811,2241,0,0,5,0
473.709,-1785,2263,0,0,5,0
473.783,-1760,2284,0,0,5,0
473.856,-1760,2284,0,17,6,0
473.895,-1736,2304,0,17,6,1
473.969,-1713,2323,0,16,6,1
474.041,-1713,2323,0,16,6,1
474.080,-1690,2342,0,0,6,1
474.153,-1668,2360,0,0,7,0
474.225,-1668,2360,0,0,7,0
474.264,-1647,2378,0,0,7,0
474.337,-1627,2394,0,0,8,0
474.409,-1627,2394,0,0,8,0
474.448,-1608,2411,0,0,9,0
474.521,-1589,2426,0,0,9,0
474.593,-1589,2426,0,0,9,0
474.637,-1571,2442,0,0,9,0
474.710,-1550,2460,0,0,9,0
474.784,-1529,2480,0,0,10,0
474.824,-1529,2480,0,0,10,0
474.896,-1510,2499,0,0,10,0
474.970,-1490,2517,0,0,10,0
475.010,-1472,2535,0,0,10,0
475.083,-1472,2535,0,0,10,0
475.156,-1454,2552,0,0,11,3
475.196,-1436,2569,0,0,11,4
475.269,-1436,2569,0,0,11,4
475.341,-1420,2584,0,0,11,4
475.381,-1404,2600,0,0,12,4
475.453,-1388,2615,0,0,13,4
475.526,-1388,2615,0,0,13,4
475.565,-1373,2629,0,0,14,4
475.638,-1360,2648,-16,0,15,4
475.710,-1360,2648,-16,0,15,4
475.749,-1347,2668,-16,0,16,4
475.822,-1335,2687,-16,0,17,4
475.895,-1335,2687,-16,0,17,4
475.934,-1323,2706,-16,0,18,4
476.007,-1311,2724,-16,0,18,4
476.079,-1311,2724,-16,0,18,4
476.119,-1300,2742,-16,0,19,4
476.191,-1290,2759,-16,0,19,4
476.264,-1290,2759,-16,0,20,4
476.303,-1279,2775,-16,0,20,4
476.377,-1269,2791,-16,0,20,4
476.449,-1269,2791,-16,0,22,4
476.489,-1260,2806,-16,0,22,4
476.562,-1251,2820,-16,0,22,4
476.634,-1251,2820,-16,0,22,4
476.679,-1242,2835,-16,0,23,4
476.753,-1233,2848,-16,0,24,4
476.826,-1225,2861,-16,0,24,4
476.865,-1225,2861,-16,0,25,4
476.939,-1217,2874,-16,0,26,4
477.012,-1209,2886,-16,0,26,4
477.051,-1209,2886,-16,0,27,4
477.125,462,710,0,0,27,4
477.197,466,682,0,0,27,1
477.237,431,702,0,0,27,1
477.308,431,702,0,0,27,1
477.381,420,710,0,0,28,1
477.421,399,715,0,0,30,1
477.492,399,715,0,0,30,1
477.565,311,713,0,0,31,1
477.605,133,702,0,0,31,1
477.676,133,702,0,0,31,1
477.749,-30,688,0,0,31,1
477.789,-178,673,0,0,31,1
477.862,-259,669,0,0,31,1
477.934,-259,669,0,0,31,1
477.973,-285,664,0,0,32,1
478.046,-283,663,0,0,32,1
478.118,-283,663,0,0,32,1
478.157,-283,660,0,0,32,1
478.231,-285,659,0,0,31,1
478.302,-285,659,0,0,31,4
478.342,-291,659,0,0,31,4
478.414,-297,659,0,0,34,4
478.486,-297,659,0,0,34,4
478.526,-291,669,0,0,34,4
478.598,-278,680,0,0,34,4
478.670,-278,680,0,0,34,4
478.715,-255,689,0,0,31,4
478.787,-195,712,0,0,31,4
478.859,-195,712,0,0,33,4
478.899,-172,717,0,0,33,4
478.972,-165,717,0,0,34,4
479.044,-165,717,0,0,36,4
479.084,-164,716,0,0,36,4
479.158,-162,716,0,0,37,4
479.230,-163,716,0,0,37,4
479.270,-163,716,0,0,38,4
479.344,-161,713,0,0,39,4
479.416,-158,709,0,0,39,3
479.456,-158,709,0,0,39,3
479.530,-157,709,0,0,39,3
479.602,-155,710,0,0,39,3
479.642,-151,711,0,0,38,3
479.714,-151,711,0,0,37,3
479.786,-147,709,0,0,37,3
479.826,-145,708,0,0,37,3
479.898,-145,708,0,0,37,3
479.970,-144,704,0,0,36,3
480.010,-143,702,0,0,36,3
480.082,-139,702,0,0,35,3
480.154,-139,702,0,0,35,3
480.195,-139,703,0,0,35,3
480.268,-137,703,0,0,34,3
480.340,-137,703,0,0,34,3
480.379,-130,702,0,0,34,3
480.452,-124,701,0,0,33,3
480.524,-124,701,0,0,33,3
480.563,-127,695,0,0,32,3
480.636,-129,691,0,0,31,3
480.708,-129,691,0,0,31,3
480.752,-125,694,0,0,31,3
480.825,-122,694,0,0,37,3
480.897,-122,694,0,0,37,3
480.936,-117,695,0,0,36,3
481.009,-110,697,0,0,36,3
481.081,-110,697,0,0,35,3
481.121,-104,698,0,0,34,3
481.193,-95,701,0,0,34,3
481.265,-95,701,0,0,33,3
481.304,-88,703,0,0,33,3
481.377,-85,704,0,0,31,3
481.450,-84,703,0,0,30,3
481.489,-84,703,0,0,30,4
481.563,-83,702,0,0,30,4
481.635,-83,700,0,0,30,4
481.675,-83,700,0,0,30,4
481.749,-84,693,0,0,31,4
481.821,-83,689,0,0,31,4
481.862,-85,687,0,0,31,4
481.934,-85,687,0,0,32,4
482.006,-85,686,0,0,32,4
482.046,-81,690,0,0,32,4
482.118,-81,690,0,0,33,4
482.190,-78,692,0,0,33,4
482.230,-79,691,0,0,33,4
482.301,-79,691,0,0,33,4
482.374,-81,691,0,0,34,4
482.414,-80,694,0,0,34,4
482.486,-82,694,0,0,34,1
482.558,-82,694,0,0,34,1
482.598,-84,694,0,0,34,1
482.671,-84,696,0,0,34,1
482.743,-84,696,0,0,34,1
482.787,-80,698,0,0,34,1
482.860,-80,700,0,0,34,1
482.932,-80,700,0,0,34,1
482.971,-80,701,0,0,34,1
483.044,-82,703,0,0,34,1
483.116,-82,703,0,0,34,1
483.155,-86,703,0,0,34,1
483.228,-90,701,0,0,34,1
483.300,-90,701,0,0,34,1
483.339,-93,699,0,0,35,1
483.412,-100,696,0,0,36,1
483.484,-100,696,0,0,36,1
