t_global,x,y,v,em,es,action
3.190,49,538,8,0,62,still_30s
3.190,51,544,8,0,62,still_30s
3.190,55,547,8,0,62,still_30s
3.190,55,547,8,0,62,still_30s
3.190,59,553,8,0,62,still_30s
3.190,64,556,39,0,61,still_30s
3.190,64,556,39,0,61,still_30s
3.190,70,551,24,0,61,still_30s
3.190,75,546,8,0,61,still_30s
3.190,73,548,0,0,61,still_30s
3.190,73,548,0,0,60,still_30s
3.190,71,548,16,0,60,still_30s
3.190,73,547,0,0,59,still_30s
3.190,73,547,0,0,59,still_30s
3.190,76,548,-8,0,59,still_30s
3.190,80,549,-8,0,58,still_30s
3.190,80,549,-8,0,58,still_30s
3.190,85,552,0,0,57,still_30s
3.190,87,554,-8,0,56,still_30s
3.190,87,554,-8,0,56,still_30s
3.190,92,560,-8,0,56,still_30s
3.190,96,567,-8,0,56,still_30s
3.190,96,567,-8,0,56,still_30s
3.190,101,573,-8,0,56,still_30s
3.190,111,577,-8,0,56,still_30s
3.190,111,577,-8,0,54,still_30s
3.190,118,581,0,0,56,still_30s
3.190,121,585,0,0,56,still_30s
3.190,121,585,0,0,59,still_30s
3.190,125,588,0,0,59,still_30s
3.190,124,591,0,0,62,still_30s
3.190,123,594,0,0,65,still_30s
3.190,123,594,0,0,65,still_30s
3.190,118,596,0,0,69,still_30s
3.190,105,598,0,0,69,still_30s
3.190,105,598,0,0,70,still_30s
3.190,85,599,0,0,72,still_30s
3.190,31,600,0,0,72,still_30s
3.190,4,602,0,0,73,still_30s
3.190,4,602,0,0,75,still_30s
3.190,5,609,0,0,75,still_30s
3.190,6,612,0,0,75,still_30s
3.190,6,612,0,0,77,still_30s
3.190,3,614,0,0,77,still_30s
3.190,3,616,0,0,74,still_30s
3.190,6,618,0,0,74,still_30s
3.190,6,618,0,0,73,still_30s
3.190,6,619,0,0,73,still_30s
3.190,0,619,0,0,73,still_30s
3.190,0,619,0,0,71,still_30s
3.190,-8,618,0,0,71,still_30s
3.190,-16,620,0,0,69,still_30s
3.190,-16,620,0,0,69,still_30s
3.190,-16,623,0,0,69,still_30s
3.190,-8,623,0,0,68,still_30s
3.190,-8,623,0,0,68,still_30s
3.190,0,624,0,0,67,still_30s
3.190,20,628,0,0,66,still_30s
3.190,20,628,0,0,66,still_30s
3.190,15,629,0,0,66,still_30s
3.190,7,628,0,0,66,still_30s
3.190,7,628,0,0,66,still_30s
3.190,-1,627,0,0,64,still_30s
3.190,-1,628,0,0,63,still_30s
3.190,-1,628,0,0,63,still_30s
3.190,-5,628,0,0,63,still_30s
3.190,-14,627,0,0,63,still_30s
3.190,-27,623,0,0,61,still_30s
3.206,-27,623,0,0,59,still_30s
3.401,-41,616,0,0,59,still_30s
3.401,-54,609,0,0,59,still_30s
3.401,-54,609,0,0,59,still_30s
3.472,-52,607,0,0,58,still_30s
3.543,-42,610,0,0,59,still_30s
3.576,-30,610,0,0,59,still_30s
3.650,-30,610,0,0,60,still_30s
3.725,-19,609,0,0,60,still_30s
3.762,-9,609,0,0,61,still_30s
3.835,-9,609,0,0,62,still_30s
3.910,-15,607,0,0,62,still_30s
3.955,-26,602,0,0,63,still_30s
4.023,-38,598,0,0,64,still_30s
4.098,-38,598,0,0,64,still_30s
4.134,-50,594,0,0,65,still_30s
4.210,-61,593,0,0,64,still_30s
4.285,-61,593,0,0,64,still_30s
4.327,-71,597,0,0,63,still_30s
4.408,-75,601,0,0,63,still_30s
4.480,-75,601,0,0,62,still_30s
4.519,-76,607,0,0,61,still_30s
4.588,-78,611,0,0,61,still_30s
4.658,-78,611,0,0,58,still_30s
4.700,-83,610,0,0,58,still_30s
4.778,-90,607,0,0,54,still_30s
4.846,-90,607,0,0,52,still_30s
4.892,-97,606,0,0,52,still_30s
4.958,-104,604,0,0,49,still_30s
5.035,-110,603,0,0,49,still_30s
5.070,-110,603,0,0,46,still_30s
5.148,-110,605,0,0,44,still_30s
5.225,-103,606,0,0,44,still_30s
5.264,-103,606,0,0,42,still_30s
5.331,-96,609,0,0,41,still_30s
5.413,-87,614,0,0,41,still_30s
5.447,-81,618,0,0,34,still_30s
5.522,-81,618,0,0,33,still_30s
5.588,-76,622,0,0,33,still_30s
5.633,-73,624,0,0,31,still_30s
5.702,-73,624,0,0,31,still_30s
5.780,-70,626,0,0,37,still_30s
5.814,-63,625,0,0,38,still_30s
5.891,-53,627,8,0,38,still_30s
5.966,-53,627,8,0,38,still_30s
5.999,-43,628,0,0,38,still_30s
6.101,-51,620,0,0,39,still_30s
6.156,-51,620,0,0,40,still_30s
6.200,-64,610,0,0,40,still_30s
6.260,-73,599,-8,0,31,still_30s
6.338,-73,599,-8,0,31,still_30s
6.375,-69,594,0,0,41,still_30s
6.533,-67,593,0,0,41,still_30s
6.533,-67,593,0,0,41,still_30s
6.582,-38,595,0,0,42,still_30s
6.638,58,628,0,0,43,still_30s
6.703,58,628,0,0,43,still_30s
6.752,142,665,0,0,43,still_30s
6.828,164,666,0,0,44,still_30s
6.891,164,666,0,0,44,still_30s
6.925,176,677,0,0,45,still_30s
7.005,152,693,0,0,45,still_30s
7.073,152,693,0,0,45,still_30s
7.119,117,711,0,0,45,still_30s
7.363,105,708,0,0,45,still_30s
7.363,100,700,0,0,45,still_30s
7.363,100,700,0,0,45,still_30s
7.383,89,681,0,0,45,still_30s
7.496,86,674,0,0,45,still_30s
7.496,86,674,0,0,45,still_30s
7.601,83,666,0,0,45,still_30s
7.698,78,661,0,0,45,still_30s
7.698,67,658,0,0,44,still_30s
9.312,67,658,0,0,43,still_30s
9.312,32,640,0,0,43,still_30s
9.312,-2,623,0,0,42,still_30s
9.312,-2,623,0,0,40,still_30s
9.312,-35,607,0,0,40,still_30s
9.312,-46,589,0,0,39,still_30s
9.312,-46,589,0,0,38,still_30s
9.312,-38,580,0,0,38,still_30s
9.312,-31,581,-8,0,38,still_30s
9.312,-15,587,0,0,38,still_30s
9.312,-15,587,0,0,38,still_30s
9.312,-1,592,0,0,38,still_30s
9.312,0,594,0,0,37,still_30s
9.312,0,594,0,0,38,still_30s
9.312,-4,592,0,0,38,still_30s
9.312,-6,588,0,0,39,still_30s
9.312,-6,588,0,0,32,still_30s
9.312,-7,585,0,0,32,still_30s
9.312,0,590,0,0,33,still_30s
9.312,0,590,0,0,33,still_30s
9.312,3,595,0,0,34,still_30s
9.312,2,597,0,0,35,still_30s
9.312,2,597,0,0,35,still_30s
9.312,2,599,0,0,35,still_30s
9.312,7,600,0,0,35,still_30s
9.312,7,600,0,0,35,still_30s
9.333,17,601,0,0,34,still_30s
9.425,24,601,0,0,34,still_30s
9.501,24,601,0,0,34,still_30s
9.515,28,600,0,0,34,still_30s
9.586,36,600,0,0,34,still_30s
9.656,40,600,0,0,34,still_30s
9.712,40,600,0,0,34,still_30s
9.769,49,600,0,0,34,still_30s
9.846,64,600,0,0,34,still_30s
9.890,64,600,0,0,34,still_30s
9.963,103,601,0,0,34,still_30s
10.027,154,588,0,0,34,still_30s
10.074,200,579,0,0,34,still_30s
10.145,200,579,0,0,35,still_30s
10.219,247,569,0,0,35,still_30s
10.261,289,560,0,0,36,still_30s
10.358,289,560,0,0,38,still_30s
10.400,314,550,0,0,38,still_30s
10.438,333,540,0,0,40,still_30s
10.508,333,540,0,0,42,still_30s
10.788,336,534,0,0,42,still_30s
10.788,338,536,0,0,45,still_30s
10.788,334,539,0,0,45,still_30s
10.788,334,539,0,0,48,still_30s
10.818,322,542,0,0,52,still_30s
10.881,306,545,0,0,52,still_30s
10.971,306,545,0,0,55,still_30s
10.994,285,547,0,0,55,still_30s
11.078,227,552,0,0,57,still_30s
11.138,227,552,0,0,60,still_30s
11.181,189,561,0,0,60,still_30s
11.259,161,575,0,0,62,still_30s
11.325,161,575,0,0,62,still_30s
11.369,145,591,0,0,64,still_30s
11.449,142,597,0,0,65,still_30s
11.517,142,597,0,0,65,still_30s
11.551,136,601,0,0,67,still_30s
11.631,131,605,0,0,68,still_30s
11.697,131,605,0,0,68,still_30s
11.742,132,608,0,0,69,still_30s
11.809,139,612,0,0,70,still_30s
11.885,139,612,0,0,70,still_30s
11.921,147,615,0,0,72,still_30s
11.996,157,614,0,0,72,still_30s
12.074,166,613,0,0,73,still_30s
12.110,166,613,0,0,76,still_30s
12.203,158,612,0,0,76,still_30s
12.257,147,613,0,0,78,still_30s
12.298,147,613,0,0,78,still_30s
12.367,138,614,0,0,82,still_30s
12.447,145,615,0,0,84,still_30s
12.486,154,618,0,0,84,still_30s
12.555,154,618,0,0,86,still_30s
12.621,164,620,0,0,86,still_30s
12.664,173,621,0,0,87,still_30s
12.736,182,621,0,0,87,still_30s
12.813,182,621,0,0,87,still_30s
12.916,188,618,0,0,87,still_30s
12.967,197,617,0,0,87,still_30s
13.000,197,617,0,0,87,still_30s
13.043,204,617,0,0,87,still_30s
13.122,210,620,0,0,89,still_30s
13.182,210,620,0,0,89,still_30s
13.227,215,622,0,0,91,still_30s
13.306,219,622,0,0,91,still_30s
13.366,219,622,0,0,93,still_30s
13.408,220,623,0,0,95,still_30s
13.485,220,625,0,0,95,still_30s
13.564,220,625,0,0,96,still_30s
13.587,224,627,0,0,96,still_30s
13.666,231,625,0,0,98,still_30s
13.735,231,625,0,0,98,still_30s
13.775,235,622,0,0,100,still_30s
13.844,244,620,0,0,100,still_30s
13.955,244,620,0,0,100,still_30s
13.955,252,619,0,0,100,still_30s
14.035,262,618,0,0,100,still_30s
14.102,262,618,0,0,100,still_30s
14.148,271,617,0,0,99,still_30s
14.214,272,616,0,0,98,still_30s
14.295,266,611,0,0,98,still_30s
14.342,266,611,0,0,97,still_30s
14.412,259,604,0,0,97,still_30s
14.488,257,600,0,0,95,still_30s
14.522,257,600,0,0,93,still_30s
14.598,255,589,0,0,93,still_30s
14.667,252,582,0,0,91,still_30s
14.717,249,580,0,0,88,still_30s
14.784,249,580,0,0,88,still_30s
14.863,241,582,0,0,85,still_30s
14.897,231,585,0,0,85,still_30s
14.965,231,585,0,0,83,still_30s
15.033,222,588,0,0,83,still_30s
15.078,193,592,0,0,82,still_30s
15.144,177,596,0,0,81,still_30s
15.221,177,596,0,0,81,still_30s
15.269,181,594,0,0,81,still_30s
15.334,186,592,0,0,81,still_30s
15.401,186,592,0,0,81,still_30s
15.458,188,589,0,0,80,still_30s
15.516,187,587,0,0,80,still_30s
15.593,187,587,0,0,80,still_30s
15.626,191,586,0,0,81,still_30s
15.706,195,586,0,0,81,still_30s
15.775,195,586,0,0,82,still_30s
15.814,195,588,0,0,83,still_30s
15.881,192,590,0,0,83,still_30s
15.965,192,590,0,0,84,still_30s
16.000,191,594,0,0,84,still_30s
16.066,195,597,0,0,84,still_30s
16.146,195,597,0,0,84,still_30s
16.180,199,600,0,0,84,still_30s
16.257,204,604,0,0,83,still_30s
16.335,204,604,0,0,83,still_30s
16.373,209,605,0,0,83,still_30s
16.435,213,605,0,0,82,still_30s
16.514,221,605,0,0,82,still_30s
16.559,221,605,0,0,81,still_30s
16.628,226,607,0,0,79,still_30s
16.705,230,610,0,0,79,still_30s
16.739,230,610,0,0,79,still_30s
16.830,234,612,0,0,79,still_30s
16.886,238,614,0,0,79,still_30s
16.933,244,616,0,0,80,still_30s
17.000,244,616,0,0,80,still_30s
17.071,251,618,0,0,80,still_30s
17.112,257,620,0,0,80,still_30s
17.190,257,620,0,0,80,still_30s
17.258,248,617,0,0,79,still_30s
17.303,237,613,0,0,79,still_30s
17.371,234,616,0,0,78,still_30s
17.439,234,616,0,0,78,still_30s
17.484,240,626,0,0,78,still_30s
17.552,247,635,0,0,76,still_30s
17.627,247,635,0,0,76,still_30s
17.664,254,637,0,0,75,still_30s
17.738,261,639,0,0,74,still_30s
17.817,261,639,0,0,74,still_30s
17.850,263,650,0,0,73,still_30s
17.939,262,658,0,0,72,still_30s
17.998,262,658,0,0,72,still_30s
18.040,259,662,0,0,72,still_30s
18.115,258,662,0,0,72,still_30s
18.187,258,662,0,0,72,still_30s
18.220,255,661,0,0,72,still_30s
18.299,251,660,0,0,72,still_30s
18.363,251,660,0,0,72,still_30s
18.410,248,659,0,0,71,still_30s
18.476,245,659,0,0,71,still_30s
18.553,245,659,0,0,71,still_30s
18.597,241,659,0,0,71,still_30s
18.666,235,657,0,0,71,still_30s
18.744,231,653,0,0,71,still_30s
18.785,231,653,0,0,72,still_30s
18.851,232,651,0,0,73,still_30s
18.943,230,653,0,0,73,still_30s
18.965,230,653,0,0,75,still_30s
19.044,226,655,0,0,76,still_30s
19.109,224,656,0,0,76,still_30s
19.152,226,657,0,0,77,still_30s
19.226,226,657,0,0,79,still_30s
19.304,230,659,0,0,79,still_30s
19.340,233,661,0,0,81,still_30s
19.406,233,661,0,0,83,still_30s
19.484,236,665,0,0,83,still_30s
19.530,234,668,0,0,85,still_30s
19.602,234,668,0,0,85,still_30s
19.665,230,672,0,0,86,still_30s
19.710,228,677,0,0,86,still_30s
19.787,229,679,0,0,87,still_30s
19.843,229,679,0,0,86,still_30s
19.887,233,680,0,0,86,still_30s
19.960,237,681,0,0,85,still_30s
20.039,237,681,0,0,85,still_30s
20.073,242,679,0,0,83,still_30s
20.141,244,678,0,0,82,still_30s
20.213,244,678,0,0,82,still_30s
20.258,240,677,0,0,80,still_30s
20.327,230,674,0,0,79,still_30s
20.407,230,674,0,0,79,still_30s
20.442,219,670,0,0,79,still_30s
20.509,223,665,0,0,79,still_30s
20.589,223,665,0,0,79,still_30s
20.626,234,657,0,0,80,still_30s
20.701,250,647,0,0,80,still_30s
20.769,250,647,0,0,81,still_30s
20.827,262,638,0,0,80,still_30s
20.884,268,636,0,0,80,still_30s
20.958,268,636,0,0,78,still_30s
21.002,268,631,0,0,78,still_30s
21.081,265,629,0,0,77,still_30s
21.158,260,630,0,0,75,still_30s
21.181,260,630,0,0,75,still_30s
21.258,234,627,0,0,73,still_30s
21.325,212,627,0,0,73,still_30s
21.370,212,627,0,0,73,still_30s
21.450,207,632,0,0,73,still_30s
21.517,207,639,0,0,73,still_30s
21.565,203,647,0,0,73,still_30s
21.626,203,647,0,0,74,still_30s
21.705,199,664,0,0,74,still_30s
21.752,188,679,0,0,74,still_30s
21.808,188,679,0,0,75,still_30s
21.887,168,667,0,0,75,still_30s
21.929,154,654,0,0,75,still_30s
21.999,145,647,0,0,75,still_30s
22.064,145,647,0,0,75,still_30s
22.108,138,640,0,0,75,still_30s
22.185,130,629,0,0,75,still_30s
22.264,130,629,0,0,75,still_30s
22.300,132,624,0,0,75,still_30s
22.369,135,624,0,0,75,still_30s
22.437,135,624,0,0,75,still_30s
22.482,138,625,0,0,75,still_30s
22.545,146,625,0,0,74,still_30s
22.622,146,625,0,0,74,still_30s
22.667,161,623,0,0,73,still_30s
22.734,174,623,0,0,72,still_30s
22.801,174,623,0,0,72,still_30s
22.849,183,621,-8,0,71,still_30s
22.926,184,620,0,0,70,still_30s
23.001,184,620,0,0,70,still_30s
23.034,182,623,0,0,70,still_30s
23.105,183,625,0,0,69,still_30s
23.180,183,625,0,0,69,still_30s
23.221,186,627,0,0,69,still_30s
23.286,190,628,0,0,69,still_30s
23.377,196,627,0,0,68,still_30s
23.399,196,627,0,0,68,still_30s
23.477,198,626,0,0,67,still_30s
23.554,199,626,0,0,65,still_30s
23.587,199,626,0,0,65,still_30s
23.662,203,626,0,0,62,still_30s
23.730,211,623,0,0,62,still_30s
23.774,223,617,0,0,59,still_30s
23.853,223,617,0,0,58,still_30s
23.921,238,611,0,0,58,still_30s
23.975,251,603,0,0,57,still_30s
24.033,251,603,0,0,57,still_30s
24.107,261,600,0,0,57,still_30s
24.140,267,597,0,0,57,still_30s
24.219,267,597,0,0,56,still_30s
24.290,265,592,0,0,56,still_30s
24.331,259,590,0,0,55,still_30s
24.399,254,590,0,0,55,still_30s
24.477,254,590,0,0,54,still_30s
24.510,254,592,0,0,53,still_30s
24.588,260,591,0,0,53,still_30s
24.655,260,591,0,0,52,still_30s
24.700,267,591,0,0,52,still_30s
24.768,270,590,0,0,52,still_30s
24.836,270,590,0,0,52,still_30s
24.885,263,591,0,0,52,still_30s
24.960,251,591,0,0,53,still_30s
25.036,251,591,0,0,53,still_30s
25.066,239,592,0,0,53,still_30s
25.150,226,591,0,0,53,still_30s
25.224,226,591,0,0,53,still_30s
25.258,218,592,0,0,53,still_30s
25.325,211,593,0,0,53,still_30s
25.405,211,593,0,0,53,still_30s
25.439,206,596,0,0,53,still_30s
25.516,198,599,0,0,52,still_30s
25.583,198,599,0,0,52,still_30s
25.626,192,602,0,0,51,still_30s
25.694,186,605,0,0,51,still_30s
25.774,180,606,0,0,51,still_30s
25.808,180,606,0,0,51,still_30s
25.885,168,605,0,0,51,still_30s
25.952,150,601,0,0,52,still_30s
26.007,150,601,0,0,52,still_30s
26.077,102,587,0,0,53,still_30s
26.141,73,576,0,0,54,still_30s
26.185,80,581,0,0,54,still_30s
26.264,80,581,0,0,56,still_30s
26.335,88,583,0,0,56,still_30s
26.367,96,586,0,0,56,still_30s
26.433,96,586,0,0,57,still_30s
26.505,106,589,0,0,57,still_30s
26.546,118,591,0,0,57,still_30s
26.626,118,591,0,0,56,still_30s
26.692,132,593,0,0,56,still_30s
26.737,145,592,0,0,55,still_30s
26.804,163,590,0,0,54,still_30s
26.882,163,590,0,0,54,still_30s
26.927,214,582,0,0,53,still_30s
26.991,226,580,0,0,53,still_30s
27.072,226,580,0,0,52,still_30s
27.109,220,580,0,0,49,still_30s
27.174,205,579,0,0,49,still_30s
27.251,205,579,0,0,46,still_30s
27.307,188,581,0,0,46,still_30s
27.366,171,585,0,0,42,still_30s
27.439,171,585,0,0,42,still_30s
27.480,133,590,0,0,39,still_30s
27.547,103,593,0,0,38,still_30s
27.618,103,593,0,0,38,still_30s
27.659,98,591,0,0,38,still_30s
27.735,93,587,0,0,38,still_30s
27.811,93,587,0,0,38,still_30s
27.844,92,582,0,0,39,still_30s
27.919,94,575,0,0,38,still_30s
27.986,94,575,0,0,38,still_30s
28.031,97,572,0,0,38,still_30s
28.110,104,574,0,0,38,still_30s
28.177,109,577,0,0,38,still_30s
28.213,109,577,0,0,38,still_30s
28.290,110,581,0,0,38,still_30s
28.367,108,585,0,0,38,still_30s
28.400,108,585,0,0,38,still_30s
28.489,103,586,0,0,38,still_30s
28.546,94,587,0,0,37,still_30s
28.584,92,588,0,0,37,still_30s
28.657,92,588,0,0,36,still_30s
28.730,91,590,0,0,36,still_30s
28.774,95,590,0,0,35,still_30s
28.838,95,590,0,0,34,still_30s
28.911,100,590,0,0,34,still_30s
28.966,100,591,0,0,33,still_30s
29.036,91,595,0,0,33,still_30s
29.110,91,595,0,0,33,still_30s
29.139,80,595,0,0,32,still_30s
29.217,67,596,0,0,32,still_30s
29.288,67,596,0,0,32,still_30s
29.325,60,597,0,0,32,still_30s
29.401,57,598,0,0,32,still_30s
29.475,57,598,0,0,32,still_30s
29.508,51,598,0,0,32,still_30s
29.583,50,598,0,0,32,still_30s
29.659,50,598,0,0,31,still_30s
29.694,48,600,0,0,31,still_30s
29.769,50,603,0,0,31,still_30s
29.840,50,603,0,0,33,still_30s
29.880,51,605,0,0,33,still_30s
29.959,52,606,0,0,32,still_30s
30.035,52,606,0,0,32,still_30s
30.068,55,606,0,0,30,still_30s
30.143,57,607,0,0,29,still_30s
30.216,57,607,0,0,29,still_30s
30.249,61,609,0,0,28,still_30s
30.329,62,611,0,0,28,still_30s
30.393,66,612,0,0,28,still_30s
30.441,66,612,0,0,28,still_30s
30.513,70,612,0,0,27,still_30s
30.582,72,612,0,0,27,still_30s
30.624,72,612,0,0,28,still_30s
30.694,65,619,0,0,28,still_30s
30.774,55,622,0,0,29,still_30s
30.804,50,624,0,0,31,still_30s
30.883,50,624,0,0,31,still_30s
30.963,51,625,0,0,33,still_30s
30.996,56,626,0,0,33,still_30s
31.073,56,626,0,0,36,still_30s
31.139,67,624,0,0,38,still_30s
31.183,77,622,0,0,38,still_30s
31.250,84,622,0,0,41,still_30s
31.330,84,622,0,0,41,still_30s
31.367,89,624,0,0,42,still_30s
31.438,89,625,0,0,43,still_30s
31.517,89,625,0,0,43,still_30s
31.557,83,620,0,0,43,still_30s
31.629,78,616,0,0,44,still_30s
31.694,78,616,0,0,44,still_30s
31.735,83,615,0,0,44,still_30s
31.816,86,612,0,0,44,still_30s
31.893,86,612,0,0,44,still_30s
31.927,93,614,0,0,45,still_30s
31.995,101,616,0,0,45,still_30s
32.070,101,616,0,0,46,still_30s
32.104,111,616,0,0,46,still_30s
32.176,122,615,0,0,46,still_30s
32.255,122,615,0,0,47,still_30s
32.289,133,613,0,0,47,still_30s
32.366,146,607,0,0,49,still_30s
32.430,146,607,0,0,49,still_30s
32.485,157,602,0,0,51,still_30s
32.542,157,600,0,0,54,still_30s
32.617,156,602,0,0,54,still_30s
32.662,156,602,0,0,56,still_30s
32.740,160,603,0,0,58,still_30s
32.811,165,604,0,0,58,still_30s
32.841,165,604,0,0,61,still_30s
32.919,175,604,0,0,64,still_30s
32.997,187,605,0,0,64,still_30s
33.042,202,603,0,0,65,still_30s
33.110,202,603,0,0,66,still_30s
33.177,216,602,0,0,66,still_30s
38.410,231,601,0,0,66,slow_sweep
38.410,231,601,0,0,66,slow_sweep
38.410,234,608,0,0,66,slow_sweep
38.410,234,615,0,0,67,slow_sweep
38.410,234,622,0,0,67,slow_sweep
38.410,234,622,0,0,67,slow_sweep
38.410,233,628,0,0,67,slow_sweep
38.410,232,630,0,0,68,slow_sweep
38.410,232,630,0,0,70,slow_sweep
38.410,231,626,0,0,70,slow_sweep
38.410,231,624,0,0,71,slow_sweep
38.410,231,624,0,0,71,slow_sweep
38.410,230,625,0,0,72,slow_sweep
38.410,228,629,0,0,74,slow_sweep
38.410,228,629,0,0,74,slow_sweep
38.410,228,633,0,0,77,slow_sweep
38.410,227,636,0,0,79,slow_sweep
38.410,227,636,0,0,79,slow_sweep
38.410,223,640,0,0,80,slow_sweep
38.410,217,641,8,0,82,slow_sweep
38.410,217,641,8,0,82,slow_sweep
38.410,213,641,8,0,83,slow_sweep
38.410,204,640,8,0,83,slow_sweep
38.410,194,638,0,0,85,slow_sweep
38.410,194,638,0,0,84,slow_sweep
38.410,185,635,0,0,84,slow_sweep
38.410,181,636,0,0,82,slow_sweep
38.410,176,637,8,0,82,slow_sweep
38.410,175,639,8,0,82,slow_sweep
38.410,173,641,16,0,81,slow_sweep
38.410,173,641,16,0,79,slow_sweep
38.410,177,642,8,0,79,slow_sweep
38.410,184,642,0,0,77,slow_sweep
38.410,184,642,0,27,0,slow_sweep
38.410,191,641,8,27,0,slow_sweep
38.410,180,641,8,0,81,slow_sweep
38.410,164,642,8,25,0,slow_sweep
38.410,164,642,8,25,0,slow_sweep
38.410,147,643,0,25,0,slow_sweep
38.410,110,661,0,0,84,slow_sweep
38.410,110,661,0,0,84,slow_sweep
38.410,95,676,0,0,86,slow_sweep
38.410,74,685,0,0,86,slow_sweep
38.410,74,685,0,0,87,slow_sweep
38.410,62,685,-8,0,87,slow_sweep
38.410,52,684,0,0,87,slow_sweep
38.410,52,684,0,41,0,slow_sweep
38.410,53,684,-8,41,0,slow_sweep
38.410,55,683,-8,29,0,slow_sweep
38.410,55,683,-8,23,0,slow_sweep
38.410,60,683,-32,23,0,slow_sweep
38.410,62,685,-8,0,91,slow_sweep
38.410,62,685,-8,0,91,slow_sweep
38.410,66,683,-8,0,90,slow_sweep
38.410,69,682,-8,0,90,slow_sweep
38.410,72,677,8,0,90,slow_sweep
38.410,72,677,8,0,90,slow_sweep
38.410,75,675,-16,0,90,slow_sweep
38.410,74,676,0,0,90,slow_sweep
38.410,74,676,0,0,88,slow_sweep
38.410,73,676,8,0,87,slow_sweep
38.410,75,677,8,0,87,slow_sweep
38.410,76,679,8,0,88,slow_sweep
38.410,76,679,8,0,88,slow_sweep
38.410,77,681,8,0,88,slow_sweep
38.410,79,682,0,31,0,slow_sweep
38.410,78,682,0,31,0,slow_sweep
38.410,78,682,0,0,92,slow_sweep
38.410,71,681,8,0,92,slow_sweep
38.410,68,675,0,0,92,slow_sweep
38.410,68,675,0,0,94,slow_sweep
38.410,61,672,0,0,94,slow_sweep
38.410,50,664,0,0,96,slow_sweep
38.410,50,664,0,0,97,slow_sweep
38.410,36,659,0,0,97,slow_sweep
38.410,23,654,0,0,98,slow_sweep
38.410,23,654,0,0,98,slow_sweep
38.410,8,649,0,0,99,slow_sweep
38.410,-35,633,0,0,98,slow_sweep
38.410,-35,633,0,0,98,slow_sweep
38.410,-69,625,0,0,98,slow_sweep
38.410,-72,642,0,0,99,slow_sweep
38.410,-72,642,0,0,99,slow_sweep
38.434,-69,647,0,0,100,slow_sweep
38.511,-35,661,0,0,100,slow_sweep
38.589,-7,669,0,0,100,slow_sweep
38.632,-7,669,0,0,100,slow_sweep
38.692,22,665,0,0,100,slow_sweep
38.767,50,653,0,0,100,slow_sweep
38.813,50,653,0,0,100,slow_sweep
38.891,53,646,0,0,100,slow_sweep
38.969,47,651,0,0,100,slow_sweep
39.003,22,659,0,0,100,slow_sweep
39.071,22,659,0,0,100,slow_sweep
39.138,5,662,0,0,100,slow_sweep
39.194,-13,666,0,0,100,slow_sweep
39.258,-3,661,0,0,100,slow_sweep
39.334,-3,661,0,0,100,slow_sweep
39.372,7,655,0,0,99,slow_sweep
39.444,13,653,0,0,96,slow_sweep
39.522,13,653,0,0,96,slow_sweep
39.555,18,652,0,0,96,slow_sweep
39.644,23,649,0,0,93,slow_sweep
39.703,23,649,0,0,93,slow_sweep
39.745,29,648,0,0,91,slow_sweep
39.823,36,649,0,0,88,slow_sweep
39.890,36,649,0,0,88,slow_sweep
39.935,42,654,0,0,87,slow_sweep
40.003,50,658,8,0,87,slow_sweep
40.081,50,658,8,0,87,slow_sweep
40.115,58,662,8,0,81,slow_sweep
40.194,60,669,0,0,81,slow_sweep
40.261,60,669,0,0,79,slow_sweep
40.315,55,673,0,0,79,slow_sweep
40.375,52,675,0,0,78,slow_sweep
40.449,62,669,0,0,78,slow_sweep
40.485,62,669,0,0,78,slow_sweep
40.566,71,659,0,0,78,slow_sweep
40.637,77,651,0,0,78,slow_sweep
40.677,77,651,0,0,77,slow_sweep
40.756,85,646,0,0,75,slow_sweep
40.822,91,644,0,0,75,slow_sweep
40.866,93,646,0,0,73,slow_sweep
40.941,93,646,0,0,73,slow_sweep
41.008,95,649,0,0,73,slow_sweep
41.059,99,652,0,0,72,slow_sweep
41.123,99,652,0,0,70,slow_sweep
41.192,99,652,0,0,70,slow_sweep
41.241,103,654,0,0,72,slow_sweep
41.319,106,659,0,0,69,slow_sweep
41.384,106,659,0,0,69,slow_sweep
41.429,108,662,0,0,67,slow_sweep
41.505,110,664,0,0,67,slow_sweep
41.565,110,664,0,0,68,slow_sweep
41.617,110,665,0,0,69,slow_sweep
41.686,106,661,0,0,69,slow_sweep
41.753,106,661,0,0,69,slow_sweep
41.797,102,659,0,0,69,slow_sweep
41.863,95,659,0,0,68,slow_sweep
41.942,95,659,0,0,67,slow_sweep
41.978,86,661,0,0,67,slow_sweep
42.055,82,662,0,24,0,slow_sweep
42.123,82,662,0,24,0,slow_sweep
42.159,87,661,0,23,0,slow_sweep
42.236,97,660,8,0,66,slow_sweep
42.313,97,660,8,0,66,slow_sweep
42.358,111,663,8,0,66,slow_sweep
42.417,130,669,8,0,65,slow_sweep
42.490,130,669,8,0,65,slow_sweep
42.536,142,672,0,0,64,slow_sweep
42.614,142,673,0,0,62,slow_sweep
42.690,142,671,0,0,62,slow_sweep
42.723,142,671,0,0,61,slow_sweep
42.791,143,669,0,0,61,slow_sweep
42.870,142,666,0,0,60,slow_sweep
42.904,142,666,0,0,60,slow_sweep
42.984,142,666,0,0,60,slow_sweep
43.050,138,669,0,0,60,slow_sweep
43.094,133,673,0,0,60,slow_sweep
43.161,133,673,0,0,61,slow_sweep
43.238,123,673,0,0,61,slow_sweep
43.285,108,686,0,0,62,slow_sweep
43.352,105,684,0,0,64,slow_sweep
43.432,105,684,0,0,64,slow_sweep
43.469,106,687,0,0,64,slow_sweep
43.543,108,685,0,0,65,slow_sweep
43.611,108,685,0,0,65,slow_sweep
43.667,109,675,0,0,65,slow_sweep
43.723,108,667,8,0,65,slow_sweep
43.792,108,667,8,0,65,slow_sweep
43.830,110,666,8,0,64,slow_sweep
43.906,116,665,0,0,64,slow_sweep
43.984,116,665,0,0,64,slow_sweep
44.029,119,667,0,0,63,slow_sweep
44.102,122,668,0,0,63,slow_sweep
44.166,122,668,0,0,63,slow_sweep
44.198,125,665,0,0,63,slow_sweep
44.271,130,661,0,0,62,slow_sweep
44.347,130,661,0,0,62,slow_sweep
44.390,138,657,0,0,62,slow_sweep
44.460,143,656,0,0,62,slow_sweep
44.548,143,656,0,0,62,slow_sweep
44.570,147,657,0,0,63,slow_sweep
44.644,153,658,0,0,63,slow_sweep
44.721,153,658,0,0,63,slow_sweep
44.758,156,659,0,0,64,slow_sweep
44.833,156,662,0,0,67,slow_sweep
44.901,158,665,0,0,67,slow_sweep
44.945,158,665,0,0,69,slow_sweep
45.022,160,666,0,0,69,slow_sweep
45.100,164,663,0,0,69,slow_sweep
45.134,164,663,0,0,71,slow_sweep
45.199,166,658,0,0,71,slow_sweep
45.277,151,655,0,0,71,slow_sweep
45.333,134,655,8,0,73,slow_sweep
45.408,134,655,8,0,73,slow_sweep
45.465,126,653,0,0,75,slow_sweep
45.508,126,651,0,0,75,slow_sweep
45.574,126,651,0,0,73,slow_sweep
45.653,133,646,0,0,71,slow_sweep
45.687,141,640,0,0,71,slow_sweep
45.764,150,635,0,0,70,slow_sweep
45.831,150,635,0,0,70,slow_sweep
45.877,161,631,0,0,71,slow_sweep
45.957,164,630,0,0,71,slow_sweep
46.015,164,630,0,0,71,slow_sweep
46.058,164,629,0,0,69,slow_sweep
46.128,165,625,0,0,68,slow_sweep
46.205,165,625,0,0,68,slow_sweep
46.239,165,620,0,0,68,slow_sweep
46.312,165,616,0,0,68,slow_sweep
46.387,165,616,0,0,68,slow_sweep
46.433,165,616,0,0,68,slow_sweep
46.505,167,613,0,0,68,slow_sweep
46.568,167,613,0,0,68,slow_sweep
46.613,170,609,0,0,67,slow_sweep
46.680,173,608,0,0,67,slow_sweep
46.758,173,608,0,0,66,slow_sweep
46.802,175,608,0,0,66,slow_sweep
46.879,181,607,0,0,66,slow_sweep
46.947,181,607,0,0,65,slow_sweep
46.983,184,609,0,0,65,slow_sweep
47.060,187,610,0,0,64,slow_sweep
47.126,187,610,0,0,64,slow_sweep
47.172,187,610,0,0,63,slow_sweep
47.243,186,612,-8,0,63,slow_sweep
47.322,180,613,0,0,63,slow_sweep
47.355,174,618,0,0,61,slow_sweep
47.434,174,618,0,0,63,slow_sweep
47.501,170,625,-8,0,63,slow_sweep
47.556,169,638,-8,0,63,slow_sweep
47.616,169,638,-8,0,64,slow_sweep
47.686,167,652,-8,0,64,slow_sweep
47.728,165,682,-8,0,65,slow_sweep
47.795,165,682,-8,0,65,slow_sweep
47.874,184,683,-8,0,66,slow_sweep
47.908,189,680,-8,0,65,slow_sweep
47.986,193,675,0,0,65,slow_sweep
48.054,193,675,0,0,66,slow_sweep
48.098,199,669,0,0,66,slow_sweep
48.177,204,664,0,0,66,slow_sweep
48.237,204,664,0,0,66,slow_sweep
48.279,208,660,0,0,66,slow_sweep
48.357,207,656,0,0,66,slow_sweep
48.424,207,656,0,0,66,slow_sweep
48.461,200,654,0,0,64,slow_sweep
48.541,191,658,0,0,63,slow_sweep
48.615,191,658,0,0,63,slow_sweep
48.646,186,662,0,0,64,slow_sweep
48.726,187,659,0,0,64,slow_sweep
48.793,187,659,0,0,64,slow_sweep
48.838,194,657,8,0,63,slow_sweep
48.904,201,656,0,0,62,slow_sweep
48.985,201,656,0,0,62,slow_sweep
49.032,207,655,0,0,61,slow_sweep
49.110,212,657,8,0,61,slow_sweep
49.166,212,657,8,0,60,slow_sweep
49.208,216,661,8,0,60,slow_sweep
49.275,221,662,8,0,59,slow_sweep
49.363,223,663,0,0,59,slow_sweep
49.397,223,663,0,0,59,slow_sweep
49.466,220,670,0,0,58,slow_sweep
49.545,210,674,0,0,58,slow_sweep
49.579,210,674,0,0,58,slow_sweep
49.657,201,684,0,0,57,slow_sweep
49.722,198,692,0,0,57,slow_sweep
49.767,204,695,-8,0,56,slow_sweep
49.833,204,695,-8,0,55,slow_sweep
49.910,209,692,0,0,55,slow_sweep
49.959,215,688,0,0,55,slow_sweep
50.022,215,688,0,0,54,slow_sweep
50.091,218,678,0,0,54,slow_sweep
50.139,222,670,0,0,53,slow_sweep
50.205,226,673,0,0,53,slow_sweep
50.284,226,673,0,0,53,slow_sweep
50.319,225,682,0,0,53,slow_sweep
50.391,225,687,0,0,53,slow_sweep
50.460,225,687,0,0,53,slow_sweep
50.505,230,686,0,0,53,slow_sweep
50.585,237,688,0,0,53,slow_sweep
50.656,237,688,0,19,0,slow_sweep
50.688,247,688,0,19,0,slow_sweep
50.764,256,685,0,0,56,slow_sweep
50.835,256,685,0,0,56,slow_sweep
50.876,259,676,0,0,56,slow_sweep
50.942,262,665,0,0,56,slow_sweep
51.021,262,665,0,0,56,slow_sweep
51.054,264,657,0,0,56,slow_sweep
51.133,263,653,-8,0,55,slow_sweep
51.202,263,653,-8,0,55,slow_sweep
51.248,262,650,-8,0,53,slow_sweep
51.311,263,649,-8,0,53,slow_sweep
51.389,263,649,-8,0,53,slow_sweep
51.433,264,647,0,0,51,slow_sweep
51.503,266,646,0,0,51,slow_sweep
51.576,264,646,0,0,51,slow_sweep
51.625,264,646,0,0,50,slow_sweep
51.696,260,641,0,0,50,slow_sweep
51.763,252,636,8,0,49,slow_sweep
51.809,252,636,8,0,49,slow_sweep
51.879,247,632,8,0,50,slow_sweep
51.959,245,629,0,0,51,slow_sweep
51.990,239,629,8,0,51,slow_sweep
52.056,239,629,8,0,51,slow_sweep
52.133,234,626,0,0,51,slow_sweep
52.177,233,620,0,0,50,slow_sweep
52.245,233,620,0,0,50,slow_sweep
52.324,234,616,0,0,50,slow_sweep
52.367,235,610,0,0,50,slow_sweep
52.429,236,604,0,0,51,slow_sweep
52.504,236,604,0,0,51,slow_sweep
52.545,236,598,0,0,50,slow_sweep
52.613,236,590,0,0,49,slow_sweep
52.693,236,590,0,0,49,slow_sweep
52.731,239,582,0,0,49,slow_sweep
52.808,241,571,0,0,49,slow_sweep
52.874,241,571,0,0,49,slow_sweep
52.909,242,562,0,0,50,slow_sweep
52.988,241,553,0,0,50,slow_sweep
53.068,241,553,0,0,51,slow_sweep
53.101,239,548,0,0,51,slow_sweep
53.167,237,556,0,0,51,slow_sweep
53.245,237,556,0,0,50,slow_sweep
53.283,233,566,0,0,50,slow_sweep
53.360,227,581,0,0,50,slow_sweep
53.424,227,581,0,0,50,slow_sweep
53.473,220,597,0,0,49,slow_sweep
53.540,216,620,8,0,48,slow_sweep
53.631,216,620,8,0,48,slow_sweep
53.654,217,615,0,0,47,slow_sweep
53.731,220,607,0,0,47,slow_sweep
53.799,222,596,0,0,47,slow_sweep
53.847,222,596,0,0,48,slow_sweep
53.912,223,588,0,0,48,slow_sweep
53.989,225,585,0,0,48,slow_sweep
54.034,225,585,0,0,47,slow_sweep
54.099,226,589,-8,0,47,slow_sweep
54.192,226,595,0,0,48,slow_sweep
54.216,213,622,-8,0,47,slow_sweep
54.283,213,622,-8,0,47,slow_sweep
54.361,203,645,-8,0,47,slow_sweep
54.394,184,665,0,0,47,slow_sweep
54.469,184,665,0,0,47,slow_sweep
54.547,167,683,0,0,46,slow_sweep
54.581,153,696,0,0,46,slow_sweep
54.660,164,685,0,0,45,slow_sweep
54.739,164,685,0,0,45,slow_sweep
54.773,183,664,0,0,45,slow_sweep
54.840,190,657,-8,0,46,slow_sweep
54.909,190,657,-8,0,46,slow_sweep
54.956,192,655,0,0,48,slow_sweep
55.032,193,649,0,0,48,slow_sweep
55.107,193,649,0,0,48,slow_sweep
55.136,194,641,0,0,48,slow_sweep
55.210,194,636,0,0,49,slow_sweep
55.285,194,636,0,0,49,slow_sweep
55.321,195,634,0,0,50,slow_sweep
55.397,196,633,0,0,50,slow_sweep
55.474,196,633,0,0,52,slow_sweep
55.517,197,636,0,0,53,slow_sweep
55.584,198,638,0,0,53,slow_sweep
55.653,198,638,0,0,54,slow_sweep
55.697,200,641,0,0,54,slow_sweep
55.775,203,644,0,23,0,slow_sweep
55.841,203,644,0,0,55,slow_sweep
55.885,206,646,0,0,55,slow_sweep
55.962,207,645,0,0,57,slow_sweep
56.038,209,640,8,0,57,slow_sweep
56.071,209,640,8,0,57,slow_sweep
56.137,213,636,0,23,0,slow_sweep
56.214,216,634,8,23,0,slow_sweep
56.259,216,634,8,23,0,slow_sweep
56.324,217,632,8,0,59,slow_sweep
56.402,218,631,8,0,59,slow_sweep
56.439,215,633,0,0,58,slow_sweep
56.513,215,633,0,0,60,slow_sweep
56.586,213,633,0,0,60,slow_sweep
56.629,216,627,0,0,60,slow_sweep
56.699,216,627,0,0,60,slow_sweep
56.776,217,621,0,16,0,slow_sweep
56.808,223,615,0,0,60,slow_sweep
56.878,227,607,0,0,60,slow_sweep
56.957,227,607,0,16,0,slow_sweep
56.988,228,598,0,16,0,slow_sweep
57.066,227,589,0,0,59,slow_sweep
57.136,227,589,0,0,59,slow_sweep
57.178,223,579,0,0,59,slow_sweep
57.244,214,575,0,0,59,slow_sweep
57.331,214,575,0,0,59,slow_sweep
57.367,208,575,0,0,59,slow_sweep
57.434,204,573,0,0,59,slow_sweep
57.514,204,573,0,0,59,slow_sweep
57.547,203,570,0,0,61,slow_sweep
57.626,199,570,0,0,62,slow_sweep
57.694,199,570,0,0,62,slow_sweep
57.739,199,567,0,0,63,slow_sweep
57.808,199,565,0,16,0,slow_sweep
57.877,199,565,0,16,0,slow_sweep
57.922,198,568,0,0,64,slow_sweep
57.990,200,572,0,0,64,slow_sweep
58.067,200,572,0,0,63,slow_sweep
58.100,202,577,0,0,63,slow_sweep
58.180,200,581,0,0,63,slow_sweep
58.247,199,586,-8,0,64,slow_sweep
58.303,199,586,-8,0,64,slow_sweep
58.372,200,588,0,0,63,slow_sweep
63.627,202,589,0,0,63,quick_points
63.627,202,589,0,0,64,quick_points
63.627,202,590,0,28,0,quick_points
63.627,204,590,0,28,0,quick_points
63.627,203,590,8,30,0,quick_points
63.627,203,590,8,0,67,quick_points
63.627,203,586,0,0,67,quick_points
63.627,204,583,8,0,68,quick_points
63.627,204,583,8,0,65,quick_points
63.627,206,583,8,0,65,quick_points
63.627,205,587,0,0,66,quick_points
63.627,205,588,8,0,66,quick_points
63.627,205,588,8,0,66,quick_points
63.627,206,591,8,0,69,quick_points
63.627,208,597,0,0,69,quick_points
63.627,208,597,0,0,71,quick_points
63.627,215,605,0,0,72,quick_points
63.627,220,612,0,0,72,quick_points
63.627,220,612,0,0,72,quick_points
63.627,224,612,0,0,72,quick_points
63.627,228,612,0,0,72,quick_points
63.627,228,612,0,0,70,quick_points
63.627,230,612,0,0,70,quick_points
63.627,230,615,-8,0,69,quick_points
63.627,230,615,-8,0,69,quick_points
63.627,228,618,-8,0,68,quick_points
63.627,223,620,-8,0,66,quick_points
63.627,213,620,-8,0,66,quick_points
63.627,213,620,-8,0,63,quick_points
63.627,206,616,8,0,60,quick_points
63.627,205,610,-8,0,60,quick_points
63.627,205,610,-8,22,0,quick_points
63.627,208,606,-8,0,63,quick_points
63.627,207,605,-8,0,63,quick_points
63.627,205,606,0,0,63,quick_points
63.627,205,606,0,0,63,quick_points
63.627,202,608,0,21,0,quick_points
63.627,199,610,8,0,65,quick_points
63.627,199,610,8,0,65,quick_points
63.627,196,614,8,0,66,quick_points
63.627,195,616,0,0,66,quick_points
63.627,195,616,0,0,67,quick_points
63.627,195,616,0,0,71,quick_points
63.627,196,617,0,0,71,quick_points
63.627,196,619,0,0,72,quick_points
63.627,196,619,0,0,72,quick_points
63.627,195,621,0,0,73,quick_points
63.627,194,621,0,0,73,quick_points
63.627,194,621,0,0,73,quick_points
63.627,190,618,0,0,73,quick_points
63.627,179,613,0,0,73,quick_points
63.627,179,613,0,0,73,quick_points
63.627,167,609,0,0,71,quick_points
63.627,110,600,0,0,73,quick_points
63.627,110,600,0,0,73,quick_points
63.627,53,599,8,28,0,quick_points
63.627,26,629,0,26,0,quick_points
63.627,26,629,0,26,0,quick_points
63.627,25,640,0,22,0,quick_points
63.627,30,644,0,22,0,quick_points
63.627,40,652,0,29,0,quick_points
63.627,40,652,0,21,0,quick_points
63.627,54,669,0,21,0,quick_points
63.627,72,681,0,0,97,quick_points
63.627,72,681,0,0,97,quick_points
63.627,94,694,0,0,100,quick_points
63.627,97,689,0,0,100,quick_points
63.627,59,651,0,0,100,quick_points
63.627,59,651,0,0,100,quick_points
63.627,14,609,0,0,100,quick_points
63.627,-80,547,0,0,100,quick_points
63.627,-80,547,0,0,100,quick_points
63.627,-135,535,0,0,100,quick_points
63.627,-158,559,0,0,100,quick_points
63.627,-191,588,0,0,100,quick_points
63.627,-191,588,0,0,100,quick_points
63.627,-223,624,0,0,100,quick_points
63.627,-266,677,0,0,100,quick_points
63.627,-266,677,0,0,100,quick_points
63.627,-292,716,0,0,100,quick_points
63.627,-275,724,0,0,100,quick_points
63.627,-275,724,0,0,100,quick_points
63.627,-249,719,0,0,100,quick_points
63.627,-215,706,0,0,100,quick_points
63.650,-215,706,0,0,100,quick_points
63.695,-175,689,0,0,100,quick_points
63.770,-146,667,0,0,100,quick_points
63.842,-146,667,0,0,100,quick_points
63.885,-69,632,0,0,100,quick_points
63.954,-14,610,0,0,100,quick_points
64.033,-14,610,0,0,100,quick_points
64.067,-29,621,0,0,100,quick_points
64.145,-31,626,0,0,100,quick_points
64.212,-30,628,0,0,100,quick_points
64.268,-30,628,0,0,100,quick_points
64.326,-30,631,0,0,100,quick_points
64.402,-31,629,0,0,100,quick_points
64.436,-31,629,0,0,100,quick_points
64.524,-30,629,0,0,100,quick_points
64.596,-31,636,0,0,100,quick_points
64.626,-33,644,0,0,100,quick_points
64.695,-33,644,0,0,100,quick_points
64.783,-32,658,0,0,99,quick_points
64.817,-29,668,0,0,98,quick_points
64.884,-29,668,0,0,98,quick_points
64.960,-22,677,0,0,95,quick_points
64.994,-5,690,0,0,95,quick_points
65.072,7,693,0,0,92,quick_points
65.150,7,693,0,0,91,quick_points
65.188,7,693,8,0,91,quick_points
65.253,2,698,0,0,90,quick_points
65.331,2,698,0,0,90,quick_points
65.368,2,702,0,0,90,quick_points
65.443,0,710,0,0,89,quick_points
65.521,0,710,0,0,89,quick_points
65.555,-1,715,0,0,89,quick_points
65.626,5,716,0,0,89,quick_points
65.703,5,716,0,0,89,quick_points
65.743,10,713,0,0,85,quick_points
65.818,12,712,0,0,83,quick_points
65.898,12,712,0,0,83,quick_points
65.930,16,711,0,0,79,quick_points
66.010,19,709,0,0,74,quick_points
66.074,16,705,0,0,74,quick_points
66.126,16,705,0,0,69,quick_points
66.189,14,703,0,0,69,quick_points
66.269,12,701,0,0,65,quick_points
66.307,12,701,0,0,65,quick_points
66.386,9,700,0,0,60,quick_points
66.450,11,701,0,0,55,quick_points
66.495,11,702,0,0,55,quick_points
66.567,11,702,0,0,50,quick_points
66.643,13,707,0,0,50,quick_points
66.677,16,710,-8,0,48,quick_points
66.753,16,710,-8,0,46,quick_points
66.824,15,712,0,0,46,quick_points
66.862,7,707,0,0,44,quick_points
66.929,7,707,0,0,42,quick_points
67.007,0,701,0,0,42,quick_points
67.041,-7,691,0,0,40,quick_points
67.119,-25,672,0,0,39,quick_points
67.185,-25,672,0,0,39,quick_points
67.230,-41,658,8,0,40,quick_points
67.304,-45,644,8,0,40,quick_points
67.372,-45,644,8,0,40,quick_points
67.420,-39,634,8,0,43,quick_points
67.495,-10,601,16,0,43,quick_points
67.560,-10,601,16,0,44,quick_points
67.596,27,565,16,0,44,quick_points
67.675,50,540,16,0,44,quick_points
67.751,50,540,16,0,45,quick_points
67.783,48,555,8,0,45,quick_points
67.860,46,562,8,0,46,quick_points
67.927,46,562,8,0,46,quick_points
67.975,47,581,8,0,45,quick_points
68.048,35,604,8,0,47,quick_points
68.116,35,604,8,0,47,quick_points
68.161,10,632,8,0,49,quick_points
68.230,0,666,0,0,50,quick_points
68.313,15,727,0,0,50,quick_points
68.343,15,727,0,0,53,quick_points
68.421,15,774,8,0,55,quick_points
68.489,6,786,0,0,55,quick_points
68.532,6,786,0,0,57,quick_points
68.598,17,778,0,0,57,quick_points
68.689,19,767,0,0,58,quick_points
68.711,19,767,0,0,58,quick_points
68.790,25,757,0,0,58,quick_points
68.868,26,748,0,0,58,quick_points
68.902,31,746,0,0,58,quick_points
68.971,31,746,0,0,60,quick_points
69.046,33,747,0,0,60,quick_points
69.080,39,747,-8,0,60,quick_points
69.158,39,747,-8,0,63,quick_points
69.225,41,750,-8,0,63,quick_points
69.270,44,749,-24,0,64,quick_points
69.336,49,747,-24,0,64,quick_points
69.416,49,747,-24,0,64,quick_points
69.464,54,743,-16,0,65,quick_points
69.528,63,738,-8,0,66,quick_points
69.597,63,738,-8,0,66,quick_points
69.634,69,734,-8,0,68,quick_points
69.708,72,733,-8,0,68,quick_points
69.776,72,733,-8,0,68,quick_points
69.820,76,729,8,0,68,quick_points
69.899,80,725,8,0,68,quick_points
69.977,80,725,8,0,68,quick_points
70.011,85,722,8,0,70,quick_points
70.078,90,714,0,0,70,quick_points
70.157,90,714,0,0,70,quick_points
70.194,95,708,0,0,70,quick_points
70.265,93,704,0,0,70,quick_points
70.344,93,704,0,0,71,quick_points
70.377,91,701,0,0,71,quick_points
70.448,88,701,0,0,71,quick_points
70.525,88,701,0,0,71,quick_points
70.564,84,705,0,0,72,quick_points
70.640,84,713,0,0,72,quick_points
70.705,90,724,0,0,72,quick_points
70.750,90,724,0,0,72,quick_points
70.827,97,738,0,0,73,quick_points
70.896,117,772,0,0,73,quick_points
70.934,117,772,0,0,75,quick_points
71.010,117,775,8,0,76,quick_points
71.085,114,774,8,0,76,quick_points
71.119,112,768,8,0,75,quick_points
71.199,112,768,8,0,75,quick_points
71.268,115,759,16,0,73,quick_points
71.299,122,756,16,0,73,quick_points
71.379,122,756,16,0,70,quick_points
71.447,126,758,0,0,67,quick_points
71.491,131,763,0,0,67,quick_points
71.557,131,763,0,0,65,quick_points
71.635,136,767,0,0,65,quick_points
71.668,138,767,0,0,63,quick_points
71.746,140,767,0,0,62,quick_points
71.816,140,767,0,0,62,quick_points
71.861,142,762,0,0,60,quick_points
71.941,138,757,0,0,59,quick_points
72.005,138,757,0,0,59,quick_points
72.052,136,753,0,0,58,quick_points
72.120,136,757,8,0,56,quick_points
72.200,136,757,8,0,56,quick_points
72.233,134,759,0,0,55,quick_points
72.302,131,756,0,0,54,quick_points
72.379,131,756,0,0,54,quick_points
72.420,129,755,0,0,52,quick_points
72.500,128,754,0,0,52,quick_points
72.558,128,754,0,0,51,quick_points
72.599,125,753,0,0,51,quick_points
72.680,124,750,8,0,50,quick_points
72.760,124,750,8,0,49,quick_points
72.782,123,743,0,0,49,quick_points
72.858,126,737,0,0,48,quick_points
72.936,127,731,-8,0,48,quick_points
72.969,127,731,-8,0,47,quick_points
73.047,133,729,-16,0,47,quick_points
73.126,139,732,8,0,47,quick_points
73.159,139,732,8,0,46,quick_points
73.238,150,731,-8,0,46,quick_points
73.301,157,730,-8,0,46,quick_points
73.344,158,725,-8,0,47,quick_points
73.423,158,725,-8,0,46,quick_points
73.484,156,720,-8,0,46,quick_points
73.527,151,715,-8,0,47,quick_points
73.597,151,715,-8,0,47,quick_points
73.677,150,708,0,0,45,quick_points
73.720,148,704,0,0,45,quick_points
73.780,148,704,0,0,45,quick_points
73.860,146,704,0,0,45,quick_points
73.910,144,709,0,0,45,quick_points
73.978,140,712,0,0,45,quick_points
74.042,140,712,0,0,43,quick_points
74.087,135,716,0,0,43,quick_points
74.155,129,719,0,0,43,quick_points
74.233,129,719,0,0,43,quick_points
74.269,124,719,0,0,44,quick_points
74.345,122,716,0,0,44,quick_points
74.424,122,716,0,0,44,quick_points
74.466,125,714,0,0,44,quick_points
74.536,134,711,0,0,45,quick_points
74.602,134,711,0,0,45,quick_points
74.635,150,702,0,0,45,quick_points
74.726,186,668,0,0,45,quick_points
74.783,186,668,0,0,45,quick_points
74.827,208,644,0,0,43,quick_points
74.894,218,624,0,0,43,quick_points
74.973,218,624,0,0,43,quick_points
75.006,222,613,8,0,43,quick_points
75.084,222,612,16,0,43,quick_points
75.149,222,612,16,0,44,quick_points
75.196,224,612,8,0,44,quick_points
75.270,224,612,16,0,44,quick_points
75.339,220,615,8,0,45,quick_points
75.385,220,615,8,0,45,quick_points
75.464,210,621,0,0,45,quick_points
75.524,196,632,0,0,45,quick_points
75.565,196,632,0,0,45,quick_points
75.634,184,641,8,17,0,quick_points
75.712,172,651,0,17,0,quick_points
75.746,144,669,8,0,49,quick_points
75.827,144,669,8,25,0,quick_points
75.892,132,674,0,25,0,quick_points
75.942,123,679,0,0,53,quick_points
76.017,115,684,0,0,52,quick_points
76.086,115,684,0,0,52,quick_points
76.123,112,691,0,0,54,quick_points
76.202,112,699,0,0,54,quick_points
76.266,112,699,0,0,58,quick_points
76.312,112,707,0,0,60,quick_points
76.382,112,709,0,0,60,quick_points
76.454,112,709,0,0,62,quick_points
76.489,111,713,0,0,62,quick_points
76.572,113,721,0,0,64,quick_points
76.643,113,721,0,0,65,quick_points
76.675,118,731,0,0,65,quick_points
76.755,123,741,0,16,0,quick_points
76.829,123,741,0,16,0,quick_points
76.861,120,751,0,0,66,quick_points
76.936,118,756,0,0,67,quick_points
77.012,118,756,0,0,67,quick_points
77.046,110,760,0,0,68,quick_points
77.122,106,759,-8,0,69,quick_points
77.198,106,759,-8,0,69,quick_points
77.232,100,757,-8,0,69,quick_points
77.310,99,755,-8,0,69,quick_points
77.378,99,755,-8,0,69,quick_points
77.412,100,746,-24,0,68,quick_points
77.490,103,740,-8,0,68,quick_points
77.557,104,739,-8,0,69,quick_points
77.616,104,739,-8,0,69,quick_points
77.674,105,739,0,0,68,quick_points
77.748,107,739,0,0,68,quick_points
77.783,107,739,0,0,68,quick_points
77.858,109,738,0,0,68,quick_points
77.945,111,738,0,0,68,quick_points
77.979,111,738,0,0,69,quick_points
78.044,111,738,0,0,70,quick_points
78.123,111,738,0,0,70,quick_points
78.157,108,739,0,0,69,quick_points
78.233,108,739,0,0,68,quick_points
78.310,106,740,0,0,68,quick_points
78.357,107,742,0,0,69,quick_points
78.414,111,745,0,0,70,quick_points
78.491,111,745,0,0,70,quick_points
78.532,115,749,0,0,72,quick_points
78.613,120,751,0,0,72,quick_points
78.673,120,751,0,0,72,quick_points
78.716,124,754,0,0,72,quick_points
78.795,123,757,0,0,72,quick_points
78.855,123,757,0,0,72,quick_points
78.897,123,758,8,0,72,quick_points
78.975,124,756,0,0,70,quick_points
79.044,124,756,0,0,71,quick_points
79.088,128,750,0,0,71,quick_points
79.155,133,745,8,0,71,quick_points
79.234,133,745,8,0,71,quick_points
79.268,137,743,8,0,71,quick_points
79.349,144,743,8,0,72,quick_points
79.427,144,743,8,0,72,quick_points
79.450,147,742,0,0,70,quick_points
79.526,148,742,0,0,71,quick_points
79.604,148,742,0,0,71,quick_points
79.654,149,741,0,0,70,quick_points
79.713,147,744,0,0,70,quick_points
79.789,140,745,0,0,70,quick_points
79.823,140,745,0,0,68,quick_points
79.902,134,747,0,0,68,quick_points
79.969,131,745,0,0,68,quick_points
80.027,131,742,0,0,67,quick_points
80.112,131,742,0,0,67,quick_points
80.157,131,739,0,0,66,quick_points
80.202,130,740,-8,0,66,quick_points
80.273,130,740,-8,0,64,quick_points
80.343,125,739,0,0,62,quick_points
80.381,123,741,0,0,62,quick_points
80.460,123,741,0,0,59,quick_points
80.527,126,740,-16,0,59,quick_points
80.573,137,735,-16,0,59,quick_points
80.639,146,729,-8,0,56,quick_points
80.721,146,729,-8,0,56,quick_points
80.768,155,715,-8,0,54,quick_points
80.838,175,673,-8,0,56,quick_points
80.915,175,673,-8,0,56,quick_points
80.937,194,626,-8,0,55,quick_points
81.011,192,613,-8,0,57,quick_points
81.099,192,613,-8,0,57,quick_points
81.122,194,610,-8,0,57,quick_points
81.201,196,608,0,0,57,quick_points
81.270,196,608,0,0,57,quick_points
81.303,198,607,0,0,58,quick_points
81.382,197,605,0,0,58,quick_points
81.449,197,605,0,0,59,quick_points
81.501,197,602,0,0,59,quick_points
81.609,192,601,0,0,59,quick_points
81.641,192,601,0,0,59,quick_points
81.674,188,596,0,0,60,quick_points
81.752,187,590,0,0,61,quick_points
81.849,187,590,0,0,61,quick_points
81.868,186,586,0,0,61,quick_points
81.940,180,590,0,0,62,quick_points
82.012,173,596,0,0,62,quick_points
82.054,173,596,0,0,63,quick_points
82.132,166,601,0,0,64,quick_points
82.194,161,603,0,0,64,quick_points
82.236,161,603,0,0,64,quick_points
82.316,161,605,0,0,65,quick_points
82.386,161,608,0,0,65,quick_points
82.419,158,616,16,0,66,quick_points
82.498,158,616,16,0,66,quick_points
82.566,159,624,16,0,65,quick_points
82.615,160,631,16,0,65,quick_points
82.682,160,631,16,0,65,quick_points
82.754,162,636,16,0,64,quick_points
82.795,162,640,8,0,64,quick_points
82.870,153,644,8,0,63,quick_points
82.939,153,644,8,0,63,quick_points
82.997,143,646,8,0,64,quick_points
83.067,133,647,0,0,63,quick_points
83.126,133,647,0,0,63,quick_points
83.160,125,647,0,0,62,quick_points
83.231,122,648,0,16,0,quick_points
83.311,122,648,0,16,0,quick_points
83.357,123,651,0,0,62,quick_points
83.441,122,653,0,0,63,quick_points
83.505,122,653,0,0,63,quick_points
83.570,114,655,0,0,63,quick_points
83.611,106,659,0,0,63,quick_points
88.845,106,659,0,0,62,ellipse
88.845,96,665,0,0,61,ellipse
88.845,89,672,0,0,61,ellipse
88.845,89,672,0,0,61,ellipse
88.845,86,678,-8,0,61,ellipse
88.845,79,686,-8,0,61,ellipse
88.845,79,686,-8,0,60,ellipse
88.845,78,690,-8,0,60,ellipse
88.845,81,691,-8,0,60,ellipse
88.845,84,691,-8,0,60,ellipse
88.845,84,691,-8,0,60,ellipse
88.845,82,692,-8,0,60,ellipse
88.845,77,691,-16,0,60,ellipse
88.845,73,686,-24,0,61,ellipse
88.845,73,686,-24,0,60,ellipse
88.845,73,684,0,0,60,ellipse
88.845,77,681,-8,0,62,ellipse
88.845,77,681,-8,0,64,ellipse
88.845,81,681,-8,0,64,ellipse
88.845,84,683,0,0,64,ellipse
88.845,84,683,0,0,65,ellipse
88.845,83,684,-8,0,65,ellipse
88.845,85,684,0,0,65,ellipse
88.845,85,677,0,0,65,ellipse
88.845,85,677,0,0,66,ellipse
88.845,88,672,0,0,66,ellipse
88.845,91,661,-8,0,66,ellipse
88.845,91,661,-8,0,65,ellipse
88.845,94,653,0,0,65,ellipse
88.845,98,649,0,21,0,ellipse
88.845,98,649,0,0,70,ellipse
88.845,106,664,0,0,70,ellipse
88.845,118,677,0,0,73,ellipse
88.845,118,677,0,0,73,ellipse
88.845,132,680,0,0,76,ellipse
88.845,146,674,0,0,78,ellipse
88.845,146,674,0,0,78,ellipse
88.845,158,668,0,0,79,ellipse
88.845,163,662,0,0,81,ellipse
88.845,163,662,0,0,81,ellipse
88.845,165,655,0,0,82,ellipse
88.845,162,646,0,0,83,ellipse
88.845,152,641,0,0,83,ellipse
88.845,152,641,0,0,85,ellipse
88.845,142,643,0,0,85,ellipse
88.845,130,647,0,0,87,ellipse
88.845,93,653,0,0,89,ellipse
88.845,93,653,0,0,89,ellipse
88.845,42,660,0,0,91,ellipse
88.845,-43,670,0,0,91,ellipse
88.845,-43,670,0,0,91,ellipse
88.845,-126,679,0,0,92,ellipse
88.845,-74,671,0,0,92,ellipse
88.845,-63,670,0,0,92,ellipse
88.845,-63,670,0,0,92,ellipse
88.845,-54,668,0,0,92,ellipse
88.845,-52,664,0,0,92,ellipse
88.845,-52,664,0,0,92,ellipse
88.845,-46,664,0,0,94,ellipse
88.845,-38,662,-8,21,0,ellipse
88.845,-38,662,-8,21,0,ellipse
88.845,-30,662,-8,0,100,ellipse
88.845,-23,661,-8,0,100,ellipse
88.845,-23,661,-8,0,100,ellipse
88.845,-21,662,8,30,0,ellipse
88.845,-16,663,8,30,0,ellipse
88.845,-16,663,8,25,0,ellipse
88.845,-10,664,8,0,100,ellipse
88.845,-4,664,8,0,100,ellipse
88.845,-4,664,8,0,100,ellipse
88.845,2,666,8,0,100,ellipse
88.845,7,668,0,0,100,ellipse
88.845,7,668,0,0,100,ellipse
88.845,13,666,0,0,100,ellipse
88.845,18,662,0,0,100,ellipse
88.845,22,658,0,0,100,ellipse
88.845,22,658,0,0,100,ellipse
88.845,28,656,-8,0,100,ellipse
88.845,34,657,-8,0,100,ellipse
88.845,39,658,0,0,100,ellipse
88.845,39,658,0,21,0,ellipse
88.845,43,658,0,21,0,ellipse
88.845,46,658,0,0,100,ellipse
88.845,46,658,0,0,100,ellipse
88.903,50,658,0,0,100,ellipse
88.936,54,659,0,0,100,ellipse
89.003,58,657,0,0,100,ellipse
89.081,58,657,0,0,100,ellipse
89.115,61,656,0,0,100,ellipse
89.191,66,656,0,0,100,ellipse
89.262,66,656,0,0,100,ellipse
89.307,70,658,0,0,100,ellipse
89.374,73,659,0,0,100,ellipse
89.451,73,659,0,0,100,ellipse
89.490,76,661,0,0,100,ellipse
89.569,79,662,0,0,100,ellipse
89.637,79,662,0,0,100,ellipse
89.685,84,657,0,0,96,ellipse
89.746,88,654,0,0,92,ellipse
89.820,88,654,0,0,92,ellipse
89.855,93,650,0,0,88,ellipse
89.946,97,648,0,0,86,ellipse
90.002,97,648,0,0,86,ellipse
90.050,102,647,0,0,85,ellipse
90.117,105,645,0,0,83,ellipse
90.193,105,645,0,0,83,ellipse
90.236,108,631,0,0,82,ellipse
90.316,110,619,0,0,81,ellipse
90.382,110,617,0,0,81,ellipse
90.430,110,617,0,0,79,ellipse
90.494,111,617,0,0,79,ellipse
90.573,114,620,0,0,76,ellipse
90.619,118,625,0,0,74,ellipse
90.689,118,625,0,0,74,ellipse
90.764,121,627,0,0,73,ellipse
90.790,123,628,0,0,73,ellipse
90.866,123,628,0,0,72,ellipse
90.937,122,628,0,0,72,ellipse
90.978,118,634,0,0,72,ellipse
91.059,113,646,0,0,72,ellipse
91.128,113,646,0,0,72,ellipse
91.171,107,655,0,0,73,ellipse
91.246,101,651,0,0,73,ellipse
91.311,101,651,0,0,73,ellipse
91.359,98,648,0,0,72,ellipse
91.423,97,651,0,0,71,ellipse
91.503,97,651,0,0,71,ellipse
91.548,96,658,0,0,70,ellipse
91.619,97,666,0,0,69,ellipse
91.681,97,666,0,0,69,ellipse
91.726,99,671,-8,0,67,ellipse
91.804,103,672,-8,0,67,ellipse
91.875,103,672,-8,0,66,ellipse
91.906,104,672,-8,0,65,ellipse
91.984,101,671,-8,0,65,ellipse
92.066,101,671,-8,0,69,ellipse
92.099,99,668,-16,0,69,ellipse
92.163,93,667,-16,0,70,ellipse
92.241,90,666,-16,0,70,ellipse
92.287,90,666,-16,0,70,ellipse
92.356,89,662,-16,0,71,ellipse
92.432,87,660,-8,0,71,ellipse
92.471,87,660,-8,0,74,ellipse
92.548,82,660,-16,0,74,ellipse
92.621,79,660,-16,0,74,ellipse
92.655,78,655,-16,0,72,ellipse
92.732,78,655,-16,0,74,ellipse
92.802,76,650,-16,0,74,ellipse
92.845,76,646,-8,45,0,ellipse
92.912,76,646,-8,0,80,ellipse
92.991,77,641,-8,0,80,ellipse
93.025,74,634,-16,35,0,ellipse
93.094,74,634,-16,35,0,ellipse
93.174,76,626,-8,40,0,ellipse
93.210,83,622,-8,0,90,ellipse
93.279,87,616,0,0,90,ellipse
93.357,87,616,0,0,91,ellipse
93.399,88,612,-8,0,91,ellipse
93.467,86,608,0,0,92,ellipse
93.533,86,608,0,0,93,ellipse
93.589,85,606,0,0,93,ellipse
93.669,84,604,0,0,94,ellipse
93.736,84,604,0,0,94,ellipse
93.769,80,601,8,0,97,ellipse
93.838,78,599,8,0,99,ellipse
93.905,78,599,8,0,99,ellipse
93.961,77,595,8,0,99,ellipse
94.029,79,590,0,0,100,ellipse
94.097,79,590,0,0,100,ellipse
94.131,82,587,16,0,100,ellipse
94.208,83,587,16,0,100,ellipse
94.276,83,587,16,0,100,ellipse
94.322,82,589,24,0,100,ellipse
94.392,79,593,32,0,100,ellipse
94.471,77,596,0,0,100,ellipse
94.504,77,596,0,0,100,ellipse
94.581,76,597,24,0,100,ellipse
94.660,74,598,24,0,100,ellipse
94.695,74,598,24,0,100,ellipse
94.774,76,598,16,0,100,ellipse
94.854,79,594,8,0,99,ellipse
94.888,83,593,16,0,99,ellipse
94.956,83,593,16,0,97,ellipse
95.024,89,592,8,0,97,ellipse
95.073,94,594,16,0,96,ellipse
95.135,94,594,16,0,94,ellipse
95.210,95,599,8,0,94,ellipse
95.244,90,606,24,0,91,ellipse
95.335,88,615,8,0,89,ellipse
95.396,88,615,8,0,89,ellipse
95.438,92,625,0,0,86,ellipse
95.670,99,632,0,0,82,ellipse
95.670,99,632,0,0,82,ellipse
95.670,108,641,0,0,81,ellipse
95.689,118,647,8,0,81,ellipse
95.767,118,647,8,0,79,ellipse
95.802,126,646,0,0,79,ellipse
95.879,131,646,0,0,79,ellipse
95.945,131,646,0,0,79,ellipse
96.004,136,649,0,0,79,ellipse
96.072,140,655,8,0,74,ellipse
96.128,140,655,8,0,74,ellipse
96.170,143,657,0,0,72,ellipse
96.245,144,660,8,0,72,ellipse
96.321,144,660,8,0,72,ellipse
96.358,144,663,8,0,72,ellipse
96.432,145,663,0,0,70,ellipse
96.514,145,663,0,0,70,ellipse
96.548,148,657,-8,0,70,ellipse
96.618,151,646,-8,0,69,ellipse
96.698,155,636,0,0,69,ellipse
96.739,155,636,0,0,66,ellipse
96.808,160,631,0,0,62,ellipse
96.886,171,626,0,0,62,ellipse
96.919,171,626,0,0,60,ellipse
96.993,181,624,-8,0,60,ellipse
97.095,190,627,-8,0,57,ellipse
97.123,196,635,-8,0,52,ellipse
97.174,196,635,-8,0,52,ellipse
97.251,196,641,-8,0,51,ellipse
97.297,196,644,-8,0,51,ellipse
97.369,196,644,-8,0,49,ellipse
97.432,195,640,-8,0,49,ellipse
97.478,198,637,-8,0,48,ellipse
97.553,198,637,-8,0,46,ellipse
97.627,199,627,-8,0,46,ellipse
97.661,203,618,-8,0,45,ellipse
97.731,207,612,-8,0,41,ellipse
97.806,207,612,-8,0,41,ellipse
97.841,210,607,-8,0,39,ellipse
97.912,212,607,-16,0,40,ellipse
97.988,212,607,-16,0,40,ellipse
98.032,213,609,-16,0,39,ellipse
98.100,215,612,-16,0,39,ellipse
98.170,215,612,-16,0,40,ellipse
98.210,215,617,-16,0,39,ellipse
98.288,215,620,-8,0,39,ellipse
98.366,215,620,-8,0,39,ellipse
98.400,213,621,-24,0,39,ellipse
98.477,212,624,-24,0,39,ellipse
98.544,212,624,-24,0,40,ellipse
98.589,207,628,-16,0,40,ellipse
98.658,204,630,0,0,41,ellipse
98.734,204,630,0,0,41,ellipse
98.771,201,625,-16,0,41,ellipse
98.846,197,620,-16,0,42,ellipse
98.914,194,616,-16,0,42,ellipse
98.971,194,616,-16,36,0,ellipse
99.031,191,613,-8,0,42,ellipse
99.096,188,608,-8,0,42,ellipse
99.141,188,608,-8,0,42,ellipse
99.219,185,604,-8,33,0,ellipse
99.288,182,602,-8,33,0,ellipse
99.335,180,598,0,51,0,ellipse
99.398,180,598,0,51,0,ellipse
99.479,178,594,-8,0,53,ellipse
99.508,173,592,0,40,0,ellipse
99.585,173,592,0,40,0,ellipse
99.653,168,587,0,0,59,ellipse
99.708,166,583,0,0,59,ellipse
99.776,166,583,0,0,63,ellipse
99.844,166,579,0,0,63,ellipse
99.877,161,576,8,0,63,ellipse
99.959,150,571,16,0,66,ellipse
100.028,150,571,16,0,66,ellipse
100.069,142,564,16,0,66,ellipse
100.138,137,562,16,0,67,ellipse
100.215,137,562,16,0,67,ellipse
100.249,135,564,16,0,67,ellipse
100.329,135,564,0,0,68,ellipse
100.399,135,564,0,0,68,ellipse
100.447,136,566,16,0,69,ellipse
100.510,136,567,16,21,0,ellipse
100.593,136,567,16,21,0,ellipse
100.625,136,569,16,0,71,ellipse
100.703,137,570,16,0,71,ellipse
100.768,137,570,16,0,71,ellipse
100.815,140,571,16,0,70,ellipse
100.884,142,574,16,0,70,ellipse
100.961,142,574,16,0,70,ellipse
100.993,142,574,16,0,70,ellipse
101.071,143,578,8,0,69,ellipse
101.139,141,586,8,0,69,ellipse
101.186,141,586,8,0,69,ellipse
101.250,141,595,16,22,0,ellipse
101.329,144,600,8,22,0,ellipse
101.364,144,600,8,0,71,ellipse
101.445,147,609,8,0,72,ellipse
101.520,150,614,8,0,72,ellipse
101.553,153,611,0,0,73,ellipse
101.621,153,611,0,0,73,ellipse
101.699,155,609,8,0,73,ellipse
101.735,157,605,8,0,74,ellipse
101.812,157,605,8,0,74,ellipse
101.880,159,606,8,0,74,ellipse
101.918,162,612,8,0,74,ellipse
101.996,162,612,8,0,74,ellipse
102.068,162,620,8,0,74,ellipse
102.110,161,625,8,0,74,ellipse
102.179,161,631,16,0,74,ellipse
102.259,161,631,16,0,74,ellipse
102.292,164,632,8,0,74,ellipse
102.360,168,634,8,0,73,ellipse
102.435,168,634,8,0,73,ellipse
102.488,179,635,8,0,72,ellipse
102.562,187,638,0,0,72,ellipse
102.671,187,638,0,0,72,ellipse
102.671,183,651,0,0,72,ellipse
102.736,178,662,0,0,72,ellipse
102.812,178,662,0,0,72,ellipse
102.845,175,669,0,0,71,ellipse
102.921,176,672,0,0,69,ellipse
103.009,176,672,0,0,69,ellipse
103.032,176,673,-16,0,69,ellipse
103.110,179,668,8,0,68,ellipse
103.179,179,668,8,0,68,ellipse
103.225,181,664,-16,0,63,ellipse
103.293,182,660,-16,0,63,ellipse
103.363,187,653,-24,0,55,ellipse
103.400,187,653,-24,0,54,ellipse
103.478,190,645,-24,0,54,ellipse
103.556,191,637,-16,0,49,ellipse
103.588,191,637,-16,0,49,ellipse
103.665,190,631,-24,0,48,ellipse
103.732,188,623,-16,0,48,ellipse
103.780,187,613,-16,0,47,ellipse
103.856,187,613,-16,0,47,ellipse
103.922,186,604,-8,0,47,ellipse
103.971,186,598,-8,0,47,ellipse
104.036,186,598,-8,0,47,ellipse
104.115,182,595,-16,0,47,ellipse
104.144,179,591,-8,0,46,ellipse
104.221,179,591,-8,0,45,ellipse
104.288,176,590,-16,0,45,ellipse
104.344,172,593,-16,0,45,ellipse
104.485,169,596,0,0,45,ellipse
104.485,169,596,0,0,45,ellipse
104.561,168,593,-8,0,44,ellipse
104.590,164,590,-8,0,44,ellipse
104.679,164,590,-8,0,44,ellipse
104.714,160,592,-8,0,44,ellipse
104.777,153,594,-8,0,47,ellipse
104.856,153,594,-8,0,47,ellipse
104.888,144,592,-8,0,47,ellipse
104.957,133,591,-8,0,50,ellipse
105.039,133,591,-8,0,50,ellipse
105.073,126,590,8,0,52,ellipse
105.151,122,590,8,36,0,ellipse
105.214,122,590,8,36,0,ellipse
105.285,120,588,8,0,58,ellipse
105.352,116,585,16,0,58,ellipse
105.405,116,585,16,0,58,ellipse
105.439,117,582,16,0,58,ellipse
105.518,120,576,16,0,58,ellipse
105.591,120,576,16,0,58,ellipse
105.637,121,574,24,0,58,ellipse
105.694,122,573,24,0,58,ellipse
105.772,119,580,24,0,58,ellipse
105.807,119,580,24,0,58,ellipse
105.879,117,586,16,0,58,ellipse
105.955,117,590,16,0,58,ellipse
106.002,117,590,16,0,58,ellipse
106.079,116,594,24,0,59,ellipse
106.142,115,596,16,0,59,ellipse
106.196,117,598,16,0,59,ellipse
106.261,117,598,16,0,59,ellipse
106.328,122,601,16,0,59,ellipse
106.443,127,609,8,0,60,ellipse
106.443,127,609,8,0,61,ellipse
106.508,129,618,16,0,61,ellipse
106.765,132,624,8,0,61,ellipse
106.765,134,629,8,0,62,ellipse
106.765,134,629,8,0,62,ellipse
106.765,139,634,8,0,62,ellipse
106.823,141,640,8,0,61,ellipse
106.887,141,640,8,0,61,ellipse
106.921,137,649,8,0,60,ellipse
106.999,133,656,8,0,60,ellipse
107.067,133,656,8,0,59,ellipse
107.112,130,662,8,0,59,ellipse
107.180,132,665,8,0,59,ellipse
107.253,132,665,8,0,58,ellipse
107.297,139,669,8,0,58,ellipse
107.366,144,671,8,0,58,ellipse
107.445,144,671,8,0,58,ellipse
107.479,146,676,8,0,58,ellipse
107.558,143,681,0,0,58,ellipse
107.627,143,681,0,0,58,ellipse
107.661,141,684,0,0,58,ellipse
107.760,147,682,-8,0,59,ellipse
107.807,147,682,-8,0,59,ellipse
107.850,150,681,-8,0,59,ellipse
107.918,154,680,0,0,58,ellipse
107.996,157,680,-8,0,58,ellipse
108.040,157,680,-8,0,57,ellipse
108.108,156,683,-16,0,56,ellipse
108.185,154,684,-24,0,56,ellipse
108.221,154,684,-24,0,55,ellipse
108.301,152,691,-32,0,55,ellipse
108.400,150,696,-24,0,53,ellipse
108.411,149,688,-24,21,0,ellipse
108.477,149,688,-24,21,0,ellipse
108.548,150,680,-24,0,52,ellipse
108.595,151,674,-39,0,52,ellipse
108.674,151,674,-39,0,49,ellipse
108.742,151,671,-24,0,44,ellipse
108.845,151,666,-16,0,44,ellipse
114.069,148,663,-24,0,45,fwd_back
114.069,148,663,-24,0,45,fwd_back
114.069,145,657,-16,0,41,fwd_back
114.069,144,652,-16,0,33,fwd_back
114.069,144,652,-16,0,33,fwd_back
114.069,143,643,-8,0,32,fwd_back
114.069,143,635,-8,0,32,fwd_back
114.069,143,635,-8,0,32,fwd_back
114.069,138,628,-8,0,34,fwd_back
114.069,137,624,8,0,34,fwd_back
114.069,137,624,8,0,34,fwd_back
114.069,134,621,8,0,32,fwd_back
114.069,132,617,8,0,32,fwd_back
114.069,132,617,8,0,32,fwd_back
114.069,127,611,8,49,0,fwd_back
114.069,121,610,16,49,0,fwd_back
114.069,121,610,16,0,42,fwd_back
114.069,117,609,8,0,42,fwd_back
114.069,115,609,24,0,42,fwd_back
114.069,114,609,24,31,0,fwd_back
114.069,114,609,24,31,0,fwd_back
114.069,114,610,32,0,42,fwd_back
114.069,115,613,32,0,42,fwd_back
114.069,115,613,32,0,41,fwd_back
114.069,111,617,32,0,41,fwd_back
114.069,108,619,39,0,41,fwd_back
114.069,109,622,16,0,41,fwd_back
114.069,109,622,16,0,41,fwd_back
114.069,112,626,16,0,41,fwd_back
114.069,116,630,8,21,0,fwd_back
114.069,120,633,8,26,0,fwd_back
114.069,120,633,8,26,0,fwd_back
114.069,127,634,8,24,0,fwd_back
114.069,134,636,-8,0,46,fwd_back
114.069,134,636,-8,0,46,fwd_back
114.069,144,635,-8,0,46,fwd_back
114.069,152,634,-16,0,46,fwd_back
114.069,152,634,-16,21,0,fwd_back
114.069,149,638,-16,0,48,fwd_back
114.069,147,640,-8,0,48,fwd_back
114.069,147,640,-8,0,49,fwd_back
114.069,146,644,-8,0,49,fwd_back
114.069,143,649,-8,0,52,fwd_back
114.069,143,649,-8,21,0,fwd_back
114.069,137,654,0,21,0,fwd_back
114.069,130,661,8,0,56,fwd_back
114.069,130,661,8,0,56,fwd_back
114.069,124,666,0,25,0,fwd_back
114.069,120,669,0,22,0,fwd_back
114.069,117,672,0,22,0,fwd_back
114.069,117,672,0,25,0,fwd_back
114.069,109,675,0,0,69,fwd_back
114.069,104,679,0,0,69,fwd_back
114.069,104,679,0,32,0,fwd_back
114.069,110,680,0,0,78,fwd_back
114.069,118,677,0,0,78,fwd_back
114.069,128,677,0,0,83,fwd_back
114.069,128,677,0,0,83,fwd_back
114.069,137,678,0,23,0,fwd_back
114.069,145,678,0,25,0,fwd_back
114.069,145,678,0,25,0,fwd_back
114.069,154,678,0,0,96,fwd_back
114.069,161,678,0,0,96,fwd_back
114.069,167,679,0,0,100,fwd_back
114.069,167,679,0,0,100,fwd_back
114.069,171,680,0,0,100,fwd_back
114.069,174,680,0,0,100,fwd_back
114.069,174,680,0,0,100,fwd_back
114.069,177,679,0,0,100,fwd_back
114.069,182,678,0,0,100,fwd_back
114.069,182,678,0,0,100,fwd_back
114.069,189,675,0,0,100,fwd_back
114.069,195,670,0,0,100,fwd_back
114.069,195,670,0,0,100,fwd_back
114.069,200,666,0,0,100,fwd_back
114.069,203,660,0,0,100,fwd_back
114.069,203,660,0,0,100,fwd_back
114.069,205,658,0,0,100,fwd_back
114.069,205,652,0,0,100,fwd_back
114.069,205,652,0,0,100,fwd_back
114.069,199,646,0,0,100,fwd_back
114.069,196,640,0,0,100,fwd_back
114.069,196,637,0,0,100,fwd_back
114.069,196,637,0,0,100,fwd_back
114.069,198,637,0,0,100,fwd_back
114.149,203,639,0,0,100,fwd_back
114.182,203,639,0,0,100,fwd_back
114.259,211,640,0,0,100,fwd_back
114.341,216,641,0,0,100,fwd_back
114.381,220,642,0,0,100,fwd_back
114.449,220,642,0,0,100,fwd_back
114.520,224,642,0,0,100,fwd_back
114.557,231,643,0,0,100,fwd_back
114.635,235,643,0,0,100,fwd_back
114.723,235,643,0,0,100,fwd_back
114.757,239,644,0,0,100,fwd_back
114.823,242,645,0,0,100,fwd_back
114.900,242,645,0,0,100,fwd_back
114.934,244,646,0,0,100,fwd_back
115.012,241,648,0,0,100,fwd_back
115.081,241,648,0,0,100,fwd_back
115.127,239,651,0,0,100,fwd_back
115.202,236,649,0,0,100,fwd_back
115.264,236,649,0,0,100,fwd_back
115.310,237,648,0,0,100,fwd_back
115.390,241,647,0,0,100,fwd_back
115.461,241,647,0,0,100,fwd_back
115.492,244,646,0,0,100,fwd_back
115.570,248,648,0,0,100,fwd_back
115.644,248,648,0,0,100,fwd_back
115.678,250,650,0,0,100,fwd_back
115.757,253,654,0,0,100,fwd_back
115.826,252,656,0,0,100,fwd_back
115.870,252,656,0,0,100,fwd_back
115.941,247,660,0,0,100,fwd_back
116.018,240,668,0,0,100,fwd_back
116.053,240,668,0,0,100,fwd_back
116.130,233,675,0,0,100,fwd_back
116.205,225,684,0,0,100,fwd_back
116.241,218,690,0,0,100,fwd_back
116.319,218,690,0,0,100,fwd_back
116.390,216,692,0,0,100,fwd_back
116.421,215,693,0,29,0,fwd_back
116.499,215,693,0,29,0,fwd_back
116.575,214,692,-8,0,100,fwd_back
116.608,213,691,-16,0,100,fwd_back
116.695,213,688,-16,0,100,fwd_back
116.764,213,688,-16,22,0,fwd_back
116.798,209,686,-16,22,0,fwd_back
116.875,205,684,-24,40,0,fwd_back
116.954,205,684,-24,57,0,fwd_back
117.000,200,682,-24,57,0,fwd_back
117.057,194,678,-24,33,0,fwd_back
117.136,194,678,-24,33,0,fwd_back
117.180,189,676,-16,0,100,fwd_back
117.260,186,675,-8,0,100,fwd_back
117.317,186,675,-8,0,100,fwd_back
117.357,186,672,-16,0,100,fwd_back
117.435,183,667,-16,0,100,fwd_back
117.502,183,667,-16,0,100,fwd_back
117.547,169,654,-16,0,100,fwd_back
117.614,154,642,-8,0,100,fwd_back
117.683,154,642,-8,0,100,fwd_back
117.735,118,612,-8,0,100,fwd_back
117.795,84,585,-8,0,100,fwd_back
117.873,52,559,-8,0,100,fwd_back
117.915,52,559,-8,0,100,fwd_back
117.992,42,545,-8,0,100,fwd_back
118.061,38,538,0,0,100,fwd_back
118.096,38,538,0,0,100,fwd_back
118.176,35,534,0,0,100,fwd_back
118.241,29,530,0,0,100,fwd_back
118.286,25,528,0,0,100,fwd_back
118.354,25,528,0,0,100,fwd_back
118.434,28,528,0,0,100,fwd_back
118.468,36,533,0,0,100,fwd_back
118.544,36,533,0,0,100,fwd_back
118.614,43,539,0,0,100,fwd_back
118.652,39,538,8,0,100,fwd_back
118.731,36,534,8,0,100,fwd_back
118.803,36,534,8,0,100,fwd_back
118.848,27,527,16,0,100,fwd_back
118.912,18,521,8,0,100,fwd_back
118.992,18,521,8,0,100,fwd_back
119.026,18,520,8,0,100,fwd_back
119.101,21,521,16,0,100,fwd_back
119.180,21,521,16,0,100,fwd_back
119.214,25,523,16,0,100,fwd_back
119.282,28,527,24,0,100,fwd_back
119.360,28,527,24,0,97,fwd_back
119.397,30,530,24,0,97,fwd_back
119.463,29,534,32,0,94,fwd_back
119.542,29,534,32,0,89,fwd_back
119.584,31,536,24,0,89,fwd_back
119.651,33,540,24,36,0,fwd_back
119.729,33,540,24,36,0,fwd_back
119.763,37,546,24,0,85,fwd_back
119.837,45,552,16,26,0,fwd_back
119.915,45,552,16,26,0,fwd_back
119.963,55,558,16,0,84,fwd_back
120.018,76,576,24,0,83,fwd_back
120.095,90,581,16,0,83,fwd_back
120.140,90,581,16,0,83,fwd_back
120.219,90,584,24,0,82,fwd_back
120.280,93,590,16,0,82,fwd_back
120.322,93,590,16,0,80,fwd_back
120.390,95,599,16,0,80,fwd_back
120.480,97,610,16,0,77,fwd_back
120.514,103,616,16,0,74,fwd_back
120.580,103,616,16,0,74,fwd_back
120.647,111,618,16,0,71,fwd_back
120.693,119,621,16,0,71,fwd_back
120.766,119,621,16,0,70,fwd_back
120.844,129,622,8,0,66,fwd_back
120.880,140,623,8,0,66,fwd_back
120.957,146,627,8,0,63,fwd_back
121.024,146,627,8,0,63,fwd_back
121.082,151,630,8,0,61,fwd_back
121.138,154,633,8,0,60,fwd_back
121.217,154,633,8,0,60,fwd_back
121.252,155,641,0,0,57,fwd_back
121.344,157,647,0,0,56,fwd_back
121.398,157,647,0,0,56,fwd_back
121.446,160,650,0,0,55,fwd_back
121.518,164,653,0,0,53,fwd_back
121.584,164,653,0,0,53,fwd_back
121.618,169,658,0,0,52,fwd_back
121.697,171,664,0,0,52,fwd_back
121.772,171,664,0,0,47,fwd_back
121.806,173,665,0,0,44,fwd_back
121.885,172,668,-8,0,44,fwd_back
121.953,172,668,-8,0,41,fwd_back
121.987,171,676,-8,0,41,fwd_back
122.066,165,688,-16,0,37,fwd_back
122.142,165,688,-16,0,36,fwd_back
122.187,160,698,-16,0,36,fwd_back
122.259,157,705,-16,0,35,fwd_back
122.324,158,712,-16,0,35,fwd_back
122.368,158,712,-16,0,34,fwd_back
122.440,159,721,-24,0,33,fwd_back
122.515,161,732,-24,0,33,fwd_back
122.549,161,732,-24,0,33,fwd_back
122.620,159,738,-32,0,33,fwd_back
122.699,160,742,-24,0,33,fwd_back
122.742,162,744,-32,0,31,fwd_back
122.809,162,744,-32,0,31,fwd_back
122.888,164,743,-32,0,31,fwd_back
122.921,167,741,-24,28,0,fwd_back
122.999,167,741,-24,28,0,fwd_back
123.062,169,740,-24,0,22,fwd_back
123.107,168,739,-32,0,22,fwd_back
123.183,164,738,-24,0,22,fwd_back
123.252,164,738,-24,0,22,fwd_back
123.288,161,735,-24,0,22,fwd_back
123.367,153,732,-24,31,0,fwd_back
123.442,153,732,-24,0,30,fwd_back
123.496,146,728,-16,0,30,fwd_back
123.552,143,720,-8,0,21,fwd_back
123.623,143,720,-8,0,21,fwd_back
123.657,137,712,-24,35,0,fwd_back
123.738,134,704,-8,45,0,fwd_back
123.804,134,704,-8,45,0,fwd_back
123.851,132,696,-8,40,0,fwd_back
123.922,132,689,-8,67,0,fwd_back
123.988,132,689,-8,67,0,fwd_back
124.033,132,680,-8,0,44,fwd_back
124.099,132,673,0,0,44,fwd_back
124.179,132,673,0,0,47,fwd_back
124.212,135,668,0,0,50,fwd_back
124.292,138,664,0,0,50,fwd_back
124.359,138,664,0,0,54,fwd_back
124.412,138,660,0,0,54,fwd_back
124.465,137,657,0,0,57,fwd_back
124.541,136,654,0,0,62,fwd_back
124.578,136,654,0,0,62,fwd_back
124.655,137,651,0,0,67,fwd_back
124.733,137,647,0,0,67,fwd_back
124.768,137,647,0,0,71,fwd_back
124.846,133,646,0,0,76,fwd_back
124.925,130,645,0,0,76,fwd_back
124.959,128,642,0,0,79,fwd_back
125.027,128,642,0,34,0,fwd_back
125.104,127,640,8,34,0,fwd_back
125.152,127,639,24,78,0,fwd_back
125.216,127,639,24,0,92,fwd_back
125.283,127,638,24,0,92,fwd_back
125.338,131,640,24,0,93,fwd_back
125.397,131,640,24,0,93,fwd_back
125.475,132,645,16,0,93,fwd_back
125.515,138,649,16,26,0,fwd_back
125.585,143,651,24,26,0,fwd_back
125.664,143,651,24,26,0,fwd_back
125.698,146,653,24,26,0,fwd_back
125.767,150,655,24,28,0,fwd_back
125.845,150,655,24,0,97,fwd_back
125.877,156,654,24,0,97,fwd_back
125.955,160,654,32,0,97,fwd_back
126.025,160,654,32,0,97,fwd_back
126.061,165,660,16,0,98,fwd_back
126.150,169,667,16,0,99,fwd_back
126.213,169,667,16,0,99,fwd_back
126.256,174,670,16,0,99,fwd_back
126.333,175,674,16,0,100,fwd_back
126.404,175,674,16,0,100,fwd_back
126.442,174,682,16,0,100,fwd_back
126.511,173,687,16,0,100,fwd_back
126.589,173,687,16,0,100,fwd_back
126.622,173,689,8,0,100,fwd_back
126.689,171,688,8,0,100,fwd_back
126.769,171,688,8,0,100,fwd_back
126.802,171,688,8,0,100,fwd_back
126.880,176,691,8,0,100,fwd_back
126.960,179,698,8,0,100,fwd_back
126.994,179,698,8,0,100,fwd_back
127.075,180,702,0,0,100,fwd_back
127.141,175,709,0,0,100,fwd_back
127.189,171,711,0,0,100,fwd_back
127.253,171,711,0,0,100,fwd_back
127.331,164,720,0,0,100,fwd_back
127.369,148,728,0,0,100,fwd_back
127.448,148,728,0,0,100,fwd_back
127.513,109,742,0,0,100,fwd_back
127.559,110,751,0,0,99,fwd_back
127.633,110,751,0,0,95,fwd_back
127.695,105,758,0,0,95,fwd_back
127.739,93,777,0,0,90,fwd_back
127.806,67,819,0,0,83,fwd_back
127.889,67,819,0,0,83,fwd_back
127.920,69,831,0,0,76,fwd_back
127.999,69,845,0,0,76,fwd_back
128.061,69,845,0,0,72,fwd_back
128.101,69,845,-8,0,68,fwd_back
128.171,67,848,-16,0,68,fwd_back
128.261,67,848,-16,0,65,fwd_back
128.294,69,849,-16,0,65,fwd_back
128.367,73,846,-16,0,62,fwd_back
128.433,73,846,-16,0,62,fwd_back
128.478,78,844,-24,0,58,fwd_back
128.545,82,844,-32,0,53,fwd_back
128.613,82,844,-32,0,53,fwd_back
128.659,87,841,-24,0,48,fwd_back
128.737,92,834,-32,24,0,fwd_back
128.802,92,834,-32,24,0,fwd_back
128.840,98,828,-32,0,39,fwd_back
128.930,103,826,-24,0,21,fwd_back
128.991,104,821,-32,0,21,fwd_back
129.035,104,821,-32,0,21,fwd_back
129.116,104,817,-24,0,21,fwd_back
129.194,105,809,-16,0,21,fwd_back
129.217,105,809,-16,0,24,fwd_back
129.297,107,800,-16,0,24,fwd_back
129.362,111,794,-8,0,26,fwd_back
129.406,117,787,-8,0,28,fwd_back
129.474,117,787,-8,0,28,fwd_back
129.552,120,780,-8,0,31,fwd_back
129.589,121,775,-8,0,31,fwd_back
129.663,121,775,-8,0,34,fwd_back
129.740,120,766,0,0,34,fwd_back
129.772,121,759,0,0,36,fwd_back
129.850,121,759,0,0,40,fwd_back
129.927,124,752,0,0,40,fwd_back
129.961,123,747,0,0,44,fwd_back
130.025,118,745,0,0,47,fwd_back
130.184,118,745,0,0,47,fwd_back
130.184,110,742,0,0,51,fwd_back
130.213,105,740,0,0,54,fwd_back
130.291,105,740,0,0,54,fwd_back
130.325,105,737,0,0,57,fwd_back
130.400,107,733,0,0,57,fwd_back
130.468,107,733,0,0,59,fwd_back
130.515,112,723,0,0,60,fwd_back
130.591,115,711,0,0,60,fwd_back
130.655,115,711,0,0,62,fwd_back
130.696,115,698,0,0,62,fwd_back
130.772,114,690,0,0,64,fwd_back
130.843,114,690,0,0,66,fwd_back
130.882,112,685,0,0,66,fwd_back
130.964,110,683,0,0,69,fwd_back
131.032,110,683,0,0,69,fwd_back
131.065,108,682,0,0,72,fwd_back
131.147,108,681,0,0,74,fwd_back
131.233,108,681,0,0,74,fwd_back
131.256,108,682,0,0,76,fwd_back
131.330,106,683,0,0,78,fwd_back
131.397,106,678,0,0,78,fwd_back
131.441,106,678,0,0,80,fwd_back
131.518,106,667,0,0,81,fwd_back
131.582,106,652,0,0,81,fwd_back
131.629,106,652,0,42,0,fwd_back
131.703,107,637,8,42,0,fwd_back
131.777,110,628,8,0,90,fwd_back
131.809,112,627,16,0,91,fwd_back
131.888,112,627,16,0,91,fwd_back
131.968,112,627,16,0,93,fwd_back
132.002,113,626,8,0,93,fwd_back
132.070,113,626,8,0,94,fwd_back
132.138,113,626,24,0,95,fwd_back
132.182,112,628,24,0,95,fwd_back
132.259,115,630,24,24,0,fwd_back
132.327,115,630,24,24,0,fwd_back
132.365,121,631,24,0,98,fwd_back
132.442,126,631,24,0,99,fwd_back
132.507,126,631,24,0,99,fwd_back
132.549,130,632,24,0,100,fwd_back
132.626,131,638,24,0,100,fwd_back
132.699,131,638,24,0,100,fwd_back
132.737,133,645,24,0,100,fwd_back
132.807,137,650,24,0,100,fwd_back
132.885,137,650,24,0,100,fwd_back
132.918,142,655,16,0,100,fwd_back
132.996,147,661,16,0,100,fwd_back
133.075,147,661,16,0,100,fwd_back
133.109,149,666,8,0,100,fwd_back
133.188,154,672,8,0,100,fwd_back
133.255,154,672,8,0,100,fwd_back
133.302,156,679,0,0,100,fwd_back
133.367,157,686,0,0,100,fwd_back
133.437,157,686,0,0,100,fwd_back
133.482,159,693,0,0,100,fwd_back
133.548,160,700,0,0,97,fwd_back
133.625,163,704,0,0,97,fwd_back
133.661,163,704,0,0,94,fwd_back
133.739,165,707,0,0,91,fwd_back
133.818,167,711,0,0,91,fwd_back
133.862,167,711,0,0,86,fwd_back
133.988,169,714,0,0,82,fwd_back
134.006,172,717,-8,0,82,fwd_back
134.039,174,721,-8,0,78,fwd_back
139.285,174,721,-8,0,74,head_only
139.285,176,727,-8,0,74,head_only
139.285,180,731,-16,0,70,head_only
139.285,180,731,-16,0,70,head_only
139.285,183,733,-16,0,67,head_only
139.285,188,733,-24,0,65,head_only
139.285,195,731,-24,0,65,head_only
139.285,195,731,-24,0,63,head_only
139.285,196,731,-32,0,63,head_only
139.285,185,731,-32,0,60,head_only
139.285,185,731,-32,23,0,head_only
139.285,175,731,-16,23,0,head_only
139.285,160,732,-24,0,58,head_only
139.285,160,732,-24,0,58,head_only
139.285,128,735,-24,0,56,head_only
139.285,86,732,-32,0,53,head_only
139.285,86,732,-32,0,53,head_only
139.285,52,730,-8,0,54,head_only
139.285,41,717,-8,0,56,head_only
139.285,41,717,-8,0,56,head_only
139.285,43,709,-8,0,58,head_only
139.285,46,706,0,0,57,head_only
139.285,46,706,0,0,57,head_only
139.285,49,704,0,0,57,head_only
139.285,52,702,0,0,57,head_only
139.285,54,699,0,0,55,head_only
139.285,54,699,0,0,54,head_only
139.285,58,698,0,0,54,head_only
139.285,59,698,0,0,54,head_only
139.285,59,698,0,0,54,head_only
139.285,62,697,0,0,54,head_only
139.285,66,696,0,0,53,head_only
139.285,70,695,0,0,53,head_only
139.285,70,695,0,0,53,head_only
139.285,73,695,0,0,53,head_only
139.285,75,697,0,0,52,head_only
139.285,77,700,0,0,52,head_only
139.285,77,700,0,0,52,head_only
139.285,78,702,0,0,53,head_only
139.285,81,701,0,0,54,head_only
139.285,81,701,0,0,54,head_only
139.285,83,702,0,0,56,head_only
139.285,85,703,0,0,57,head_only
139.285,85,703,0,0,57,head_only
139.285,89,704,0,0,58,head_only
139.285,90,701,0,0,59,head_only
139.285,90,701,0,0,59,head_only
139.285,92,699,0,0,60,head_only
139.285,97,698,0,0,60,head_only
139.285,97,698,0,0,60,head_only
139.285,105,697,0,0,61,head_only
139.285,111,696,0,0,61,head_only
139.285,111,696,0,0,63,head_only
139.285,116,693,0,0,63,head_only
139.285,124,688,0,0,64,head_only
139.285,130,683,0,0,65,head_only
139.285,130,683,0,0,65,head_only
139.285,134,680,0,0,67,head_only
139.285,137,678,0,0,67,head_only
139.285,137,678,0,0,69,head_only
139.285,138,679,0,0,71,head_only
139.285,136,682,0,0,71,head_only
139.285,128,684,0,0,72,head_only
139.285,128,684,0,0,73,head_only
139.285,111,680,0,0,73,head_only
139.285,94,675,0,0,74,head_only
139.285,94,675,0,0,76,head_only
139.285,75,671,0,0,76,head_only
139.285,71,670,0,0,77,head_only
139.285,64,668,0,0,77,head_only
139.285,64,668,0,0,78,head_only
139.285,53,664,0,0,79,head_only
139.285,43,661,0,0,79,head_only
139.285,43,661,0,0,81,head_only
139.285,38,660,0,0,81,head_only
139.285,31,657,0,0,80,head_only
139.285,31,657,0,0,80,head_only
139.285,19,653,0,0,80,head_only
139.285,10,650,0,0,81,head_only
139.285,10,650,0,0,81,head_only
139.285,10,649,0,0,81,head_only
139.285,18,644,0,0,79,head_only
139.285,18,644,0,0,79,head_only
139.285,26,639,0,0,77,head_only
139.328,31,634,0,0,74,head_only
139.407,36,633,0,0,74,head_only
139.441,36,633,0,0,74,head_only
139.521,40,634,0,0,73,head_only
139.597,41,637,0,0,73,head_only
139.633,41,637,0,0,71,head_only
139.700,45,637,0,0,69,head_only
139.775,50,637,0,0,69,head_only
139.821,56,636,0,0,68,head_only
139.891,56,636,0,0,68,head_only
139.972,65,634,0,0,67,head_only
140.000,76,632,0,0,67,head_only
140.079,76,632,0,0,67,head_only
140.157,106,629,0,0,67,head_only
140.189,123,632,0,0,67,head_only
140.257,125,634,0,0,67,head_only
140.334,125,634,0,0,67,head_only
140.379,125,637,0,0,67,head_only
140.447,118,640,0,0,66,head_only
140.527,118,640,0,0,66,head_only
140.563,112,640,-8,0,64,head_only
140.636,99,642,0,0,63,head_only
140.704,99,642,0,0,63,head_only
140.749,71,640,0,0,62,head_only
140.817,-8,633,0,0,61,head_only
140.892,-8,633,0,0,61,head_only
140.936,1,637,0,0,61,head_only
141.001,8,639,0,0,59,head_only
141.088,8,639,0,0,59,head_only
141.122,16,641,0,0,59,head_only
141.199,25,642,0,0,59,head_only
141.265,25,642,0,0,57,head_only
141.309,32,640,0,0,56,head_only
141.388,39,638,0,0,56,head_only
141.455,44,636,8,0,55,head_only
141.503,44,636,8,0,55,head_only
141.567,47,635,0,0,53,head_only
141.647,52,634,-8,0,51,head_only
141.690,58,632,0,0,51,head_only
141.789,58,632,0,0,51,head_only
141.852,65,631,0,0,51,head_only
141.904,67,631,0,0,52,head_only
141.961,67,631,0,0,53,head_only
142.019,71,631,0,0,53,head_only
142.061,76,633,0,0,54,head_only
142.130,80,636,0,0,55,head_only
142.220,80,636,0,0,55,head_only
142.243,83,636,0,0,55,head_only
142.314,90,634,0,0,55,head_only
142.392,90,634,0,0,55,head_only
142.431,96,630,0,0,54,head_only
142.496,99,628,8,0,54,head_only
142.568,99,628,8,0,55,head_only
142.609,97,631,8,0,54,head_only
142.689,93,633,0,0,54,head_only
142.770,93,633,0,0,53,head_only
142.793,90,636,0,0,53,head_only
142.863,83,637,0,0,53,head_only
142.951,83,637,0,0,52,head_only
142.982,76,640,0,0,52,head_only
143.062,64,641,0,0,53,head_only
143.141,64,641,0,0,53,head_only
143.163,53,644,0,0,52,head_only
143.242,45,644,0,0,52,head_only
143.319,45,644,0,0,52,head_only
143.358,40,645,0,0,51,head_only
143.424,33,643,8,0,52,head_only
143.503,31,640,0,0,52,head_only
143.536,31,640,0,0,52,head_only
143.615,29,639,8,0,52,head_only
143.682,30,639,0,0,52,head_only
143.729,30,639,0,0,55,head_only
143.805,34,641,0,0,55,head_only
143.869,40,641,0,0,55,head_only
143.915,46,643,0,0,55,head_only
143.996,46,643,0,0,55,head_only
144.057,52,639,0,0,54,head_only
144.099,58,633,0,0,54,head_only
144.168,58,633,0,0,54,head_only
144.248,59,631,0,0,54,head_only
144.282,64,626,0,0,54,head_only
144.350,64,626,0,0,55,head_only
144.429,63,625,-8,0,55,head_only
144.463,58,624,-16,0,54,head_only
144.543,53,626,-8,0,55,head_only
144.615,53,626,-8,0,55,head_only
144.656,44,629,8,0,54,head_only
144.726,37,633,0,0,56,head_only
144.791,37,633,0,0,56,head_only
144.834,27,638,8,0,57,head_only
144.902,18,643,0,0,57,head_only
144.986,18,643,0,0,57,head_only
145.020,5,649,8,0,59,head_only
145.093,-25,662,0,0,59,head_only
145.163,-25,662,0,0,61,head_only
145.214,-37,675,0,21,0,head_only
145.283,-34,680,0,21,0,head_only
145.359,-34,680,0,35,0,head_only
145.390,-30,682,0,35,0,head_only
145.472,-20,680,0,0,72,head_only
145.548,-20,680,0,0,75,head_only
145.582,-11,675,0,0,75,head_only
145.647,-4,672,0,0,76,head_only
145.729,2,669,0,0,76,head_only
145.763,2,669,0,0,77,head_only
145.841,7,667,0,22,0,head_only
145.908,10,667,0,22,0,head_only
145.945,10,667,0,0,78,head_only
146.020,15,666,0,0,78,head_only
146.100,18,663,0,0,78,head_only
146.133,18,663,0,0,78,head_only
146.204,20,660,0,0,82,head_only
146.282,23,659,0,0,82,head_only
146.313,25,660,0,33,0,head_only
146.392,25,660,0,33,0,head_only
146.471,28,660,0,21,0,head_only
146.505,34,661,0,21,0,head_only
146.571,34,661,0,0,86,head_only
146.648,40,660,0,0,86,head_only
146.698,51,658,0,0,86,head_only
146.759,62,655,8,0,87,head_only
146.835,62,655,8,0,87,head_only
146.878,88,655,0,0,89,head_only
146.940,100,655,8,0,89,head_only
147.019,100,655,8,0,89,head_only
147.066,93,653,8,0,91,head_only
147.126,85,652,0,0,92,head_only
147.200,85,652,0,0,92,head_only
147.242,73,657,8,0,92,head_only
147.328,63,661,0,0,93,head_only
147.387,63,661,0,0,93,head_only
147.437,65,662,-8,0,93,head_only
147.509,71,662,-8,0,93,head_only
147.592,71,662,-8,0,93,head_only
147.618,76,663,0,0,95,head_only
147.685,78,661,0,0,95,head_only
147.772,78,661,0,0,94,head_only
147.794,78,660,0,0,94,head_only
147.892,73,661,0,0,94,head_only
147.957,73,661,0,0,94,head_only
147.985,66,658,0,0,94,head_only
148.068,56,657,0,0,94,head_only
148.133,45,655,-8,0,94,head_only
148.177,45,655,-8,0,96,head_only
148.256,18,646,-8,0,95,head_only
148.327,1,642,-8,0,95,head_only
148.362,1,642,-8,0,95,head_only
148.427,1,642,0,0,96,head_only
148.496,10,646,8,0,96,head_only
148.553,21,655,8,0,96,head_only
148.608,21,655,8,0,96,head_only
148.688,35,667,8,0,96,head_only
148.722,45,680,8,0,94,head_only
148.792,45,680,8,0,94,head_only
148.884,56,687,0,0,92,head_only
148.907,60,690,8,0,92,head_only
148.975,60,690,8,0,92,head_only
149.055,60,692,0,0,90,head_only
149.089,59,693,0,0,90,head_only
149.167,58,694,8,0,89,head_only
149.233,58,694,8,24,0,head_only
149.400,60,694,8,24,0,head_only
149.400,65,694,0,0,87,head_only
149.431,65,694,0,0,87,head_only
149.465,68,690,0,0,83,head_only
149.545,69,689,0,0,81,head_only
149.608,69,689,0,0,81,head_only
149.652,71,688,0,0,80,head_only
149.727,70,689,0,0,79,head_only
149.794,70,689,0,0,79,head_only
149.843,68,689,0,0,77,head_only
149.908,68,691,0,0,76,head_only
150.017,68,691,0,0,76,head_only
150.017,71,691,0,0,76,head_only
150.094,79,689,0,0,76,head_only
150.172,79,689,0,0,74,head_only
150.218,86,686,-8,0,72,head_only
150.275,68,677,-8,0,72,head_only
150.354,48,666,0,0,69,head_only
150.396,48,666,0,0,69,head_only
150.475,52,656,0,0,67,head_only
150.546,58,658,0,0,67,head_only
150.577,58,658,0,0,67,head_only
150.658,66,658,0,0,69,head_only
150.725,87,662,0,0,69,head_only
150.790,102,665,0,0,68,head_only
150.837,102,665,0,0,69,head_only
150.901,106,667,0,0,69,head_only
150.946,109,668,0,0,70,head_only
151.013,109,668,0,27,0,head_only
151.089,110,667,-8,27,0,head_only
151.133,109,670,0,0,70,head_only
151.208,109,670,0,0,70,head_only
151.289,111,674,0,0,69,head_only
151.312,113,678,0,0,69,head_only
151.419,112,680,0,0,69,head_only
151.459,112,680,0,0,68,head_only
151.514,115,684,0,0,68,head_only
151.573,115,683,0,0,68,head_only
151.659,115,683,0,0,66,head_only
151.692,112,679,0,0,66,head_only
151.775,111,672,0,0,66,head_only
151.843,111,672,0,0,66,head_only
151.891,110,667,0,0,65,head_only
151.943,107,665,0,0,67,head_only
152.039,107,665,0,0,67,head_only
152.055,108,667,8,0,67,head_only
152.132,109,670,8,0,68,head_only
152.231,109,670,8,0,68,head_only
152.243,113,671,8,17,0,head_only
152.312,115,673,8,0,70,head_only
152.384,115,673,8,0,70,head_only
152.423,111,676,16,0,70,head_only
152.501,106,676,0,0,70,head_only
152.570,106,676,0,0,73,head_only
152.625,104,677,0,0,75,head_only
152.681,107,678,0,0,75,head_only
152.750,113,679,-8,0,75,head_only
152.795,113,679,-8,0,75,head_only
152.874,119,680,0,0,77,head_only
152.942,123,681,0,0,77,head_only
152.978,123,681,0,0,77,head_only
153.056,123,681,0,0,78,head_only
153.132,118,686,0,0,78,head_only
153.164,114,690,0,0,77,head_only
153.243,114,690,0,0,76,head_only
153.314,103,697,0,0,76,head_only
153.355,94,703,0,0,75,head_only
153.430,94,703,0,0,76,head_only
153.497,88,706,0,0,76,head_only
153.541,78,707,0,0,75,head_only
153.608,71,704,0,0,75,head_only
153.686,71,704,0,0,75,head_only
153.735,67,701,-8,0,75,head_only
153.798,68,698,0,0,75,head_only
153.867,68,698,0,0,75,head_only
153.926,72,696,0,37,0,head_only
153.983,78,693,0,37,0,head_only
154.052,78,693,0,27,0,head_only
154.092,79,693,-8,27,0,head_only
154.161,82,694,0,0,77,head_only
154.240,82,694,0,0,76,head_only
154.278,90,697,0,0,76,head_only
154.348,99,699,0,0,76,head_only
154.425,99,699,0,0,76,head_only
154.468,102,699,0,0,78,head_only
154.538,100,697,8,0,78,head_only
154.615,100,697,8,0,78,head_only
154.648,96,696,0,0,75,head_only
154.731,95,693,-8,0,76,head_only
154.801,95,693,-8,0,76,head_only
154.832,97,691,-8,0,76,head_only
154.910,102,690,0,0,75,head_only
155.004,108,690,0,0,75,head_only
155.027,108,690,0,0,73,head_only
155.087,114,693,0,0,73,head_only
155.166,118,695,0,0,73,head_only
155.209,118,695,0,0,73,head_only
155.291,126,696,0,0,73,head_only
155.382,133,699,0,0,73,head_only
155.396,139,699,0,0,73,head_only
155.475,139,699,0,0,73,head_only
155.540,142,699,8,0,74,head_only
155.577,147,698,8,0,74,head_only
155.652,147,698,8,0,74,head_only
155.730,147,694,0,0,74,head_only
155.764,143,692,8,0,74,head_only
155.843,137,695,0,0,75,head_only
155.913,137,695,0,0,75,head_only
155.954,126,694,8,0,75,head_only
156.023,118,694,8,0,77,head_only
156.102,118,694,8,0,77,head_only
156.136,116,694,0,22,0,head_only
156.212,116,694,0,0,81,head_only
156.279,116,694,0,0,81,head_only
156.325,118,693,0,0,78,head_only
156.398,119,691,0,0,78,head_only
156.466,119,691,0,0,77,head_only
156.512,120,693,8,0,74,head_only
156.582,125,694,0,0,74,head_only
156.647,125,694,0,0,72,head_only
156.693,130,695,0,0,72,head_only
156.763,131,694,0,0,74,head_only
156.835,131,694,0,0,74,head_only
156.871,126,693,0,0,74,head_only
156.946,117,691,0,0,75,head_only
157.016,117,691,0,0,75,head_only
157.069,110,688,0,0,74,head_only
157.137,99,683,-8,0,75,head_only
157.201,86,681,-8,0,75,head_only
157.246,86,681,-8,0,76,head_only
157.313,57,679,0,0,79,head_only
157.392,65,673,0,0,79,head_only
157.426,65,673,0,22,0,head_only
157.516,70,671,0,0,84,head_only
157.584,75,670,-8,0,84,head_only
157.621,82,670,0,0,84,head_only
157.697,82,670,0,0,84,head_only
157.764,87,673,0,0,84,head_only
157.816,89,673,-8,0,84,head_only
157.872,89,673,-8,0,86,head_only
157.951,93,673,-8,0,81,head_only
157.996,95,670,-8,0,81,head_only
158.057,93,668,0,0,79,head_only
158.131,93,668,0,0,79,head_only
158.173,91,664,0,0,79,head_only
158.249,88,663,0,0,79,head_only
158.320,88,663,0,0,79,head_only
158.353,84,664,0,0,78,head_only
158.437,82,667,0,0,75,head_only
158.505,82,667,0,0,75,head_only
158.539,81,667,0,0,75,head_only
158.615,79,667,0,0,75,head_only
158.692,79,667,0,0,75,head_only
158.726,74,667,-8,0,76,head_only
158.804,71,668,0,0,76,head_only
158.873,71,668,0,0,76,head_only
158.910,72,669,8,0,75,head_only
158.987,71,670,-8,0,75,head_only
159.054,71,670,-8,0,77,head_only
159.101,69,668,-16,0,77,head_only
159.171,68,668,0,0,79,head_only
159.236,68,668,0,0,78,head_only
159.280,66,669,0,0,78,head_only
164.501,66,671,0,0,79,natural_typing
164.501,69,671,0,0,79,natural_typing
164.501,69,671,0,0,79,natural_typing
164.501,69,668,8,0,80,natural_typing
164.501,67,671,8,0,80,natural_typing
164.501,67,671,8,0,81,natural_typing
164.501,68,672,0,0,83,natural_typing
164.501,74,672,0,0,83,natural_typing
164.501,78,671,0,0,83,natural_typing
164.501,78,671,0,0,81,natural_typing
164.501,78,668,0,0,81,natural_typing
164.501,77,665,0,0,79,natural_typing
164.501,77,665,0,0,76,natural_typing
164.501,71,660,-8,0,76,natural_typing
164.501,67,656,0,0,76,natural_typing
164.501,58,654,-16,0,76,natural_typing
164.501,58,654,-16,0,81,natural_typing
164.501,47,651,-16,0,81,natural_typing
164.501,32,644,-8,0,85,natural_typing
164.501,32,644,-8,0,89,natural_typing
164.501,16,636,0,0,89,natural_typing
164.501,-32,612,0,0,93,natural_typing
164.501,-32,612,0,0,93,natural_typing
164.501,-33,597,0,0,94,natural_typing
164.501,-26,598,0,0,94,natural_typing
164.501,-26,598,0,0,94,natural_typing
164.501,19,604,0,0,93,natural_typing
164.501,111,622,-8,21,0,natural_typing
164.501,111,622,-8,21,0,natural_typing
164.501,166,632,0,0,97,natural_typing
164.501,220,637,0,0,96,natural_typing
164.501,220,637,0,0,96,natural_typing
164.501,250,644,0,0,93,natural_typing
164.501,297,633,0,0,94,natural_typing
164.501,342,620,0,0,94,natural_typing
164.501,342,620,0,0,92,natural_typing
164.501,359,607,0,0,92,natural_typing
164.501,321,610,0,0,90,natural_typing
164.501,301,609,0,0,90,natural_typing
164.501,301,609,0,0,90,natural_typing
164.501,274,604,0,0,88,natural_typing
164.501,246,598,0,0,88,natural_typing
164.501,246,598,0,0,88,natural_typing
164.501,194,579,0,0,88,natural_typing
164.501,158,568,0,0,88,natural_typing
164.501,152,566,0,0,89,natural_typing
164.501,152,566,0,0,89,natural_typing
164.501,149,570,0,0,90,natural_typing
164.501,152,573,0,0,93,natural_typing
164.501,152,573,0,0,93,natural_typing
164.501,164,571,0,0,98,natural_typing
164.501,204,567,0,0,100,natural_typing
164.501,204,567,0,0,100,natural_typing
164.501,236,568,0,0,100,natural_typing
164.501,282,577,0,0,100,natural_typing
164.501,282,577,0,0,100,natural_typing
164.501,289,586,0,0,100,natural_typing
164.501,299,590,0,0,100,natural_typing
164.501,299,590,0,0,100,natural_typing
164.501,295,592,0,0,100,natural_typing
164.501,294,595,0,0,100,natural_typing
164.501,294,595,0,0,100,natural_typing
164.501,296,598,0,0,100,natural_typing
164.501,300,599,0,0,100,natural_typing
164.501,305,600,0,0,100,natural_typing
164.501,305,600,0,0,100,natural_typing
164.501,311,601,0,0,100,natural_typing
164.501,319,600,0,0,100,natural_typing
164.501,326,597,0,0,100,natural_typing
164.501,326,597,0,0,100,natural_typing
164.501,334,593,0,0,100,natural_typing
164.501,315,583,0,0,100,natural_typing
164.501,315,583,0,0,100,natural_typing
164.501,295,572,0,0,100,natural_typing
164.501,271,560,0,0,100,natural_typing
164.501,254,554,0,0,100,natural_typing
164.501,254,554,0,0,100,natural_typing
164.501,244,550,8,0,100,natural_typing
164.501,231,551,16,27,0,natural_typing
164.501,231,551,16,27,0,natural_typing
164.501,216,553,24,0,100,natural_typing
164.501,204,557,16,0,100,natural_typing
164.501,204,557,16,0,100,natural_typing
164.513,191,563,8,0,100,natural_typing
164.588,183,565,8,0,100,natural_typing
164.656,183,565,8,0,100,natural_typing
164.702,178,555,0,0,100,natural_typing
164.768,184,539,0,0,100,natural_typing
164.846,184,539,0,0,100,natural_typing
164.880,172,527,-8,0,100,natural_typing
164.959,174,523,0,0,100,natural_typing
165.028,174,523,0,0,100,natural_typing
165.064,178,526,0,0,100,natural_typing
165.140,175,533,0,0,100,natural_typing
165.219,163,538,0,0,100,natural_typing
165.263,163,538,0,22,0,natural_typing
165.343,148,544,0,0,100,natural_typing
165.400,137,549,0,0,100,natural_typing
165.436,137,549,0,0,100,natural_typing
165.514,147,552,0,0,100,natural_typing
165.592,178,559,0,0,100,natural_typing
165.637,203,567,0,0,100,natural_typing
165.704,203,567,0,0,100,natural_typing
165.780,220,576,0,0,100,natural_typing
165.828,237,597,0,0,100,natural_typing
165.889,240,616,0,0,100,natural_typing
165.964,240,616,0,0,100,natural_typing
166.007,244,625,0,0,100,natural_typing
166.085,248,624,0,0,100,natural_typing
166.156,248,624,0,0,100,natural_typing
166.186,245,623,0,0,100,natural_typing
166.266,228,621,0,0,100,natural_typing
166.346,228,621,0,0,100,natural_typing
166.380,212,617,0,0,100,natural_typing
166.449,202,616,0,0,100,natural_typing
166.527,202,616,0,0,100,natural_typing
166.560,197,613,0,0,100,natural_typing
166.638,200,611,0,0,100,natural_typing
166.715,200,611,0,0,100,natural_typing
166.758,202,613,0,0,100,natural_typing
166.828,205,620,0,0,100,natural_typing
166.893,205,620,0,0,100,natural_typing
166.938,208,628,0,0,100,natural_typing
167.004,211,635,0,0,100,natural_typing
167.093,209,639,0,0,100,natural_typing
167.116,209,639,0,0,100,natural_typing
167.193,204,640,0,0,100,natural_typing
167.271,200,635,-8,0,100,natural_typing
167.305,200,635,-8,0,100,natural_typing
167.384,201,625,-16,0,100,natural_typing
167.452,202,615,8,0,97,natural_typing
167.489,206,610,0,0,97,natural_typing
167.564,206,610,0,0,94,natural_typing
167.640,208,603,0,0,91,natural_typing
167.687,209,600,0,0,91,natural_typing
167.764,209,600,0,0,88,natural_typing
167.824,212,602,0,0,88,natural_typing
167.867,215,614,0,0,87,natural_typing
167.935,217,630,0,25,0,natural_typing
168.023,217,630,0,25,0,natural_typing
168.056,212,681,0,27,0,natural_typing
168.124,205,722,0,0,89,natural_typing
168.202,205,722,0,0,89,natural_typing
168.236,202,739,0,0,90,natural_typing
168.315,202,745,0,0,92,natural_typing
168.383,202,745,0,0,92,natural_typing
168.419,199,743,0,0,93,natural_typing
168.496,200,741,0,0,93,natural_typing
168.568,200,741,0,40,0,natural_typing
168.606,205,741,0,24,0,natural_typing
168.684,214,737,0,24,0,natural_typing
168.748,214,737,0,26,0,natural_typing
168.791,221,731,0,26,0,natural_typing
168.866,225,719,-8,0,98,natural_typing
168.936,225,719,-8,0,95,natural_typing
168.977,228,706,0,0,95,natural_typing
169.054,226,691,0,0,95,natural_typing
169.123,226,691,0,0,95,natural_typing
169.157,226,658,0,0,95,natural_typing
169.235,236,654,-8,0,93,natural_typing
169.303,240,654,0,0,93,natural_typing
169.347,240,654,0,0,93,natural_typing
169.424,247,654,0,0,93,natural_typing
169.500,252,654,0,0,93,natural_typing
169.537,252,654,0,0,94,natural_typing
169.611,260,650,0,0,95,natural_typing
169.679,266,648,0,0,95,natural_typing
169.753,261,651,0,0,99,natural_typing
169.796,261,651,0,0,99,natural_typing
169.870,257,654,0,0,100,natural_typing
169.918,261,649,0,0,100,natural_typing
169.988,261,649,0,0,100,natural_typing
170.057,265,646,0,0,100,natural_typing
170.102,264,647,0,0,100,natural_typing
170.205,263,649,0,0,100,natural_typing
170.242,263,649,0,0,100,natural_typing
170.281,263,652,0,0,100,natural_typing
170.355,265,657,0,0,100,natural_typing
170.442,265,657,0,0,100,natural_typing
170.492,269,660,0,0,100,natural_typing
170.547,274,666,0,0,100,natural_typing
170.613,274,666,0,0,100,natural_typing
170.658,274,671,0,0,100,natural_typing
170.725,272,678,0,0,100,natural_typing
170.809,272,678,0,0,100,natural_typing
170.831,264,683,0,0,100,natural_typing
170.904,252,684,-8,0,100,natural_typing
170.977,252,684,-8,0,100,natural_typing
171.042,236,684,-8,23,0,natural_typing
171.098,183,678,-8,23,0,natural_typing
171.167,183,678,-8,0,100,natural_typing
171.208,154,678,0,0,100,natural_typing
171.273,152,686,0,0,100,natural_typing
171.352,152,686,0,0,100,natural_typing
171.385,155,692,0,0,100,natural_typing
171.464,182,689,0,0,100,natural_typing
171.530,215,690,8,0,100,natural_typing
171.590,215,690,8,0,100,natural_typing
171.651,269,671,8,0,100,natural_typing
171.717,300,639,0,0,100,natural_typing
171.772,342,616,8,0,100,natural_typing
171.841,342,616,8,0,100,natural_typing
171.904,365,582,8,0,100,natural_typing
171.948,373,535,-8,0,100,natural_typing
172.027,373,535,-8,0,100,natural_typing
172.100,373,502,0,0,100,natural_typing
172.129,373,514,0,23,0,natural_typing
172.199,373,514,0,0,100,natural_typing
172.291,374,527,0,0,100,natural_typing
172.313,375,531,0,0,100,natural_typing
172.390,375,533,0,0,100,natural_typing
172.466,375,533,0,0,100,natural_typing
172.500,374,537,0,0,100,natural_typing
172.577,371,546,0,0,100,natural_typing
172.645,371,546,0,0,100,natural_typing
172.692,369,553,0,0,100,natural_typing
172.753,372,556,0,0,100,natural_typing
172.832,372,556,0,0,100,natural_typing
172.869,373,555,8,0,100,natural_typing
172.946,376,556,0,0,100,natural_typing
173.020,376,556,0,0,100,natural_typing
173.052,374,561,0,23,0,natural_typing
173.129,372,565,0,0,100,natural_typing
173.198,372,565,0,0,100,natural_typing
173.240,370,572,0,0,100,natural_typing
173.316,369,576,0,0,100,natural_typing
173.394,369,576,0,0,100,natural_typing
173.428,368,571,8,0,100,natural_typing
173.494,367,566,0,0,100,natural_typing
173.570,367,566,0,0,100,natural_typing
173.603,366,559,0,0,100,natural_typing
173.674,369,552,-8,0,100,natural_typing
173.751,369,552,-8,0,100,natural_typing
173.807,366,528,-16,0,100,natural_typing
173.885,362,513,8,0,100,natural_typing
173.940,357,515,0,0,100,natural_typing
173.984,357,515,0,0,100,natural_typing
174.051,355,514,0,0,100,natural_typing
174.143,354,514,0,0,100,natural_typing
174.165,353,511,-8,0,100,natural_typing
174.242,353,511,-8,0,100,natural_typing
174.309,351,512,0,0,100,natural_typing
174.354,351,516,0,0,100,natural_typing
174.431,351,516,0,0,100,natural_typing
174.499,351,521,0,0,100,natural_typing
174.532,350,528,0,0,100,natural_typing
174.609,350,528,0,0,100,natural_typing
174.677,349,533,0,0,100,natural_typing
174.732,347,538,0,0,100,natural_typing
174.808,347,542,0,0,100,natural_typing
174.865,347,542,0,0,100,natural_typing
174.909,347,544,0,0,100,natural_typing
174.977,344,547,0,0,100,natural_typing
175.046,344,547,0,0,100,natural_typing
175.085,334,547,0,0,100,natural_typing
175.158,321,548,8,0,100,natural_typing
175.234,321,548,8,0,100,natural_typing
175.282,297,548,0,0,100,natural_typing
175.346,230,547,0,0,100,natural_typing
175.414,230,547,0,0,100,natural_typing
175.471,228,551,0,0,100,natural_typing
175.527,227,554,0,0,100,natural_typing
175.602,227,554,0,0,100,natural_typing
175.647,223,555,0,0,100,natural_typing
175.727,220,556,0,0,100,natural_typing
175.786,220,556,0,0,100,natural_typing
175.828,221,555,-8,0,100,natural_typing
175.908,225,557,0,0,100,natural_typing
175.973,225,557,0,0,100,natural_typing
176.017,228,559,0,0,100,natural_typing
176.094,230,560,8,0,100,natural_typing
176.162,210,559,0,0,100,natural_typing
176.211,210,559,0,0,100,natural_typing
176.276,189,557,0,0,100,natural_typing
176.354,193,558,0,0,100,natural_typing
176.399,193,558,0,0,100,natural_typing
176.458,199,558,0,0,100,natural_typing
176.533,202,558,0,0,100,natural_typing
176.575,196,558,-8,0,100,natural_typing
176.641,196,558,-8,0,100,natural_typing
176.727,180,557,0,0,100,natural_typing
176.760,165,559,0,0,100,natural_typing
176.829,165,559,0,0,100,natural_typing
176.897,113,549,0,0,100,natural_typing
176.941,67,546,0,0,100,natural_typing
177.010,51,551,0,0,100,natural_typing
177.088,51,551,0,0,100,natural_typing
177.131,55,540,8,0,100,natural_typing
177.197,65,539,-8,0,100,natural_typing
177.267,65,539,-8,0,100,natural_typing
177.313,74,540,0,0,100,natural_typing
177.379,87,542,0,0,100,natural_typing
177.459,87,542,0,0,100,natural_typing
177.493,100,545,0,0,100,natural_typing
177.568,116,543,0,25,0,natural_typing
177.634,116,543,0,22,0,natural_typing
177.682,129,536,-16,22,0,natural_typing
177.760,138,531,0,0,100,natural_typing
177.821,138,531,0,0,100,natural_typing
177.867,147,531,0,0,100,natural_typing
177.946,156,533,0,0,100,natural_typing
178.016,156,533,0,0,100,natural_typing
178.059,163,538,0,0,100,natural_typing
178.127,170,542,0,0,100,natural_typing
178.205,170,542,0,0,100,natural_typing
178.239,177,545,0,0,100,natural_typing
178.314,181,549,0,0,100,natural_typing
178.387,188,550,0,0,100,natural_typing
178.420,188,550,0,0,100,natural_typing
178.501,197,549,8,0,100,natural_typing
178.569,203,545,0,0,100,natural_typing
178.618,203,545,0,0,100,natural_typing
178.683,211,537,0,0,100,natural_typing
178.750,220,530,0,0,100,natural_typing
178.806,232,534,0,0,100,natural_typing
178.863,232,534,0,0,100,natural_typing
178.942,242,537,0,0,100,natural_typing
178.987,248,540,0,0,100,natural_typing
179.050,248,540,0,0,100,natural_typing
179.125,252,539,8,0,100,natural_typing
179.169,255,540,0,0,100,natural_typing
179.236,255,540,0,0,100,natural_typing
179.307,258,538,8,0,100,natural_typing
179.349,259,533,-8,0,100,natural_typing
179.431,263,528,0,0,100,natural_typing
179.494,263,528,0,0,100,natural_typing
179.548,264,525,0,0,100,natural_typing
179.602,266,526,0,0,100,natural_typing
179.704,266,526,0,0,100,natural_typing
179.724,267,523,-8,0,100,natural_typing
179.800,267,515,16,0,100,natural_typing
179.870,267,515,16,0,100,natural_typing
179.909,269,508,0,0,100,natural_typing
179.974,267,498,-16,0,100,natural_typing
180.065,267,498,-16,0,100,natural_typing
180.087,262,490,0,0,100,natural_typing
180.177,253,490,0,0,100,natural_typing
180.240,253,490,0,0,100,natural_typing
180.274,247,494,0,0,100,natural_typing
180.353,241,503,0,0,100,natural_typing
180.416,241,503,0,0,100,natural_typing
180.471,237,514,0,0,100,natural_typing
180.549,237,524,0,0,100,natural_typing
180.605,243,531,0,0,100,natural_typing
180.648,243,531,0,0,100,natural_typing
180.714,247,539,0,0,100,natural_typing
180.803,255,548,0,0,100,natural_typing
180.839,255,548,0,21,0,natural_typing
180.903,262,556,0,0,100,natural_typing
180.978,270,561,0,0,100,natural_typing
181.027,275,563,0,0,100,natural_typing
181.092,275,563,0,0,100,natural_typing
181.168,284,564,0,0,100,natural_typing
181.211,289,565,0,0,100,natural_typing
181.282,289,565,0,0,100,natural_typing
181.355,295,566,0,0,100,natural_typing
181.383,293,567,0,0,100,natural_typing
181.458,293,567,0,0,100,natural_typing
181.537,280,565,0,0,100,natural_typing
181.571,267,566,0,0,100,natural_typing
181.649,266,571,0,0,100,natural_typing
181.719,266,571,0,0,100,natural_typing
181.753,268,575,0,0,100,natural_typing
181.833,271,578,0,0,100,natural_typing
181.899,271,578,0,0,100,natural_typing
181.946,269,581,0,0,100,natural_typing
182.026,270,586,0,0,100,natural_typing
182.092,270,586,0,0,100,natural_typing
182.138,275,588,0,0,100,natural_typing
182.217,280,594,0,0,100,natural_typing
182.274,280,594,0,0,100,natural_typing
182.318,284,603,0,0,100,natural_typing
182.392,287,616,0,0,100,natural_typing
182.465,287,616,0,0,100,natural_typing
182.493,289,629,0,0,100,natural_typing
182.572,289,634,8,0,100,natural_typing
182.648,289,634,8,0,100,natural_typing
182.681,290,631,-8,0,100,natural_typing
182.760,290,619,-8,0,100,natural_typing
182.827,290,619,-8,0,100,natural_typing
182.872,290,610,0,0,100,natural_typing
182.938,292,598,-8,0,100,natural_typing
183.016,292,585,0,0,100,natural_typing
183.050,292,585,0,0,100,natural_typing
183.130,276,584,-8,0,100,natural_typing
183.199,227,589,0,0,100,natural_typing
183.235,227,589,0,0,100,natural_typing
183.312,211,596,0,0,100,natural_typing
183.387,210,617,0,0,100,natural_typing
183.422,219,635,0,0,100,natural_typing
183.503,219,635,0,0,100,natural_typing
183.572,236,639,0,0,100,natural_typing
183.612,249,643,0,0,100,natural_typing
183.678,249,643,0,0,100,natural_typing
183.755,260,661,0,0,100,natural_typing
183.800,272,682,0,0,100,natural_typing
183.867,292,685,0,0,100,natural_typing
183.936,292,685,0,0,100,natural_typing
183.981,297,679,0,0,100,natural_typing
184.059,288,672,0,21,0,natural_typing
184.128,288,672,0,21,0,natural_typing
184.184,284,662,0,0,100,natural_typing
184.238,285,650,0,0,100,natural_typing
184.313,285,650,0,0,100,natural_typing
184.357,285,640,8,0,100,natural_typing
184.436,259,633,8,0,100,natural_typing
184.506,259,633,8,0,100,natural_typing
184.535,254,634,0,28,0,natural_typing
184.613,256,639,0,23,0,natural_typing
184.693,256,639,0,23,0,natural_typing
184.726,263,641,0,0,100,natural_typing
184.794,272,644,-8,0,100,natural_typing
184.862,272,644,-8,0,100,natural_typing
184.907,280,643,0,0,100,natural_typing
184.974,283,642,0,0,100,natural_typing
185.052,283,642,0,0,100,natural_typing
185.090,287,644,0,0,100,natural_typing
185.166,294,645,0,0,100,natural_typing
185.234,303,643,0,0,100,natural_typing
185.289,303,643,0,0,100,natural_typing
185.346,312,638,-8,0,100,natural_typing
185.424,316,633,0,0,100,natural_typing
185.458,316,633,0,0,100,natural_typing
185.548,322,630,0,0,100,natural_typing
185.604,332,626,0,0,100,natural_typing
185.648,343,628,8,0,100,natural_typing
185.717,343,628,8,0,100,natural_typing
185.805,351,629,0,0,100,natural_typing
185.827,364,628,0,0,100,natural_typing
185.904,364,628,0,0,100,natural_typing
185.980,376,625,-8,0,100,natural_typing
186.014,368,599,0,0,100,natural_typing
186.092,355,580,0,0,100,natural_typing
186.161,355,580,0,0,100,natural_typing
186.207,350,587,0,0,100,natural_typing
186.277,338,592,0,0,100,natural_typing
186.344,338,592,0,0,100,natural_typing
186.392,333,605,0,0,100,natural_typing
186.456,328,622,0,0,100,natural_typing
186.533,328,622,0,0,100,natural_typing
186.579,334,622,-8,0,100,natural_typing
186.649,340,620,0,0,100,natural_typing
186.714,340,620,0,0,100,natural_typing
186.758,345,618,0,0,100,natural_typing
186.837,346,617,0,0,100,natural_typing
186.905,346,617,0,0,100,natural_typing
186.948,344,619,0,0,100,natural_typing
187.015,345,619,0,0,100,natural_typing
187.094,345,619,0,0,100,natural_typing
187.127,348,622,0,0,100,natural_typing
187.195,350,623,0,0,100,natural_typing
187.276,350,623,0,0,100,natural_typing
187.310,355,623,0,0,100,natural_typing
187.400,359,622,0,0,100,natural_typing
187.451,359,622,0,0,100,natural_typing
187.506,362,623,0,0,100,natural_typing
187.565,361,624,0,0,100,natural_typing
187.640,359,627,0,0,100,natural_typing
187.689,359,627,0,0,100,natural_typing
187.749,360,629,-8,0,100,natural_typing
187.822,361,630,-8,0,100,natural_typing
187.882,361,630,-8,0,100,natural_typing
187.936,357,631,0,0,100,natural_typing
188.011,355,631,0,0,100,natural_typing
188.085,358,629,0,0,100,natural_typing
188.126,358,629,0,0,100,natural_typing
188.205,357,627,0,0,100,natural_typing
188.239,362,626,0,0,100,natural_typing
188.319,362,626,0,0,98,natural_typing
188.386,362,624,0,0,98,natural_typing
188.424,361,615,-8,0,96,natural_typing
188.524,363,608,0,0,96,natural_typing
188.564,363,608,0,0,96,natural_typing
188.615,369,604,-8,0,96,natural_typing
188.683,374,599,0,0,96,natural_typing
188.756,374,599,0,0,95,natural_typing
188.797,376,597,0,0,95,natural_typing
188.870,376,596,0,0,93,natural_typing
188.941,376,596,0,0,91,natural_typing
188.980,375,597,0,0,91,natural_typing
189.049,375,604,0,0,87,natural_typing
189.212,375,604,0,0,87,natural_typing
189.212,372,612,0,0,84,natural_typing
189.230,368,617,0,0,81,natural_typing
189.321,368,617,0,0,81,natural_typing
189.343,365,620,0,0,80,natural_typing
189.418,357,622,0,0,78,natural_typing
189.491,357,622,0,0,78,natural_typing
189.536,348,621,8,0,76,natural_typing
189.609,338,617,8,0,75,natural_typing
189.676,338,617,8,0,75,natural_typing
189.715,338,612,8,0,73,natural_typing
189.787,339,606,0,0,73,natural_typing
189.868,339,600,0,0,72,natural_typing
189.904,339,600,0,0,74,natural_typing
189.974,345,599,0,0,74,natural_typing
190.053,349,600,0,0,74,natural_typing
190.098,349,600,0,0,74,natural_typing
190.175,351,601,0,0,74,natural_typing
190.253,348,605,0,0,74,natural_typing
190.276,345,609,0,0,74,natural_typing
190.355,345,609,0,0,75,natural_typing
190.423,345,612,0,0,75,natural_typing
190.468,344,614,0,0,75,natural_typing
190.537,344,614,0,0,76,natural_typing
190.605,345,614,0,0,76,natural_typing
190.649,347,613,0,0,78,natural_typing
190.724,348,611,0,0,80,natural_typing
190.792,348,611,0,0,80,natural_typing
190.828,351,609,0,0,82,natural_typing
190.905,354,610,0,0,84,natural_typing
190.981,354,610,0,0,84,natural_typing
191.026,357,611,0,0,87,natural_typing
191.086,358,611,0,0,87,natural_typing
191.163,358,611,0,0,89,natural_typing
191.197,359,607,16,0,89,natural_typing
191.278,359,604,0,0,91,natural_typing
191.346,359,604,0,0,93,natural_typing
191.387,359,595,-8,0,93,natural_typing
191.463,362,587,16,0,95,natural_typing
191.542,362,587,16,0,95,natural_typing
191.577,371,579,0,0,97,natural_typing
191.645,381,572,0,0,98,natural_typing
191.712,381,572,0,0,98,natural_typing
191.757,390,567,0,0,97,natural_typing
191.821,382,571,0,0,98,natural_typing
191.901,382,571,0,0,98,natural_typing
191.937,369,578,0,0,99,natural_typing
192.012,356,589,8,0,100,natural_typing
192.078,356,589,8,0,100,natural_typing
192.133,351,597,0,0,100,natural_typing
192.194,342,603,0,0,100,natural_typing
192.269,323,602,-8,0,100,natural_typing
192.314,323,602,-8,31,0,natural_typing
192.393,306,599,0,31,0,natural_typing
192.472,303,596,0,27,0,natural_typing
192.495,301,596,0,27,0,natural_typing
192.572,301,596,0,22,0,natural_typing
192.651,301,595,0,0,100,natural_typing
192.684,303,595,0,0,100,natural_typing
192.752,303,595,0,0,100,natural_typing
192.822,302,598,0,0,100,natural_typing
192.868,296,607,0,0,100,natural_typing
192.935,296,607,0,0,100,natural_typing
193.014,291,618,0,0,100,natural_typing
193.052,284,632,0,0,100,natural_typing
193.128,286,637,-8,0,100,natural_typing
193.192,286,637,-8,0,100,natural_typing
193.237,284,642,-8,0,100,natural_typing
193.307,279,646,0,22,0,natural_typing
193.383,279,646,0,22,0,natural_typing
193.416,276,647,0,22,0,natural_typing
193.494,276,648,0,22,0,natural_typing
193.569,276,648,0,0,100,natural_typing
193.606,280,650,-8,25,0,natural_typing
193.674,284,652,0,25,0,natural_typing
193.764,284,652,0,0,100,natural_typing
193.786,298,638,0,0,100,natural_typing
193.861,314,627,8,0,100,natural_typing
193.930,314,627,8,0,100,natural_typing
193.975,323,615,16,0,100,natural_typing
194.042,290,605,8,0,100,natural_typing
194.122,290,605,8,0,100,natural_typing
194.170,237,596,8,0,100,natural_typing
194.232,175,585,8,0,100,natural_typing
194.306,175,585,8,0,100,natural_typing
194.352,70,579,8,0,100,natural_typing
194.424,4,579,8,0,100,natural_typing
194.501,-31,588,0,0,100,natural_typing
194.530,-31,588,0,0,100,natural_typing
194.607,-34,598,8,0,100,natural_typing
194.679,-29,610,8,0,100,natural_typing
194.717,-29,610,8,25,0,natural_typing
194.785,-8,621,0,25,0,natural_typing
194.861,12,637,0,28,0,natural_typing
194.906,49,655,0,0,100,natural_typing
194.982,49,655,0,0,100,natural_typing
195.051,115,673,0,0,100,natural_typing
195.087,150,679,0,0,100,natural_typing
195.160,150,679,0,0,100,natural_typing
195.236,157,686,0,0,100,natural_typing
195.280,168,685,0,0,100,natural_typing
195.351,168,685,0,0,100,natural_typing
195.416,171,692,0,0,100,natural_typing
195.460,185,698,0,0,100,natural_typing
195.541,201,689,0,0,100,natural_typing
195.596,201,689,0,0,100,natural_typing
195.638,213,687,0,0,100,natural_typing
195.717,233,670,-8,0,100,natural_typing
195.795,233,670,-8,0,100,natural_typing
195.830,263,657,0,0,100,natural_typing
195.897,282,651,0,0,100,natural_typing
195.965,282,651,0,0,100,natural_typing
196.010,289,651,0,0,100,natural_typing
196.076,273,646,0,0,100,natural_typing
196.155,273,646,0,0,100,natural_typing
196.204,266,649,0,0,100,natural_typing
196.268,257,653,0,0,100,natural_typing
196.345,257,653,0,0,100,natural_typing
196.389,249,651,0,0,100,natural_typing
196.466,236,651,0,0,100,natural_typing
196.538,236,651,0,0,100,natural_typing
196.569,222,651,0,0,100,natural_typing
196.636,207,650,0,23,0,natural_typing
196.727,196,647,0,23,0,natural_typing
196.750,196,647,0,0,100,natural_typing
196.828,192,646,0,0,100,natural_typing
196.893,192,648,0,0,100,natural_typing
196.937,192,648,0,0,100,natural_typing
197.013,192,651,0,0,100,natural_typing
197.080,194,652,0,0,100,natural_typing
197.129,194,652,0,0,100,natural_typing
197.193,205,660,0,0,100,natural_typing
197.275,212,666,0,0,100,natural_typing
197.320,221,668,0,0,100,natural_typing
197.389,221,668,0,0,100,natural_typing
197.449,219,670,0,0,100,natural_typing
197.495,196,666,0,0,100,natural_typing
197.575,196,666,0,0,100,natural_typing
197.644,180,662,0,0,100,natural_typing
197.676,163,659,8,0,100,natural_typing
197.756,121,653,8,24,0,natural_typing
197.826,121,653,8,24,0,natural_typing
197.866,86,651,8,0,100,natural_typing
197.935,63,654,0,41,0,natural_typing
198.011,63,654,0,41,0,natural_typing
198.045,67,653,0,42,0,natural_typing
198.122,80,647,0,27,0,natural_typing
198.191,80,647,0,27,0,natural_typing
198.236,93,642,0,0,100,natural_typing
198.312,93,636,0,0,100,natural_typing
198.387,93,636,0,0,100,natural_typing
198.430,91,630,0,0,100,natural_typing
198.500,81,628,0,0,100,natural_typing
198.566,81,628,0,0,100,natural_typing
198.607,66,626,-8,0,100,natural_typing
198.686,52,623,-8,0,100,natural_typing
198.759,52,623,-8,0,100,natural_typing
198.792,39,619,0,0,100,natural_typing
198.861,21,616,0,0,100,natural_typing
198.930,21,616,0,0,100,natural_typing
198.976,6,614,0,0,100,natural_typing
199.043,-5,614,-8,0,100,natural_typing
199.122,-14,615,0,0,100,natural_typing
199.156,-14,615,0,0,100,natural_typing
199.234,-22,618,-8,0,100,natural_typing
199.303,-25,621,0,0,100,natural_typing
199.359,-25,621,0,0,100,natural_typing
199.416,-29,621,0,0,100,natural_typing
199.496,-25,622,0,0,100,natural_typing
199.528,-10,622,0,0,100,natural_typing
199.616,-10,622,0,0,100,natural_typing
199.674,2,625,0,0,100,natural_typing
199.716,32,634,0,0,100,natural_typing
199.785,32,634,0,0,100,natural_typing
199.865,45,645,0,0,100,natural_typing
199.899,52,646,0,0,100,natural_typing
199.965,52,646,0,0,100,natural_typing
200.044,53,646,0,0,100,natural_typing
200.078,53,649,0,0,100,natural_typing
200.155,55,651,0,0,100,natural_typing
200.231,55,651,0,0,100,natural_typing
200.268,62,646,0,23,0,natural_typing
200.347,64,642,0,0,100,natural_typing
200.423,64,642,0,0,100,natural_typing
200.453,70,641,0,0,100,natural_typing
200.531,72,639,0,0,100,natural_typing
200.602,72,639,0,0,100,natural_typing
200.644,73,638,0,0,100,natural_typing
200.711,76,630,24,0,100,natural_typing
200.790,76,630,24,0,100,natural_typing
200.823,86,621,-8,0,100,natural_typing
200.897,101,614,8,0,100,natural_typing
200.974,101,614,8,0,100,natural_typing
201.007,150,607,0,0,100,natural_typing
201.085,190,599,0,0,100,natural_typing
201.155,190,599,0,0,100,natural_typing
201.204,213,591,0,0,100,natural_typing
201.269,218,588,0,0,100,natural_typing
201.336,218,588,0,0,100,natural_typing
201.391,219,591,0,0,100,natural_typing
201.462,214,594,0,0,100,natural_typing
201.527,213,596,0,0,100,natural_typing
201.570,213,596,0,0,100,natural_typing
201.647,206,599,0,0,100,natural_typing
201.717,202,602,0,0,100,natural_typing
201.750,202,602,0,0,100,natural_typing
201.829,193,604,8,0,100,natural_typing
201.906,179,604,0,0,100,natural_typing
201.941,163,602,-8,0,100,natural_typing
202.008,163,602,-8,0,100,natural_typing
202.087,123,597,0,0,100,natural_typing
202.121,88,593,-16,0,100,natural_typing
202.195,88,593,-16,0,100,natural_typing
202.263,66,590,0,0,100,natural_typing
202.309,62,587,0,0,100,natural_typing
202.388,55,586,8,0,100,natural_typing
202.452,55,586,8,0,100,natural_typing
202.490,45,584,16,0,100,natural_typing
202.566,38,585,8,23,0,natural_typing
202.634,38,585,8,23,0,natural_typing
202.693,38,588,0,23,0,natural_typing
202.753,45,593,0,27,0,natural_typing
202.828,45,593,0,27,0,natural_typing
202.862,54,599,0,0,100,natural_typing
202.952,64,605,0,0,100,natural_typing
203.009,64,605,0,0,100,natural_typing
203.044,74,610,0,25,0,natural_typing
203.122,79,616,0,0,100,natural_typing
203.192,79,616,0,0,100,natural_typing
203.232,85,619,0,0,100,natural_typing
203.300,91,620,0,0,100,natural_typing
203.375,91,620,0,0,100,natural_typing
203.421,97,620,0,27,0,natural_typing
203.489,101,623,0,27,0,natural_typing
203.557,101,623,0,22,0,natural_typing
203.601,107,625,0,22,0,natural_typing
203.676,114,629,0,22,0,natural_typing
203.751,122,631,0,0,100,natural_typing
203.787,122,631,0,0,100,natural_typing
203.863,130,632,0,0,100,natural_typing
203.931,137,633,0,0,100,natural_typing
203.968,137,633,0,0,100,natural_typing
204.048,142,637,0,0,100,natural_typing
204.124,141,642,0,0,100,natural_typing
204.159,135,645,-8,0,100,natural_typing
204.229,135,645,-8,0,100,natural_typing
204.306,131,649,0,0,100,natural_typing
204.349,130,649,0,0,100,natural_typing
204.416,130,649,0,0,100,natural_typing
204.504,129,651,-8,0,100,natural_typing
204.539,129,654,-8,0,100,natural_typing
204.606,132,655,16,0,100,natural_typing
204.677,132,655,16,0,100,natural_typing
204.722,141,657,0,0,100,natural_typing
204.787,148,657,0,0,100,natural_typing
204.866,148,657,0,0,100,natural_typing
204.899,157,656,8,0,100,natural_typing
204.968,168,653,8,23,0,natural_typing
205.048,168,653,8,0,100,natural_typing
205.082,174,651,0,0,100,natural_typing
205.160,184,648,0,0,100,natural_typing
205.234,184,648,0,0,100,natural_typing
205.279,192,646,0,0,100,natural_typing
205.349,200,644,0,0,100,natural_typing
205.410,200,644,0,0,100,natural_typing
205.456,204,642,8,0,100,natural_typing
205.536,202,642,0,0,100,natural_typing
205.605,202,642,0,0,100,natural_typing
205.634,193,644,8,0,100,natural_typing
205.713,184,647,0,0,100,natural_typing
205.792,184,647,0,0,100,natural_typing
205.826,168,646,0,0,100,natural_typing
205.901,128,646,0,0,100,natural_typing
205.965,103,649,0,0,100,natural_typing
206.012,103,649,0,28,0,natural_typing
206.089,99,648,0,28,0,natural_typing
206.154,95,644,0,0,100,natural_typing
206.200,95,644,0,0,100,natural_typing
206.270,82,641,8,33,0,natural_typing
206.347,71,639,0,0,100,natural_typing
206.385,72,639,0,0,100,natural_typing
206.453,72,639,0,0,100,natural_typing
206.532,78,640,0,0,100,natural_typing
206.566,89,637,0,0,100,natural_typing
206.645,89,637,0,0,100,natural_typing
206.713,99,637,0,0,100,natural_typing
206.758,101,640,0,0,100,natural_typing
206.827,104,643,0,0,100,natural_typing
206.894,104,643,0,0,100,natural_typing
206.940,105,646,0,0,100,natural_typing
207.006,107,652,0,0,100,natural_typing
207.086,107,652,0,0,100,natural_typing
207.129,105,658,-8,0,100,natural_typing
207.189,98,659,0,0,100,natural_typing
207.266,98,659,0,0,100,natural_typing
207.306,86,655,0,0,100,natural_typing
207.374,57,644,0,0,100,natural_typing
207.454,57,644,0,0,100,natural_typing
207.488,57,636,8,0,100,natural_typing
207.565,67,640,0,0,100,natural_typing
207.634,67,640,0,0,100,natural_typing
207.679,76,643,0,0,100,natural_typing
207.747,87,642,0,0,100,natural_typing
207.825,87,642,0,0,100,natural_typing
207.861,99,640,0,0,100,natural_typing
207.935,117,637,0,0,100,natural_typing
208.003,117,637,0,0,100,natural_typing
208.040,132,635,0,0,100,natural_typing
208.117,158,632,0,0,100,natural_typing
208.191,158,632,0,0,100,natural_typing
208.225,163,631,0,0,100,natural_typing
208.314,150,624,0,0,100,natural_typing
208.371,135,618,0,0,100,natural_typing
208.416,135,618,0,0,100,natural_typing
208.496,125,619,0,0,100,natural_typing
208.572,118,618,0,0,100,natural_typing
208.605,113,618,0,0,100,natural_typing
208.673,113,618,0,0,100,natural_typing
208.749,118,615,0,0,100,natural_typing
208.793,125,608,-8,0,100,natural_typing
208.859,125,608,-8,0,100,natural_typing
208.934,131,600,0,0,100,natural_typing
208.991,137,597,0,0,100,natural_typing
209.048,141,589,0,0,100,natural_typing
209.118,141,589,0,0,100,natural_typing
209.161,143,585,0,0,100,natural_typing
209.249,148,577,16,0,100,natural_typing
209.305,148,577,16,0,100,natural_typing
209.349,153,573,0,0,100,natural_typing
209.416,160,573,0,24,0,natural_typing
214.714,160,573,0,24,0,natural_reach
214.714,166,575,0,21,0,natural_reach
214.714,172,579,0,0,100,natural_reach
214.714,172,579,0,0,100,natural_reach
214.714,179,581,0,0,100,natural_reach
214.714,185,583,0,0,100,natural_reach
214.714,185,583,0,0,100,natural_reach
214.714,186,586,0,0,100,natural_reach
214.714,188,590,0,0,100,natural_reach
214.714,188,590,0,0,100,natural_reach
214.714,191,592,0,0,100,natural_reach
214.714,195,594,0,0,100,natural_reach
214.714,195,594,0,0,100,natural_reach
214.714,200,596,0,0,100,natural_reach
214.714,210,599,0,0,100,natural_reach
214.714,219,601,0,0,100,natural_reach
214.714,219,601,0,0,100,natural_reach
214.714,222,604,0,0,100,natural_reach
214.714,224,608,0,0,100,natural_reach
214.714,228,610,0,0,100,natural_reach
214.714,228,610,0,21,0,natural_reach
214.714,227,613,0,21,0,natural_reach
214.714,220,613,0,0,100,natural_reach
214.714,220,613,0,0,100,natural_reach
214.714,207,609,0,0,100,natural_reach
214.714,196,605,0,0,100,natural_reach
214.714,193,607,0,0,100,natural_reach
214.714,193,607,0,0,100,natural_reach
214.714,198,609,0,0,100,natural_reach
214.714,206,612,0,0,100,natural_reach
214.714,206,612,0,0,100,natural_reach
214.714,211,616,0,0,100,natural_reach
214.714,220,619,0,0,100,natural_reach
214.714,220,619,0,0,100,natural_reach
214.714,227,622,0,0,100,natural_reach
214.714,237,624,0,0,100,natural_reach
214.714,237,624,0,0,100,natural_reach
214.714,244,623,0,0,100,natural_reach
214.714,249,624,0,0,100,natural_reach
214.714,249,624,0,0,100,natural_reach
214.714,255,625,0,0,100,natural_reach
214.714,256,626,0,0,100,natural_reach
214.714,256,626,0,0,100,natural_reach
214.714,257,626,0,0,100,natural_reach
214.714,258,626,0,0,100,natural_reach
214.714,259,626,0,0,100,natural_reach
214.714,259,626,0,0,100,natural_reach
214.714,261,626,0,0,100,natural_reach
214.714,263,626,0,0,100,natural_reach
214.714,264,625,0,0,100,natural_reach
214.714,264,625,0,0,100,natural_reach
214.714,263,625,0,0,100,natural_reach
214.714,264,625,0,0,100,natural_reach
214.714,264,625,0,0,100,natural_reach
214.714,264,625,0,0,100,natural_reach
214.714,265,625,0,0,100,natural_reach
214.714,271,623,0,0,100,natural_reach
214.714,271,623,0,0,100,natural_reach
214.714,275,621,0,0,100,natural_reach
214.714,277,621,0,0,100,natural_reach
214.714,277,621,0,0,100,natural_reach
214.714,278,622,0,0,100,natural_reach
214.714,280,623,0,0,100,natural_reach
214.714,280,623,0,0,100,natural_reach
214.714,281,625,0,0,100,natural_reach
214.714,284,626,0,0,100,natural_reach
214.714,284,626,0,0,100,natural_reach
214.714,288,627,0,0,100,natural_reach
214.714,293,629,0,0,100,natural_reach
214.714,293,629,0,0,100,natural_reach
214.714,298,631,0,0,100,natural_reach
214.714,307,631,0,0,100,natural_reach
214.714,307,631,0,0,97,natural_reach
214.714,318,630,0,0,91,natural_reach
214.714,329,629,0,0,91,natural_reach
214.714,340,631,0,0,84,natural_reach
214.714,340,631,0,0,84,natural_reach
214.714,353,634,0,0,79,natural_reach
214.714,363,636,0,0,74,natural_reach
214.714,363,636,0,0,74,natural_reach
214.714,359,634,0,0,68,natural_reach
214.714,348,628,0,0,68,natural_reach
214.714,337,623,0,0,63,natural_reach
214.714,337,623,0,0,60,natural_reach
214.714,328,621,0,0,60,natural_reach
214.760,318,621,0,0,60,natural_reach
214.827,318,621,0,0,58,natural_reach
214.905,309,622,0,0,58,natural_reach
214.953,302,622,8,0,57,natural_reach
215.018,299,624,0,0,54,natural_reach
215.093,299,624,0,0,54,natural_reach
215.136,301,627,0,0,53,natural_reach
215.207,303,631,0,0,53,natural_reach
215.284,303,631,0,0,53,natural_reach
215.317,306,634,0,0,54,natural_reach
215.395,307,637,0,0,54,natural_reach
215.466,307,637,0,0,55,natural_reach
215.508,307,640,0,0,57,natural_reach
215.577,307,642,0,0,57,natural_reach
215.655,307,642,0,0,60,natural_reach
215.688,308,642,0,0,60,natural_reach
215.767,309,642,0,0,63,natural_reach
215.830,309,642,0,0,66,natural_reach
215.874,310,643,0,0,66,natural_reach
215.950,311,644,0,0,68,natural_reach
216.019,311,644,0,0,68,natural_reach
216.064,311,646,0,0,71,natural_reach
216.132,311,646,8,0,73,natural_reach
216.209,311,647,0,0,73,natural_reach
216.245,311,647,0,0,76,natural_reach
216.318,311,647,0,0,78,natural_reach
216.394,311,648,0,0,78,natural_reach
216.437,311,648,0,0,79,natural_reach
216.517,311,650,0,0,80,natural_reach
216.588,311,651,0,0,80,natural_reach
216.629,311,652,0,0,80,natural_reach
216.698,311,652,0,0,80,natural_reach
216.775,312,654,0,0,80,natural_reach
216.809,312,655,0,0,79,natural_reach
216.886,313,657,0,0,79,natural_reach
216.954,313,657,0,0,79,natural_reach
216.998,313,659,0,0,79,natural_reach
217.065,315,660,0,0,79,natural_reach
217.142,315,660,0,0,78,natural_reach
217.180,315,662,0,0,78,natural_reach
217.252,314,664,0,0,78,natural_reach
217.327,314,664,0,0,78,natural_reach
217.373,315,665,0,0,78,natural_reach
217.453,317,664,0,0,78,natural_reach
217.510,317,664,0,0,78,natural_reach
217.554,316,663,0,0,78,natural_reach
217.634,310,658,0,0,79,natural_reach
217.704,310,658,0,0,79,natural_reach
217.735,307,654,0,0,81,natural_reach
217.814,301,654,0,0,84,natural_reach
217.895,301,654,0,0,84,natural_reach
217.928,295,655,0,25,0,natural_reach
217.996,292,657,0,25,0,natural_reach
218.159,294,657,0,27,0,natural_reach
218.159,294,657,0,21,0,natural_reach
218.188,296,659,0,21,0,natural_reach
218.268,298,661,0,0,97,natural_reach
218.291,298,661,0,0,97,natural_reach
218.369,298,664,0,0,100,natural_reach
218.447,293,668,0,25,0,natural_reach
218.482,282,673,8,25,0,natural_reach
218.586,282,673,8,23,0,natural_reach
218.636,272,676,0,23,0,natural_reach
218.667,268,677,-8,0,100,natural_reach
218.745,268,677,-8,0,100,natural_reach
218.813,266,678,-8,0,100,natural_reach
218.861,266,680,-8,25,0,natural_reach
218.929,268,682,-8,0,100,natural_reach
218.999,268,682,-8,0,100,natural_reach
219.055,267,682,-8,25,0,natural_reach
219.122,264,681,-24,0,100,natural_reach
219.183,264,681,-24,0,100,natural_reach
219.229,261,679,-24,0,100,natural_reach
219.306,254,675,-16,0,100,natural_reach
219.377,254,675,-16,0,100,natural_reach
219.404,250,672,-24,42,0,natural_reach
219.485,244,669,-16,42,0,natural_reach
219.566,244,669,-16,0,100,natural_reach
219.588,239,667,-16,0,100,natural_reach
219.681,232,665,-16,0,100,natural_reach
219.752,232,665,-16,0,100,natural_reach
219.775,227,661,-8,0,100,natural_reach
219.857,219,655,-8,34,0,natural_reach
219.927,219,655,-8,34,0,natural_reach
219.964,201,644,0,31,0,natural_reach
220.040,196,641,8,0,98,natural_reach
220.120,196,641,8,0,98,natural_reach
220.164,194,639,8,0,96,natural_reach
220.233,192,637,16,0,94,natural_reach
220.296,187,637,24,0,94,natural_reach
220.340,187,637,24,0,92,natural_reach
220.417,181,638,24,0,90,natural_reach
220.494,177,639,24,0,90,natural_reach
220.526,177,639,24,0,88,natural_reach
220.599,173,640,24,0,88,natural_reach
220.667,174,642,24,0,88,natural_reach
220.711,178,642,16,0,87,natural_reach
220.780,178,642,16,0,87,natural_reach
220.860,182,643,16,28,0,natural_reach
220.896,186,643,16,28,0,natural_reach
220.968,186,643,16,0,88,natural_reach
221.070,191,637,24,0,89,natural_reach
221.094,194,634,16,0,89,natural_reach
221.159,197,628,32,0,89,natural_reach
221.240,197,628,32,0,89,natural_reach
221.262,198,627,8,0,88,natural_reach
221.342,198,627,8,0,88,natural_reach
221.425,198,627,8,0,88,natural_reach
221.448,193,632,8,0,88,natural_reach
221.529,190,637,0,0,88,natural_reach
221.607,190,637,0,0,88,natural_reach
221.641,186,643,8,0,86,natural_reach
221.710,183,652,8,0,84,natural_reach
221.784,183,652,8,0,84,natural_reach
221.817,186,657,0,0,82,natural_reach
221.896,188,660,0,0,82,natural_reach
221.972,188,660,0,0,78,natural_reach
222.006,192,663,0,0,76,natural_reach
222.074,199,666,-8,0,76,natural_reach
222.148,199,666,-8,0,75,natural_reach
222.193,207,671,0,0,75,natural_reach
222.261,211,675,0,0,73,natural_reach
222.339,211,675,0,0,70,natural_reach
222.371,213,677,0,0,70,natural_reach
222.449,213,680,0,0,68,natural_reach
222.529,210,683,0,0,68,natural_reach
222.563,210,683,0,0,66,natural_reach
222.641,208,686,0,0,64,natural_reach
222.712,208,687,-8,0,64,natural_reach
222.755,208,687,-8,0,63,natural_reach
222.826,207,687,-8,0,61,natural_reach
222.900,206,688,-8,0,61,natural_reach
222.933,204,693,0,0,59,natural_reach
223.009,204,693,0,0,59,natural_reach
223.086,200,697,0,0,59,natural_reach
223.119,200,696,0,0,59,natural_reach
223.197,200,696,0,0,59,natural_reach
223.264,201,687,-16,0,59,natural_reach
223.314,204,680,8,0,56,natural_reach
223.378,206,677,-8,0,56,natural_reach
223.445,206,677,-8,0,55,natural_reach
223.502,207,679,0,0,55,natural_reach
223.558,205,683,-8,0,53,natural_reach
223.636,205,683,-8,0,55,natural_reach
223.681,203,689,-16,0,55,natural_reach
223.759,199,695,-8,0,57,natural_reach
223.815,199,695,-8,0,57,natural_reach
223.861,198,705,-8,0,57,natural_reach
223.928,198,726,-16,21,0,natural_reach
224.008,198,726,-16,21,0,natural_reach
224.042,199,734,-24,24,0,natural_reach
224.122,203,733,-16,0,56,natural_reach
224.191,203,733,-16,0,56,natural_reach
224.225,205,730,-32,0,56,natural_reach
224.304,201,727,-32,0,56,natural_reach
224.371,201,727,-32,0,56,natural_reach
224.423,198,723,-24,0,56,natural_reach
224.499,197,720,-16,0,56,natural_reach
224.573,197,720,-16,0,56,natural_reach
224.601,197,718,-8,0,56,natural_reach
224.680,194,717,-8,0,57,natural_reach
224.746,189,715,-8,0,57,natural_reach
224.791,189,715,-8,0,57,natural_reach
224.859,178,712,-8,0,55,natural_reach
224.940,168,706,0,0,56,natural_reach
224.976,168,706,0,0,56,natural_reach
225.056,158,702,0,0,53,natural_reach
225.119,147,698,0,0,53,natural_reach
225.166,137,693,8,0,54,natural_reach
225.235,137,693,8,0,52,natural_reach
225.314,126,690,16,0,52,natural_reach
225.344,120,687,16,0,51,natural_reach
225.422,120,687,16,0,51,natural_reach
225.488,121,682,8,0,51,natural_reach
225.531,123,680,16,0,51,natural_reach
225.600,123,680,16,0,51,natural_reach
225.670,125,680,16,0,52,natural_reach
225.722,128,683,16,0,53,natural_reach
225.784,132,685,16,0,53,natural_reach
225.862,132,685,16,27,0,natural_reach
225.895,139,686,16,27,0,natural_reach
225.973,145,687,8,0,55,natural_reach
226.041,145,687,8,28,0,natural_reach
226.096,153,686,8,28,0,natural_reach
226.156,161,685,8,0,59,natural_reach
226.225,161,685,8,0,59,natural_reach
226.271,166,684,0,0,60,natural_reach
226.348,170,684,0,0,61,natural_reach
226.417,170,684,0,0,61,natural_reach
226.472,169,684,-8,0,61,natural_reach
226.532,170,684,-8,0,60,natural_reach
226.593,170,684,-8,0,60,natural_reach
226.637,171,687,-32,0,60,natural_reach
226.719,174,687,-16,0,59,natural_reach
226.787,174,687,-16,0,59,natural_reach
226.830,174,688,-16,0,59,natural_reach
226.902,174,689,-8,0,59,natural_reach
226.967,170,689,-16,0,58,natural_reach
227.009,170,689,-16,0,58,natural_reach
227.089,165,689,-16,0,58,natural_reach
227.168,160,689,-16,0,59,natural_reach
227.203,160,689,-16,0,59,natural_reach
227.273,159,692,0,0,60,natural_reach
227.351,158,700,0,0,61,natural_reach
227.384,153,708,8,0,61,natural_reach
227.450,153,708,8,0,60,natural_reach
227.527,141,711,8,0,60,natural_reach
227.572,130,712,16,0,60,natural_reach
227.636,130,712,16,0,59,natural_reach
227.714,124,714,16,0,59,natural_reach
227.750,123,714,8,0,58,natural_reach
227.826,123,714,8,0,56,natural_reach
227.894,127,716,16,0,56,natural_reach
227.936,134,716,16,0,55,natural_reach
228.007,140,716,8,0,55,natural_reach
228.081,140,716,8,0,55,natural_reach
228.124,145,715,8,0,57,natural_reach
228.192,151,715,16,0,57,natural_reach
228.283,151,715,16,0,57,natural_reach
228.305,160,711,16,0,56,natural_reach
228.382,178,703,16,0,56,natural_reach
228.449,178,703,16,0,56,natural_reach
228.497,238,675,16,0,56,natural_reach
228.563,280,659,-8,0,56,natural_reach
228.630,280,659,-8,0,56,natural_reach
228.673,281,664,8,0,56,natural_reach
228.752,274,669,-8,0,55,natural_reach
228.823,274,669,-8,0,55,natural_reach
228.863,267,677,-8,0,54,natural_reach
228.933,254,694,0,0,55,natural_reach
229.012,254,694,0,0,55,natural_reach
229.047,238,709,-8,0,55,natural_reach
229.124,220,715,0,0,56,natural_reach
229.194,212,718,0,0,56,natural_reach
229.242,212,718,0,0,57,natural_reach
229.324,212,705,-64,0,58,natural_reach
229.388,211,700,0,0,58,natural_reach
229.433,211,700,0,0,58,natural_reach
229.492,203,700,0,0,58,natural_reach
229.568,192,700,0,0,58,natural_reach
229.612,186,699,-8,0,58,natural_reach
229.681,186,699,-8,0,58,natural_reach
229.761,174,698,0,0,57,natural_reach
229.795,171,696,0,0,57,natural_reach
229.863,171,696,0,0,56,natural_reach
229.939,172,696,0,0,55,natural_reach
229.987,174,698,0,0,55,natural_reach
230.052,177,705,0,0,53,natural_reach
230.130,177,705,0,0,53,natural_reach
230.177,176,711,0,0,52,natural_reach
230.237,162,714,0,0,49,natural_reach
230.313,162,714,0,0,49,natural_reach
230.344,149,715,-8,0,48,natural_reach
230.421,131,711,-8,0,49,natural_reach
230.512,131,711,-8,0,49,natural_reach
230.535,109,704,-8,23,0,natural_reach
230.603,50,685,-8,0,51,natural_reach
230.682,50,685,-8,0,51,natural_reach
230.715,5,669,-8,0,50,natural_reach
230.793,-45,663,-8,0,50,natural_reach
230.875,-45,663,-8,0,49,natural_reach
230.912,-79,665,8,0,49,natural_reach
230.975,-84,683,-8,0,49,natural_reach
231.054,-84,683,-8,0,49,natural_reach
231.088,-77,688,-8,0,49,natural_reach
231.179,-64,690,-8,21,0,natural_reach
231.237,-64,690,-8,0,49,natural_reach
231.279,-49,690,-16,0,49,natural_reach
231.348,-4,690,-16,0,48,natural_reach
231.428,29,687,-24,0,48,natural_reach
231.462,29,687,-24,0,48,natural_reach
231.534,52,682,-24,0,47,natural_reach
231.608,63,682,-16,0,47,natural_reach
231.645,63,682,-16,0,46,natural_reach
231.725,65,682,-16,0,46,natural_reach
231.788,65,680,-8,0,46,natural_reach
231.830,65,675,0,0,47,natural_reach
231.909,65,675,0,0,48,natural_reach
231.988,64,673,8,0,48,natural_reach
232.021,60,671,8,0,49,natural_reach
232.091,60,671,8,0,49,natural_reach
232.157,58,670,16,0,47,natural_reach
232.202,59,669,16,0,47,natural_reach
232.269,59,669,16,0,47,natural_reach
232.345,59,671,24,0,48,natural_reach
232.394,63,672,16,0,48,natural_reach
232.459,68,673,16,0,47,natural_reach
232.533,68,673,16,0,47,natural_reach
232.580,77,673,16,0,47,natural_reach
232.650,89,672,8,34,0,natural_reach
232.714,89,672,8,34,0,natural_reach
232.749,98,672,8,0,54,natural_reach
232.842,103,673,8,35,0,natural_reach
232.902,103,673,8,35,0,natural_reach
232.947,109,674,0,0,57,natural_reach
233.015,117,675,0,0,60,natural_reach
233.092,117,675,0,0,60,natural_reach
233.126,125,676,0,24,0,natural_reach
233.203,134,673,0,0,60,natural_reach
233.273,134,673,0,0,60,natural_reach
233.318,143,673,0,0,60,natural_reach
233.398,152,673,0,0,60,natural_reach
233.456,152,673,0,0,60,natural_reach
233.498,159,674,0,0,60,natural_reach
233.574,169,674,0,0,60,natural_reach
233.640,184,669,0,0,60,natural_reach
233.687,184,669,0,0,60,natural_reach
233.754,197,665,-8,0,61,natural_reach
233.834,204,663,-8,0,61,natural_reach
233.868,204,663,-8,0,63,natural_reach
233.958,208,663,0,0,63,natural_reach
234.017,208,667,0,0,63,natural_reach
234.060,209,672,0,0,64,natural_reach
234.125,209,672,0,0,65,natural_reach
234.206,211,677,0,0,65,natural_reach
234.240,212,682,-8,0,65,natural_reach
234.310,212,682,-8,0,66,natural_reach
234.378,213,684,0,0,66,natural_reach
234.423,214,684,-16,0,65,natural_reach
234.490,214,684,-16,0,65,natural_reach
234.567,212,679,-24,0,64,natural_reach
234.615,207,673,8,0,66,natural_reach
234.678,202,669,0,0,66,natural_reach
239.933,202,669,0,0,67,stand_sit
239.933,199,668,0,0,67,stand_sit
239.933,202,668,0,0,68,stand_sit
239.933,202,668,0,0,69,stand_sit
239.933,204,668,0,0,69,stand_sit
239.933,206,667,0,0,68,stand_sit
239.933,206,667,0,0,68,stand_sit
239.933,206,663,-16,0,66,stand_sit
239.933,206,661,0,0,66,stand_sit
239.933,206,661,0,0,66,stand_sit
239.933,207,661,0,0,69,stand_sit
239.933,212,662,0,0,70,stand_sit
239.933,212,662,0,0,70,stand_sit
239.933,215,663,0,0,71,stand_sit
239.933,214,665,0,0,75,stand_sit
239.933,214,665,0,0,75,stand_sit
239.933,206,668,0,21,0,stand_sit
239.933,197,671,-8,21,0,stand_sit
239.933,188,674,0,31,0,stand_sit
239.933,188,674,0,0,80,stand_sit
239.933,183,677,0,0,80,stand_sit
239.933,186,678,0,0,80,stand_sit
239.933,186,678,0,0,80,stand_sit
239.933,193,678,0,0,79,stand_sit
239.933,200,678,0,0,80,stand_sit
239.933,203,678,0,0,80,stand_sit
239.933,203,678,0,0,80,stand_sit
239.933,205,678,0,0,80,stand_sit
239.933,204,678,0,0,81,stand_sit
239.933,204,678,0,0,82,stand_sit
239.933,206,679,8,0,82,stand_sit
239.933,209,679,8,0,77,stand_sit
239.933,213,680,8,16,0,stand_sit
239.933,213,680,8,16,0,stand_sit
239.933,218,681,8,0,76,stand_sit
239.933,221,683,8,0,76,stand_sit
239.933,221,683,8,0,76,stand_sit
239.933,225,685,8,0,74,stand_sit
239.933,224,688,0,0,73,stand_sit
239.933,224,688,0,0,73,stand_sit
239.933,225,692,0,0,75,stand_sit
239.933,229,694,0,0,75,stand_sit
239.933,229,694,0,0,75,stand_sit
239.933,240,691,0,0,76,stand_sit
239.933,250,686,0,0,76,stand_sit
239.933,250,686,0,0,76,stand_sit
239.933,260,685,-8,0,76,stand_sit
239.933,270,687,-8,0,77,stand_sit
239.933,281,690,-8,23,0,stand_sit
239.933,281,690,-8,23,0,stand_sit
239.933,286,692,0,25,0,stand_sit
239.933,276,689,0,25,0,stand_sit
239.933,276,689,0,0,80,stand_sit
239.933,257,689,0,0,80,stand_sit
239.933,239,688,0,0,80,stand_sit
239.933,220,689,0,0,81,stand_sit
239.933,220,689,0,0,84,stand_sit
239.933,219,689,0,0,84,stand_sit
239.933,218,689,0,0,84,stand_sit
239.933,218,689,0,0,83,stand_sit
239.933,220,685,0,0,83,stand_sit
239.933,226,681,0,0,83,stand_sit
239.933,231,679,0,0,83,stand_sit
239.933,231,679,0,0,83,stand_sit
239.933,237,681,0,0,82,stand_sit
239.933,242,688,0,0,82,stand_sit
239.933,242,688,0,0,82,stand_sit
239.933,247,705,0,0,82,stand_sit
239.933,259,752,0,0,83,stand_sit
239.933,259,752,0,0,86,stand_sit
239.933,243,741,0,0,86,stand_sit
239.933,236,737,0,32,0,stand_sit
239.933,236,737,0,32,0,stand_sit
239.933,229,734,0,31,0,stand_sit
239.933,224,731,0,0,91,stand_sit
239.933,224,731,0,0,91,stand_sit
239.933,212,724,8,0,91,stand_sit
239.933,205,720,0,0,91,stand_sit
239.933,205,720,0,0,91,stand_sit
239.933,202,720,0,0,89,stand_sit
239.933,198,721,0,0,88,stand_sit
239.933,193,723,0,0,88,stand_sit
239.933,193,723,0,0,85,stand_sit
239.933,182,727,0,0,85,stand_sit
239.978,173,732,0,0,85,stand_sit
240.026,173,732,0,0,85,stand_sit
240.084,136,740,0,0,85,stand_sit
240.159,72,733,0,0,86,stand_sit
240.201,-38,721,0,0,86,stand_sit
240.266,-38,721,0,0,84,stand_sit
240.344,-94,721,0,0,85,stand_sit
240.389,-129,717,0,0,85,stand_sit
240.457,-129,717,0,0,86,stand_sit
240.527,-132,719,0,0,86,stand_sit
240.571,-122,728,0,0,86,stand_sit
240.647,-115,733,0,0,87,stand_sit
240.716,-115,733,0,0,87,stand_sit
240.754,-109,735,0,0,87,stand_sit
240.839,-113,729,0,0,86,stand_sit
240.904,-113,729,0,0,86,stand_sit
240.937,-122,720,0,0,87,stand_sit
241.026,-130,711,0,0,87,stand_sit
241.097,-130,711,0,0,87,stand_sit
241.134,-124,712,0,0,86,stand_sit
241.203,-114,712,0,0,85,stand_sit
241.282,-114,712,0,0,85,stand_sit
241.327,-95,711,0,0,83,stand_sit
241.395,-74,711,0,0,83,stand_sit
241.470,-74,711,0,0,82,stand_sit
241.507,-24,713,0,0,81,stand_sit
241.581,29,733,0,0,81,stand_sit
241.648,29,733,0,0,79,stand_sit
241.704,64,748,0,0,79,stand_sit
241.760,11,728,0,0,76,stand_sit
241.834,-5,720,0,0,74,stand_sit
241.876,-5,720,0,0,74,stand_sit
241.956,-19,714,0,0,72,stand_sit
242.035,-27,709,0,0,72,stand_sit
242.069,-28,705,0,0,70,stand_sit
242.136,-28,705,0,0,68,stand_sit
242.214,-26,701,0,0,68,stand_sit
242.248,-18,700,0,0,66,stand_sit
242.324,-18,700,0,0,65,stand_sit
242.401,-10,699,0,0,65,stand_sit
242.435,-15,702,0,0,67,stand_sit
242.510,-18,704,0,0,67,stand_sit
242.579,-18,704,0,0,67,stand_sit
242.617,-20,706,0,0,67,stand_sit
242.705,-19,707,0,0,67,stand_sit
242.777,-19,707,0,0,67,stand_sit
242.809,-13,708,0,0,68,stand_sit
242.887,1,714,-8,0,68,stand_sit
242.958,1,714,-8,0,68,stand_sit
242.990,18,715,-8,0,68,stand_sit
243.068,34,714,-8,0,66,stand_sit
243.145,34,714,-8,0,63,stand_sit
243.177,56,711,-8,0,63,stand_sit
243.257,76,711,0,0,61,stand_sit
243.326,76,711,0,0,61,stand_sit
243.376,99,724,-8,0,61,stand_sit
243.440,119,734,-8,0,63,stand_sit
243.515,119,734,-8,0,63,stand_sit
243.552,140,737,-8,0,62,stand_sit
243.631,151,733,-24,0,61,stand_sit
243.695,151,733,-24,0,61,stand_sit
243.741,158,726,-32,0,60,stand_sit
243.809,160,716,-24,0,59,stand_sit
243.889,157,709,-32,0,59,stand_sit
243.923,157,709,-32,22,0,stand_sit
243.991,155,703,-32,22,0,stand_sit
244.071,149,696,-39,0,59,stand_sit
244.107,149,696,-39,0,58,stand_sit
244.187,136,686,-16,0,58,stand_sit
244.252,124,678,-16,0,59,stand_sit
244.292,108,659,-16,0,59,stand_sit
244.361,108,659,-16,0,61,stand_sit
244.443,104,654,0,0,59,stand_sit
244.481,99,651,-8,0,59,stand_sit
244.552,99,651,-8,0,58,stand_sit
244.632,92,647,16,0,58,stand_sit
244.665,86,644,24,35,0,stand_sit
244.732,80,643,24,31,0,stand_sit
244.802,80,643,24,31,0,stand_sit
244.846,71,644,39,0,53,stand_sit
244.923,63,647,8,0,53,stand_sit
244.992,63,647,8,0,53,stand_sit
245.036,54,649,8,0,52,stand_sit
245.105,43,650,8,0,52,stand_sit
245.184,43,650,8,0,52,stand_sit
245.218,31,652,8,0,53,stand_sit
245.295,19,660,16,0,53,stand_sit
245.363,19,660,16,0,53,stand_sit
245.400,6,664,16,0,53,stand_sit
245.482,-1,665,24,0,53,stand_sit
245.547,-1,665,24,0,54,stand_sit
245.591,-9,664,32,0,54,stand_sit
245.670,-15,666,39,0,55,stand_sit
245.730,-15,666,39,0,56,stand_sit
245.771,-21,669,48,0,56,stand_sit
245.865,-31,672,48,0,55,stand_sit
245.922,-31,672,48,0,55,stand_sit
245.960,-44,673,56,0,57,stand_sit
246.036,-60,674,48,0,56,stand_sit
246.105,-111,677,48,0,56,stand_sit
246.142,-111,677,48,0,55,stand_sit
246.218,-123,680,32,0,54,stand_sit
246.297,-122,692,32,0,54,stand_sit
246.331,-122,692,32,0,53,stand_sit
246.402,-118,711,24,0,51,stand_sit
246.480,-87,766,16,0,51,stand_sit
246.523,-38,866,16,0,48,stand_sit
246.584,-38,866,16,0,48,stand_sit
246.659,-24,929,24,0,46,stand_sit
246.703,-14,981,24,0,45,stand_sit
246.782,-14,981,24,0,45,stand_sit
246.846,-1,1008,8,0,42,stand_sit
246.884,37,1038,8,0,42,stand_sit
246.958,56,1057,8,0,40,stand_sit
247.026,56,1057,8,0,40,stand_sit
247.082,40,1063,16,0,39,stand_sit
247.152,24,1066,16,0,37,stand_sit
247.219,24,1066,16,0,37,stand_sit
247.264,10,1071,8,0,35,stand_sit
247.333,3,1080,0,0,33,stand_sit
247.411,3,1080,0,0,33,stand_sit
247.444,3,1087,-8,0,32,stand_sit
247.517,12,1090,-8,0,31,stand_sit
247.597,12,1090,-8,0,31,stand_sit
247.632,22,1091,-8,0,30,stand_sit
247.704,22,1094,-8,0,30,stand_sit
247.781,22,1094,-8,0,30,stand_sit
247.816,22,1098,-8,0,30,stand_sit
247.889,18,1104,-8,0,30,stand_sit
247.964,18,1104,-8,0,29,stand_sit
247.998,16,1111,-8,0,29,stand_sit
248.069,18,1113,-8,0,27,stand_sit
248.144,18,1113,-8,0,27,stand_sit
248.189,26,1114,-8,0,27,stand_sit
248.268,35,1112,-8,0,23,stand_sit
248.339,60,1104,-16,0,23,stand_sit
248.370,60,1104,-16,0,21,stand_sit
248.448,81,1097,-16,0,20,stand_sit
248.536,103,1088,-16,0,20,stand_sit
248.555,103,1088,-16,0,19,stand_sit
248.637,122,1086,-32,0,19,stand_sit
248.707,125,1086,-32,0,19,stand_sit
248.736,122,1086,-39,0,18,stand_sit
248.816,122,1086,-39,0,18,stand_sit
248.881,117,1087,-39,0,18,stand_sit
248.936,115,1082,-56,0,17,stand_sit
249.008,115,1082,-56,0,17,stand_sit
249.070,115,1075,-56,0,17,stand_sit
249.115,112,1067,-48,0,17,stand_sit
249.196,114,1058,-8,0,17,stand_sit
249.265,114,1058,-8,0,17,stand_sit
249.295,113,1052,-24,0,17,stand_sit
249.373,110,1048,-24,0,16,stand_sit
249.449,110,1048,-24,18,0,stand_sit
249.481,102,1044,-32,18,0,stand_sit
249.597,97,1037,-16,0,16,stand_sit
249.650,97,1037,-16,0,16,stand_sit
249.673,94,1026,-16,0,17,stand_sit
249.741,91,1013,0,0,17,stand_sit
249.821,91,1013,0,0,17,stand_sit
249.855,92,999,0,0,17,stand_sit
249.932,92,982,-16,0,18,stand_sit
250.000,92,982,-16,0,18,stand_sit
250.037,64,935,-8,0,19,stand_sit
250.114,38,890,-8,0,19,stand_sit
250.190,38,890,-8,0,19,stand_sit
250.219,33,853,-16,0,20,stand_sit
250.299,8,815,-8,0,20,stand_sit
250.367,8,815,-8,0,20,stand_sit
250.416,-2,793,-8,0,22,stand_sit
250.484,-27,763,-8,0,22,stand_sit
250.550,-39,741,24,0,22,stand_sit
250.590,-39,741,24,0,22,stand_sit
250.669,-45,732,16,0,21,stand_sit
250.744,-40,725,24,0,21,stand_sit
250.777,-40,725,24,0,21,stand_sit
250.854,-35,725,48,0,21,stand_sit
250.924,-25,724,64,0,21,stand_sit
250.966,-16,725,56,0,21,stand_sit
251.045,-16,725,56,0,22,stand_sit
251.114,-4,726,24,0,22,stand_sit
251.150,3,728,24,0,22,stand_sit
251.225,3,728,24,0,22,stand_sit
251.304,10,731,8,0,22,stand_sit
251.334,17,735,8,0,22,stand_sit
251.409,19,739,-8,0,22,stand_sit
251.487,19,739,-8,0,22,stand_sit
251.521,26,742,0,0,22,stand_sit
251.599,35,746,8,0,22,stand_sit
251.665,35,746,8,0,22,stand_sit
251.704,48,749,8,0,21,stand_sit
251.780,61,752,16,0,21,stand_sit
251.859,61,752,16,0,21,stand_sit
251.889,73,754,16,0,21,stand_sit
251.968,82,756,16,0,22,stand_sit
252.043,82,756,16,0,22,stand_sit
252.076,91,759,-8,0,22,stand_sit
252.144,97,764,8,0,22,stand_sit
252.227,97,764,8,0,22,stand_sit
252.261,100,769,0,0,31,stand_sit
252.340,107,776,-8,0,32,stand_sit
252.407,107,776,-8,0,32,stand_sit
252.454,114,779,-8,0,33,stand_sit
252.520,116,780,-8,0,34,stand_sit
252.595,116,780,-8,0,34,stand_sit
252.637,116,777,-8,0,34,stand_sit
252.714,118,775,-16,0,35,stand_sit
252.820,122,773,-8,0,35,stand_sit
252.820,122,773,-8,0,35,stand_sit
252.895,128,772,-16,0,35,stand_sit
252.962,132,773,0,0,36,stand_sit
253.000,132,773,0,0,37,stand_sit
253.076,134,774,0,0,37,stand_sit
253.148,133,776,0,0,38,stand_sit
253.240,135,775,-16,0,38,stand_sit
253.261,135,775,-16,0,38,stand_sit
253.342,139,775,-24,0,38,stand_sit
253.376,140,774,-32,0,38,stand_sit
253.454,140,774,-32,0,38,stand_sit
253.519,126,769,-24,0,38,stand_sit
253.564,110,757,-16,0,38,stand_sit
253.632,66,727,-8,0,39,stand_sit
253.712,66,727,-8,0,39,stand_sit
253.744,39,708,0,0,40,stand_sit
253.824,21,696,-8,0,40,stand_sit
253.892,21,696,-8,0,40,stand_sit
253.937,14,697,0,0,42,stand_sit
254.014,4,698,0,0,44,stand_sit
254.085,4,698,0,0,44,stand_sit
254.134,-9,698,32,0,44,stand_sit
254.191,-48,705,39,0,44,stand_sit
254.262,-48,705,39,0,41,stand_sit
254.326,-79,712,16,0,39,stand_sit
254.371,-116,707,48,0,39,stand_sit
254.453,-116,707,48,0,38,stand_sit
254.495,-145,709,64,0,38,stand_sit
254.564,-171,712,64,0,37,stand_sit
254.641,-171,712,64,0,36,stand_sit
254.669,-183,715,112,0,36,stand_sit
254.746,-186,716,112,0,36,stand_sit
254.816,-186,716,112,0,36,stand_sit
254.890,-184,722,72,0,36,stand_sit
254.946,-176,737,64,0,36,stand_sit
255.005,-168,756,72,0,36,stand_sit
255.040,-168,756,72,0,35,stand_sit
255.119,-156,775,64,0,35,stand_sit
255.198,-123,834,56,0,35,stand_sit
255.232,-123,834,56,0,35,stand_sit
255.305,-99,893,48,0,35,stand_sit
255.381,-75,946,56,0,35,stand_sit
255.440,-65,995,48,0,34,stand_sit
255.495,-65,995,48,0,34,stand_sit
255.563,-52,1038,16,0,32,stand_sit
255.620,-40,1078,16,0,31,stand_sit
255.676,-40,1078,16,0,31,stand_sit
255.754,-48,1116,24,0,30,stand_sit
255.801,-61,1151,24,0,30,stand_sit
255.867,-55,1179,8,0,30,stand_sit
255.935,-55,1179,8,0,29,stand_sit
255.981,-38,1210,8,0,29,stand_sit
256.047,-13,1239,8,0,29,stand_sit
256.127,-13,1239,8,0,29,stand_sit
256.161,24,1258,-8,0,28,stand_sit
256.239,46,1270,0,0,27,stand_sit
256.307,46,1270,0,0,27,stand_sit
256.344,65,1278,0,0,27,stand_sit
256.418,98,1284,-8,0,26,stand_sit
256.492,98,1284,-8,0,26,stand_sit
256.537,133,1283,-16,0,25,stand_sit
256.611,172,1279,-16,0,25,stand_sit
256.682,172,1279,-16,0,25,stand_sit
256.711,214,1284,-8,0,24,stand_sit
256.791,245,1291,-24,0,24,stand_sit
256.869,245,1291,-24,0,24,stand_sit
256.903,245,1301,-24,0,24,stand_sit
256.968,241,1305,-24,0,22,stand_sit
257.043,241,1305,-24,0,22,stand_sit
257.087,243,1307,-24,0,22,stand_sit
257.155,249,1307,-24,0,20,stand_sit
257.231,258,1306,-24,0,20,stand_sit
257.279,258,1306,-24,0,20,stand_sit
257.357,260,1306,-24,0,20,stand_sit
257.421,256,1306,-24,0,20,stand_sit
257.467,251,1303,-24,0,19,stand_sit
257.539,251,1303,-24,0,19,stand_sit
257.615,242,1299,-24,0,19,stand_sit
257.647,235,1292,-32,0,17,stand_sit
257.723,235,1292,-32,0,15,stand_sit
257.794,223,1284,-56,0,15,stand_sit
257.834,210,1275,-56,0,14,stand_sit
257.899,210,1275,-56,0,12,stand_sit
257.969,201,1265,-79,0,12,stand_sit
258.012,193,1256,-32,0,12,stand_sit
258.089,186,1247,-32,0,12,stand_sit
258.164,186,1247,-32,0,12,stand_sit
258.196,174,1237,-39,0,12,stand_sit
258.276,161,1223,-39,0,12,stand_sit
258.347,161,1223,-39,20,0,stand_sit
258.381,149,1207,-39,20,0,stand_sit
258.456,143,1191,-39,0,12,stand_sit
258.534,143,1191,-39,0,12,stand_sit
258.571,133,1173,-39,24,0,stand_sit
258.637,118,1124,-32,0,13,stand_sit
258.718,118,1124,-32,0,13,stand_sit
258.759,113,1077,-8,0,13,stand_sit
258.825,102,1034,-8,0,13,stand_sit
258.907,102,1034,-8,0,13,stand_sit
258.939,98,1001,8,0,13,stand_sit
259.017,97,971,32,0,13,stand_sit
259.085,97,971,32,0,13,stand_sit
259.132,94,951,56,0,13,stand_sit
259.199,89,947,79,0,13,stand_sit
259.264,89,947,79,0,13,stand_sit
259.306,89,942,39,0,13,stand_sit
259.387,81,938,48,0,13,stand_sit
259.455,78,936,39,17,0,stand_sit
259.498,78,936,39,17,0,stand_sit
259.567,84,932,8,0,14,stand_sit
259.646,93,929,0,0,15,stand_sit
259.680,100,928,-8,0,15,stand_sit
259.755,100,928,-8,0,16,stand_sit
259.832,110,924,0,0,16,stand_sit
259.875,145,913,-8,0,17,stand_sit
265.152,145,913,-8,0,17,free_5min
265.152,172,904,-16,0,17,free_5min
265.152,182,897,-24,0,17,free_5min
265.152,182,897,-24,0,17,free_5min
265.152,182,895,-32,0,17,free_5min
265.152,183,889,-24,0,17,free_5min
265.152,184,884,-24,0,17,free_5min
265.152,184,884,-24,0,17,free_5min
265.152,185,880,-16,0,18,free_5min
265.152,185,875,-16,0,18,free_5min
265.152,185,875,-16,0,20,free_5min
265.152,185,871,-8,0,23,free_5min
265.152,184,863,0,0,23,free_5min
265.152,184,863,0,26,0,free_5min
265.152,184,855,8,26,0,free_5min
265.152,180,847,16,0,28,free_5min
265.152,180,847,16,0,29,free_5min
265.152,168,840,24,0,29,free_5min
265.152,157,837,16,22,0,free_5min
265.152,157,837,16,22,0,free_5min
265.152,151,834,16,0,33,free_5min
265.152,153,832,16,24,0,free_5min
265.152,153,832,16,24,0,free_5min
265.152,157,830,8,21,0,free_5min
265.152,159,829,0,0,41,free_5min
265.152,160,826,-8,0,41,free_5min
265.152,160,826,-8,0,43,free_5min
265.152,160,822,-8,0,44,free_5min
265.152,160,818,-16,0,44,free_5min
265.152,163,816,-24,0,45,free_5min
265.152,163,816,-24,0,45,free_5min
265.152,163,812,-24,0,45,free_5min
265.152,162,809,-24,23,0,free_5min
265.152,162,809,-24,23,0,free_5min
265.152,163,804,-32,0,46,free_5min
265.152,165,797,-32,24,0,free_5min
265.152,164,790,-32,24,0,free_5min
265.152,164,790,-32,0,47,free_5min
265.152,155,786,-24,0,47,free_5min
265.152,147,781,-8,0,46,free_5min
265.152,147,781,-8,0,49,free_5min
265.152,142,777,0,0,49,free_5min
265.152,139,773,0,0,50,free_5min
265.152,139,773,0,0,50,free_5min
265.152,136,769,8,0,50,free_5min
265.152,135,765,0,0,50,free_5min
265.152,135,765,0,0,50,free_5min
265.152,134,762,0,0,50,free_5min
265.152,132,758,0,0,50,free_5min
265.152,132,758,0,0,50,free_5min
265.152,127,750,0,0,50,free_5min
265.152,123,746,0,0,50,free_5min
265.152,123,746,0,0,50,free_5min
265.152,122,744,0,0,50,free_5min
265.152,119,743,8,0,50,free_5min
265.152,119,743,8,0,50,free_5min
265.152,115,740,8,0,51,free_5min
265.152,113,736,8,0,51,free_5min
265.152,112,734,16,0,52,free_5min
265.152,112,734,16,0,52,free_5min
265.152,113,726,-32,0,52,free_5min
265.152,108,718,0,0,52,free_5min
265.152,107,712,0,0,52,free_5min
265.152,107,712,0,0,54,free_5min
265.152,108,710,0,0,54,free_5min
265.152,109,709,0,0,54,free_5min
265.152,109,709,0,0,58,free_5min
265.152,113,709,0,0,58,free_5min
265.152,121,707,-8,0,62,free_5min
265.152,129,704,0,0,64,free_5min
265.152,129,704,0,0,64,free_5min
265.152,132,703,0,0,65,free_5min
265.152,135,700,0,0,65,free_5min
265.152,135,700,0,0,65,free_5min
265.152,133,697,8,0,67,free_5min
265.152,133,692,0,0,67,free_5min
265.152,133,692,0,0,67,free_5min
265.152,129,690,8,0,66,free_5min
265.152,127,691,0,0,66,free_5min
265.152,127,691,0,0,68,free_5min
265.152,121,690,8,0,68,free_5min
265.152,118,689,0,0,69,free_5min
265.152,118,689,0,0,70,free_5min
265.152,119,689,0,0,70,free_5min
265.152,126,690,0,0,71,free_5min
265.227,126,690,0,0,71,free_5min
265.266,144,690,0,0,72,free_5min
265.335,164,691,0,0,75,free_5min
265.415,164,691,0,0,75,free_5min
265.449,163,678,0,0,76,free_5min
265.528,163,668,0,0,78,free_5min
265.607,160,661,0,0,78,free_5min
