t_global,x,y,v,em,es,action
3.189,57,638,0,0,73,still_30s
3.189,55,636,0,0,73,still_30s
3.189,56,639,0,0,73,still_30s
3.189,56,639,0,0,73,still_30s
3.189,55,640,0,0,73,still_30s
3.189,56,641,0,0,73,still_30s
3.189,61,641,0,0,73,still_30s
3.189,61,641,0,0,77,still_30s
3.189,67,639,0,0,78,still_30s
3.189,72,640,0,0,78,still_30s
3.189,72,640,0,27,0,still_30s
3.189,73,641,0,27,0,still_30s
3.189,75,642,8,25,0,still_30s
3.189,75,642,8,0,84,still_30s
3.189,70,644,0,0,84,still_30s
3.189,69,645,0,0,87,still_30s
3.189,69,645,0,0,87,still_30s
3.189,77,642,0,0,88,still_30s
3.189,87,638,0,0,89,still_30s
3.189,87,638,0,0,89,still_30s
3.189,98,631,0,0,91,still_30s
3.189,104,624,0,0,92,still_30s
3.189,104,624,0,0,92,still_30s
3.189,107,618,0,0,92,still_30s
3.189,113,615,0,0,91,still_30s
3.189,117,616,0,0,91,still_30s
3.189,117,616,0,0,88,still_30s
3.189,122,622,0,0,88,still_30s
3.189,125,633,0,0,88,still_30s
3.189,125,633,0,0,88,still_30s
3.189,123,646,8,0,88,still_30s
3.189,105,665,8,0,89,still_30s
3.189,84,665,8,0,89,still_30s
3.189,84,665,8,0,90,still_30s
3.189,67,665,8,0,91,still_30s
3.189,51,684,16,0,91,still_30s
3.189,51,684,16,0,90,still_30s
3.189,52,696,8,0,90,still_30s
3.189,61,710,8,0,89,still_30s
3.189,65,717,8,0,88,still_30s
3.189,65,717,8,0,88,still_30s
3.189,71,723,8,0,86,still_30s
3.189,76,726,8,0,85,still_30s
3.189,76,726,8,0,85,still_30s
3.189,83,726,8,0,85,still_30s
3.189,91,725,0,0,84,still_30s
3.189,91,725,0,0,84,still_30s
3.189,98,722,0,0,83,still_30s
3.189,104,720,0,0,83,still_30s
3.189,104,720,0,0,83,still_30s
3.189,106,719,0,0,83,still_30s
3.189,108,719,-8,0,83,still_30s
3.189,108,719,-8,0,83,still_30s
3.189,108,720,0,0,83,still_30s
3.189,112,719,-8,0,80,still_30s
3.189,112,719,-8,0,80,still_30s
3.189,117,718,-8,0,80,still_30s
3.189,122,717,-8,0,79,still_30s
3.189,126,715,-8,0,79,still_30s
3.189,126,715,-8,0,77,still_30s
3.189,131,712,-8,0,75,still_30s
3.189,131,710,-16,0,75,still_30s
3.189,131,710,-16,0,76,still_30s
3.189,131,712,-8,0,78,still_30s
3.189,124,712,-8,0,78,still_30s
3.189,113,712,-8,0,79,still_30s
3.189,113,712,-8,0,78,still_30s
3.189,100,715,-8,0,78,still_30s
3.189,73,719,0,0,78,still_30s
3.237,73,719,0,0,78,still_30s
3.423,58,721,0,0,77,still_30s
3.423,41,722,0,0,74,still_30s
3.423,41,722,0,0,74,still_30s
3.491,33,721,0,0,72,still_30s
3.540,26,714,0,0,72,still_30s
3.609,19,711,0,0,68,still_30s
3.682,19,711,0,0,66,still_30s
3.730,13,710,0,0,66,still_30s
3.805,11,709,0,0,64,still_30s
3.877,11,709,0,0,64,still_30s
3.918,14,707,0,0,63,still_30s
3.991,20,705,0,0,62,still_30s
4.071,20,705,0,0,62,still_30s
4.104,26,701,0,0,60,still_30s
4.169,33,698,0,0,59,still_30s
4.246,33,698,0,0,59,still_30s
4.293,37,696,0,0,57,still_30s
4.358,36,695,0,0,57,still_30s
4.434,36,695,0,0,57,still_30s
4.478,37,693,0,0,57,still_30s
4.574,37,692,0,0,57,still_30s
4.620,36,691,0,0,57,still_30s
4.659,36,691,0,0,56,still_30s
4.727,37,688,0,0,56,still_30s
4.809,35,684,0,0,54,still_30s
4.840,35,684,0,0,53,still_30s
4.930,28,682,0,0,53,still_30s
4.988,22,682,0,0,51,still_30s
5.133,18,683,0,0,51,still_30s
5.133,18,683,0,0,49,still_30s
5.198,14,684,0,0,50,still_30s
5.225,13,683,0,0,50,still_30s
5.293,13,683,0,0,51,still_30s
5.370,19,680,0,0,51,still_30s
5.400,26,679,0,0,50,still_30s
5.477,31,679,0,0,50,still_30s
5.555,31,679,0,0,50,still_30s
5.588,32,682,0,0,51,still_30s
5.666,30,686,0,0,52,still_30s
5.746,30,686,0,0,52,still_30s
5.785,24,692,0,0,51,still_30s
5.849,20,699,0,0,50,still_30s
5.934,20,699,0,0,50,still_30s
5.961,26,700,0,0,50,still_30s
6.037,36,698,0,0,50,still_30s
6.150,36,698,0,0,50,still_30s
6.150,43,696,0,0,49,still_30s
6.224,47,696,0,0,49,still_30s
6.303,47,696,0,0,48,still_30s
6.330,49,694,0,0,48,still_30s
6.404,52,693,0,0,46,still_30s
6.476,52,693,0,0,45,still_30s
6.521,55,691,0,0,45,still_30s
6.598,59,687,0,0,45,still_30s
6.664,64,683,0,0,45,still_30s
6.704,64,683,0,0,46,still_30s
6.773,69,678,0,0,45,still_30s
6.848,70,675,0,0,45,still_30s
6.892,70,675,0,0,43,still_30s
6.992,72,673,0,0,42,still_30s
7.049,74,671,0,0,42,still_30s
7.098,75,671,0,0,43,still_30s
7.162,75,671,0,0,43,still_30s
7.220,76,671,0,0,43,still_30s
7.256,76,672,0,0,43,still_30s
7.330,76,672,0,0,43,still_30s
7.411,71,671,-8,0,43,still_30s
7.449,56,673,0,0,44,still_30s
7.512,56,673,0,0,44,still_30s
7.587,33,670,0,0,45,still_30s
7.635,-28,660,0,0,45,still_30s
7.697,-26,656,0,0,45,still_30s
7.770,-26,656,0,0,45,still_30s
7.820,-21,655,0,0,46,still_30s
7.888,-14,655,0,0,48,still_30s
7.982,-14,655,0,0,48,still_30s
8.004,-6,653,0,0,49,still_30s
8.093,2,652,0,0,51,still_30s
8.152,2,652,0,0,51,still_30s
8.249,9,652,0,0,52,still_30s
8.259,13,652,0,0,54,still_30s
8.327,13,652,0,0,54,still_30s
8.386,17,652,0,0,55,still_30s
8.441,19,653,0,0,56,still_30s
8.514,19,653,0,0,56,still_30s
8.550,17,653,0,0,57,still_30s
8.640,18,653,0,0,57,still_30s
8.737,18,653,0,0,58,still_30s
8.737,21,653,0,0,58,still_30s
8.822,29,652,0,0,59,still_30s
8.897,29,652,0,0,60,still_30s
8.928,40,650,0,0,60,still_30s
9.004,48,649,0,0,62,still_30s
9.074,58,647,0,0,62,still_30s
9.110,58,647,0,0,63,still_30s
9.183,66,642,0,0,65,still_30s
9.259,69,638,0,0,65,still_30s
9.328,69,638,0,0,66,still_30s
9.374,70,638,0,0,66,still_30s
9.439,70,642,0,0,66,still_30s
9.476,66,649,0,0,66,still_30s
9.555,66,649,0,0,66,still_30s
9.639,57,661,0,0,66,still_30s
9.665,48,675,0,0,65,still_30s
9.739,48,675,0,0,65,still_30s
9.804,44,692,0,0,63,still_30s
9.858,46,697,0,0,62,still_30s
9.927,49,700,0,0,62,still_30s
10.009,49,700,0,0,62,still_30s
10.051,54,699,0,0,62,still_30s
10.108,60,696,0,0,62,still_30s
10.188,60,696,0,0,61,still_30s
10.227,63,693,-8,0,61,still_30s
10.294,65,692,0,0,61,still_30s
10.371,65,692,0,0,61,still_30s
10.408,62,691,0,0,61,still_30s
10.482,59,691,0,0,61,still_30s
10.560,59,691,0,0,61,still_30s
10.587,60,689,0,0,61,still_30s
10.662,66,688,0,0,62,still_30s
10.741,66,688,0,0,62,still_30s
10.777,75,687,0,0,62,still_30s
10.869,78,687,0,0,63,still_30s
10.922,78,687,0,0,63,still_30s
10.958,72,690,0,0,64,still_30s
11.033,66,693,0,0,64,still_30s
11.107,66,693,0,0,64,still_30s
11.148,67,693,0,0,65,still_30s
11.213,74,691,0,0,65,still_30s
11.312,74,691,0,0,66,still_30s
11.331,79,688,0,0,66,still_30s
11.407,86,685,0,0,66,still_30s
11.470,94,682,8,0,66,still_30s
11.515,94,682,8,0,66,still_30s
11.591,100,681,0,0,66,still_30s
11.655,104,680,0,0,66,still_30s
11.707,104,680,0,0,66,still_30s
11.782,106,681,0,0,66,still_30s
11.839,105,681,0,0,66,still_30s
11.887,104,680,0,0,65,still_30s
11.963,104,680,0,0,65,still_30s
12.038,107,680,0,0,65,still_30s
12.069,111,679,0,0,66,still_30s
12.153,111,679,0,0,66,still_30s
12.221,117,679,0,0,66,still_30s
12.253,119,679,0,0,65,still_30s
12.363,119,678,0,0,65,still_30s
12.399,119,678,0,0,64,still_30s
12.441,119,676,0,0,64,still_30s
12.532,121,675,0,0,64,still_30s
12.595,121,675,0,0,63,still_30s
12.635,120,675,0,0,63,still_30s
12.702,121,673,0,0,63,still_30s
12.778,121,673,0,0,63,still_30s
12.828,123,670,0,0,62,still_30s
12.909,124,666,0,0,61,still_30s
12.962,124,666,0,0,61,still_30s
12.990,125,663,0,0,60,still_30s
13.064,127,661,0,0,59,still_30s
13.142,127,661,0,0,59,still_30s
13.176,128,659,0,0,58,still_30s
13.265,132,659,0,0,58,still_30s
13.318,132,659,0,0,58,still_30s
13.370,137,659,0,0,58,still_30s
13.435,140,659,0,0,58,still_30s
13.503,140,659,0,0,57,still_30s
13.551,140,661,0,0,58,still_30s
13.641,142,662,0,0,58,still_30s
13.695,142,662,0,0,58,still_30s
13.730,146,660,0,0,58,still_30s
13.831,152,658,0,0,58,still_30s
13.892,158,656,0,0,59,still_30s
13.918,158,656,0,0,59,still_30s
14.009,164,653,0,0,58,still_30s
14.089,169,651,0,0,58,still_30s
14.107,171,649,0,0,58,still_30s
14.187,171,649,0,0,57,still_30s
14.269,171,651,-8,0,57,still_30s
14.318,165,651,0,0,57,still_30s
14.360,165,651,0,0,56,still_30s
14.433,161,652,0,0,56,still_30s
14.482,160,652,0,0,55,still_30s
14.586,160,652,0,0,54,still_30s
14.615,161,654,0,0,54,still_30s
14.656,159,655,0,0,53,still_30s
14.738,158,656,0,0,53,still_30s
14.807,158,656,0,0,52,still_30s
14.864,160,654,0,0,51,still_30s
14.914,168,652,0,0,51,still_30s
14.992,168,652,0,0,50,still_30s
15.026,179,648,0,0,50,still_30s
15.102,191,650,0,0,49,still_30s
15.176,191,650,0,0,49,still_30s
15.209,199,653,0,0,49,still_30s
15.288,198,654,0,0,49,still_30s
15.384,198,654,0,0,49,still_30s
15.403,195,655,0,0,49,still_30s
15.487,191,655,0,0,49,still_30s
15.551,191,655,0,0,49,still_30s
15.580,188,654,0,0,50,still_30s
15.660,186,652,0,0,52,still_30s
15.734,186,652,0,0,52,still_30s
15.814,186,650,0,0,54,still_30s
15.837,187,647,0,0,54,still_30s
15.938,187,647,0,0,55,still_30s
15.964,185,645,0,0,56,still_30s
16.030,182,648,0,0,56,still_30s
16.099,178,653,0,0,56,still_30s
16.174,178,653,0,0,56,still_30s
16.213,178,657,0,0,57,still_30s
16.291,182,658,-8,0,59,still_30s
16.324,182,658,-8,0,59,still_30s
16.425,186,659,0,0,61,still_30s
16.468,188,660,0,0,61,still_30s
16.509,189,658,0,0,62,still_30s
16.598,189,658,0,0,62,still_30s
16.657,187,656,0,0,62,still_30s
16.699,184,656,0,0,63,still_30s
16.810,184,656,0,0,63,still_30s
16.838,181,655,0,0,63,still_30s
16.893,179,654,0,0,62,still_30s
16.946,180,654,0,0,62,still_30s
17.029,180,654,0,0,62,still_30s
17.059,182,653,0,0,61,still_30s
17.133,184,652,0,0,61,still_30s
17.210,184,652,0,0,61,still_30s
17.250,185,652,0,0,61,still_30s
17.329,182,652,0,0,61,still_30s
17.400,182,652,0,0,60,still_30s
17.468,168,652,0,0,60,still_30s
17.510,154,652,0,0,61,still_30s
17.582,154,652,0,0,62,still_30s
17.616,146,651,0,0,62,still_30s
17.709,147,651,0,0,63,still_30s
17.770,147,651,0,0,63,still_30s
17.816,147,651,0,0,65,still_30s
17.886,144,655,0,0,66,still_30s
17.964,144,655,0,0,66,still_30s
17.988,144,660,0,0,67,still_30s
18.067,149,664,0,0,68,still_30s
18.138,149,664,0,0,68,still_30s
18.172,154,662,0,0,69,still_30s
18.255,159,660,0,0,70,still_30s
18.399,159,655,0,0,70,still_30s
18.399,159,655,0,0,71,still_30s
18.442,158,651,0,0,71,still_30s
18.515,157,649,0,0,72,still_30s
18.548,157,649,0,0,73,still_30s
18.617,156,646,0,0,73,still_30s
18.702,151,642,8,0,74,still_30s
18.747,145,639,0,0,74,still_30s
18.806,145,639,0,0,74,still_30s
18.880,140,640,0,0,75,still_30s
18.922,137,648,0,0,75,still_30s
19.009,137,648,0,0,76,still_30s
19.074,141,659,0,0,76,still_30s
19.115,150,670,0,0,76,still_30s
19.202,163,668,0,0,76,still_30s
19.302,163,668,0,0,76,still_30s
19.302,177,664,0,0,76,still_30s
19.404,161,662,0,0,75,still_30s
19.434,161,662,0,0,75,still_30s
19.480,140,663,0,0,73,still_30s
19.565,125,670,0,0,72,still_30s
19.621,125,670,0,0,72,still_30s
19.661,121,680,0,0,70,still_30s
19.727,123,689,0,0,70,still_30s
19.803,123,689,0,0,68,still_30s
19.843,129,695,0,0,66,still_30s
19.918,135,693,0,0,66,still_30s
19.985,135,693,0,0,64,still_30s
20.035,143,689,0,0,64,still_30s
20.105,152,684,0,0,62,still_30s
20.172,152,684,0,0,62,still_30s
20.217,172,677,0,0,62,still_30s
20.291,191,669,0,0,62,still_30s
20.369,191,669,0,0,62,still_30s
20.407,197,665,0,0,62,still_30s
20.487,193,664,0,0,61,still_30s
20.542,181,663,0,0,61,still_30s
20.587,181,663,0,0,61,still_30s
20.661,168,661,0,0,61,still_30s
20.727,175,658,0,0,61,still_30s
20.773,175,658,0,0,62,still_30s
20.854,185,654,0,0,63,still_30s
20.937,165,651,0,0,63,still_30s
20.968,143,651,0,0,65,still_30s
21.038,143,651,0,0,65,still_30s
21.100,93,652,0,0,67,still_30s
21.147,54,654,0,0,67,still_30s
21.211,54,654,0,0,67,still_30s
21.287,42,656,0,0,68,still_30s
21.327,32,657,0,0,68,still_30s
21.467,32,657,0,0,69,still_30s
21.498,30,657,0,0,69,still_30s
21.515,34,661,0,0,69,still_30s
21.586,42,668,0,0,69,still_30s
21.659,42,668,0,0,69,still_30s
21.702,52,672,0,0,69,still_30s
21.767,70,683,0,0,68,still_30s
21.849,70,683,0,0,68,still_30s
21.883,77,691,0,0,68,still_30s
21.958,79,703,0,0,68,still_30s
22.023,79,703,0,0,68,still_30s
22.068,82,709,0,0,67,still_30s
22.152,78,726,0,0,68,still_30s
22.211,78,726,0,0,68,still_30s
22.256,53,726,0,0,68,still_30s
22.323,24,726,0,0,68,still_30s
22.402,24,726,0,0,68,still_30s
22.444,0,726,0,0,68,still_30s
22.527,2,721,0,0,68,still_30s
22.582,2,721,0,0,67,still_30s
22.619,9,717,0,0,67,still_30s
22.717,30,722,0,0,67,still_30s
22.772,30,722,0,0,67,still_30s
22.816,53,733,0,0,67,still_30s
22.884,85,751,0,0,66,still_30s
22.950,124,761,0,0,66,still_30s
22.992,124,761,0,0,66,still_30s
23.061,155,751,0,0,66,still_30s
23.137,165,740,0,0,66,still_30s
23.182,165,740,0,0,66,still_30s
23.247,158,751,0,0,68,still_30s
23.325,141,789,0,0,68,still_30s
23.365,113,816,0,0,69,still_30s
23.438,113,816,0,0,69,still_30s
23.512,96,811,0,0,71,still_30s
23.542,84,789,0,0,74,still_30s
23.621,84,789,0,0,74,still_30s
23.688,81,781,0,0,78,still_30s
23.730,82,773,0,0,78,still_30s
23.822,82,773,0,0,82,still_30s
23.877,88,766,0,0,84,still_30s
23.923,94,761,0,0,84,still_30s
23.994,99,760,0,0,86,still_30s
24.061,99,760,0,0,86,still_30s
24.122,101,762,0,0,86,still_30s
24.180,102,764,0,0,85,still_30s
24.246,102,764,0,0,85,still_30s
24.293,102,766,0,0,84,still_30s
24.370,101,764,0,0,85,still_30s
24.468,101,764,0,0,85,still_30s
24.486,99,756,0,0,86,still_30s
24.589,95,750,0,0,86,still_30s
24.624,95,750,0,0,86,still_30s
24.677,87,743,-8,0,85,still_30s
24.734,80,737,0,0,85,still_30s
24.810,80,737,0,0,83,still_30s
24.844,96,735,0,0,82,still_30s
24.923,111,736,0,0,82,still_30s
24.988,111,736,0,0,79,still_30s
25.043,119,739,0,0,79,still_30s
25.134,125,741,0,0,77,still_30s
25.186,129,743,0,0,77,still_30s
25.220,129,743,0,0,75,still_30s
25.282,132,742,0,0,75,still_30s
25.366,135,739,0,0,75,still_30s
25.398,135,739,0,0,75,still_30s
25.473,136,735,0,0,74,still_30s
25.547,137,730,0,0,74,still_30s
25.589,139,725,0,0,74,still_30s
25.667,139,725,0,0,73,still_30s
25.726,140,720,0,0,73,still_30s
25.776,141,716,0,0,72,still_30s
25.850,141,716,0,0,71,still_30s
25.931,141,713,0,0,71,still_30s
25.950,142,710,0,0,70,still_30s
26.038,142,710,0,0,70,still_30s
26.129,144,709,0,0,68,still_30s
26.144,148,704,0,0,67,still_30s
26.215,155,699,0,0,67,still_30s
26.290,155,699,0,0,66,still_30s
26.389,163,696,0,0,66,still_30s
26.410,170,693,0,0,64,still_30s
26.478,170,693,0,0,64,still_30s
26.511,176,693,0,0,63,still_30s
26.583,177,695,0,0,63,still_30s
26.663,177,695,0,0,63,still_30s
26.693,180,696,0,0,62,still_30s
26.767,176,699,0,0,62,still_30s
26.837,176,699,0,0,62,still_30s
26.876,174,702,0,0,61,still_30s
26.959,178,702,0,0,61,still_30s
27.028,178,702,0,0,61,still_30s
27.081,187,697,0,0,60,still_30s
27.148,198,689,0,0,60,still_30s
27.225,198,689,0,0,59,still_30s
27.277,205,683,0,0,58,still_30s
27.341,202,681,0,0,58,still_30s
27.395,202,681,0,0,57,still_30s
27.440,196,680,0,0,57,still_30s
27.511,188,679,0,0,57,still_30s
27.588,167,677,0,0,56,still_30s
27.631,167,677,0,0,56,still_30s
27.703,153,676,0,0,54,still_30s
27.770,140,677,0,0,54,still_30s
27.802,140,677,0,0,52,still_30s
27.891,123,674,0,0,51,still_30s
27.952,109,674,0,0,51,still_30s
27.987,104,676,0,0,50,still_30s
28.058,104,676,0,0,50,still_30s
28.165,105,679,0,0,50,still_30s
28.176,103,680,0,0,50,still_30s
28.255,103,680,0,0,49,still_30s
28.334,87,670,0,0,49,still_30s
28.378,70,658,0,0,47,still_30s
28.442,74,654,0,0,47,still_30s
28.506,74,654,0,0,45,still_30s
28.543,81,658,0,0,45,still_30s
28.635,89,662,0,0,45,still_30s
28.692,89,662,0,0,45,still_30s
28.735,110,673,0,0,45,still_30s
28.800,127,680,0,0,46,still_30s
28.897,127,680,0,0,46,still_30s
28.920,137,687,0,0,46,still_30s
28.995,139,693,0,0,46,still_30s
29.062,139,693,0,0,46,still_30s
29.108,143,694,0,0,46,still_30s
29.201,146,695,0,0,46,still_30s
29.258,146,695,0,0,46,still_30s
29.291,154,689,0,0,45,still_30s
29.364,160,684,0,0,44,still_30s
29.434,160,684,0,0,44,still_30s
29.468,163,682,0,0,43,still_30s
29.549,164,681,0,0,42,still_30s
29.613,164,681,0,0,42,still_30s
29.661,163,680,0,0,41,still_30s
29.738,160,680,0,0,41,still_30s
29.802,157,680,0,0,41,still_30s
29.844,157,680,0,0,40,still_30s
29.924,149,678,0,0,40,still_30s
29.998,141,676,0,0,40,still_30s
30.028,141,676,0,0,40,still_30s
30.123,137,675,0,0,41,still_30s
30.178,134,673,0,0,41,still_30s
30.231,131,672,0,0,41,still_30s
30.304,131,672,0,0,42,still_30s
30.361,129,673,0,0,42,still_30s
30.405,128,677,0,0,43,still_30s
30.474,128,677,0,0,44,still_30s
30.545,124,680,0,0,44,still_30s
30.585,120,682,0,0,46,still_30s
30.682,119,682,0,0,48,still_30s
30.749,119,682,0,0,48,still_30s
30.777,127,680,0,0,49,still_30s
30.854,140,681,0,0,50,still_30s
30.931,140,681,0,0,50,still_30s
30.954,151,683,0,0,51,still_30s
31.032,153,682,0,0,51,still_30s
31.099,153,682,0,0,52,still_30s
31.149,160,680,0,0,53,still_30s
31.234,172,673,0,0,53,still_30s
31.292,172,673,0,0,53,still_30s
31.327,183,665,0,0,53,still_30s
31.403,195,655,0,0,53,still_30s
31.528,195,655,0,0,53,still_30s
31.528,204,651,0,0,52,still_30s
31.588,207,654,0,0,51,still_30s
31.730,207,654,0,0,51,still_30s
31.730,205,662,0,0,50,still_30s
31.770,200,668,0,0,49,still_30s
31.840,200,668,0,0,49,still_30s
31.876,191,671,0,0,48,still_30s
31.948,181,676,0,0,48,still_30s
32.025,162,724,0,0,48,still_30s
32.069,162,724,0,0,48,still_30s
32.134,149,786,0,0,48,still_30s
32.232,154,896,0,0,48,still_30s
32.254,154,896,0,0,49,still_30s
32.326,180,998,0,0,49,still_30s
32.416,211,1082,0,0,49,still_30s
32.438,200,1043,0,0,49,still_30s
32.518,200,1043,0,0,48,still_30s
32.597,183,983,0,0,48,still_30s
32.632,165,921,0,0,48,still_30s
32.702,165,921,0,0,48,still_30s
32.780,127,809,0,0,48,still_30s
32.808,91,720,0,0,48,still_30s
32.882,52,648,0,0,49,still_30s
32.960,52,648,0,0,49,still_30s
33.003,17,586,0,0,49,still_30s
33.068,-24,535,0,0,51,still_30s
33.137,-24,535,0,0,51,still_30s
33.187,-51,511,0,0,52,still_30s
38.410,-63,521,0,0,53,slow_sweep
38.410,-63,521,0,0,53,slow_sweep
38.410,-65,534,0,0,54,slow_sweep
38.410,-60,547,0,0,54,slow_sweep
38.410,-60,547,0,0,54,slow_sweep
38.410,-58,560,0,0,55,slow_sweep
38.410,-48,574,0,0,55,slow_sweep
38.410,-48,574,0,0,56,slow_sweep
38.410,-38,588,0,0,56,slow_sweep
38.410,-38,595,0,0,57,slow_sweep
38.410,-38,595,0,0,58,slow_sweep
38.410,-44,594,0,0,58,slow_sweep
38.410,-45,578,0,0,58,slow_sweep
38.410,-45,578,0,0,58,slow_sweep
38.410,-45,569,0,0,59,slow_sweep
38.410,-47,567,0,0,60,slow_sweep
38.410,-43,567,0,0,60,slow_sweep
38.410,-43,567,0,0,60,slow_sweep
38.410,-39,571,0,0,60,slow_sweep
38.410,-39,577,0,0,60,slow_sweep
38.410,-41,581,0,0,60,slow_sweep
38.410,-41,581,0,0,59,slow_sweep
38.410,-43,584,0,0,59,slow_sweep
38.410,-48,585,0,0,58,slow_sweep
38.410,-48,585,0,0,58,slow_sweep
38.410,-52,585,0,0,57,slow_sweep
38.410,-51,587,0,0,56,slow_sweep
38.410,-51,587,0,0,56,slow_sweep
38.410,-49,590,0,0,54,slow_sweep
38.410,-51,590,0,0,54,slow_sweep
38.410,-59,589,0,0,53,slow_sweep
38.410,-59,589,0,0,53,slow_sweep
38.410,-66,586,0,0,53,slow_sweep
38.410,-58,579,0,0,52,slow_sweep
38.410,-58,579,0,0,52,slow_sweep
38.410,-41,569,0,0,52,slow_sweep
38.410,-22,561,0,0,52,slow_sweep
38.410,-22,561,0,0,52,slow_sweep
38.410,-3,556,0,0,52,slow_sweep
38.410,12,554,0,0,52,slow_sweep
38.410,12,554,0,0,52,slow_sweep
38.410,25,553,0,0,51,slow_sweep
38.410,34,554,0,0,50,slow_sweep
38.410,34,554,0,0,50,slow_sweep
38.410,44,553,0,0,50,slow_sweep
38.410,55,551,0,0,50,slow_sweep
38.410,55,551,0,0,50,slow_sweep
38.410,65,551,0,0,50,slow_sweep
38.410,77,552,0,0,50,slow_sweep
38.410,84,554,0,0,49,slow_sweep
38.410,84,554,0,0,49,slow_sweep
38.410,90,557,0,0,49,slow_sweep
38.410,97,559,0,0,49,slow_sweep
38.410,106,560,0,0,49,slow_sweep
38.410,106,560,0,0,49,slow_sweep
38.410,116,560,0,0,49,slow_sweep
38.410,127,560,0,0,49,slow_sweep
38.410,127,560,0,0,50,slow_sweep
38.410,139,558,0,0,50,slow_sweep
38.410,149,557,0,0,49,slow_sweep
38.410,161,555,0,0,49,slow_sweep
38.410,161,555,0,0,49,slow_sweep
38.410,173,552,0,0,48,slow_sweep
38.410,182,553,0,0,48,slow_sweep
38.410,182,553,0,0,48,slow_sweep
38.410,187,557,0,0,49,slow_sweep
38.410,189,561,0,0,49,slow_sweep
38.410,189,561,0,0,49,slow_sweep
38.410,189,566,0,0,50,slow_sweep
38.410,192,569,0,0,50,slow_sweep
38.410,192,569,0,0,51,slow_sweep
38.410,193,570,0,0,52,slow_sweep
38.410,193,571,0,0,52,slow_sweep
38.410,193,571,0,0,53,slow_sweep
38.410,181,571,0,0,53,slow_sweep
38.410,168,574,0,0,54,slow_sweep
38.410,168,574,0,0,55,slow_sweep
38.410,160,578,0,0,55,slow_sweep
38.410,157,584,0,0,55,slow_sweep
38.410,156,593,0,0,55,slow_sweep
38.410,156,593,0,0,55,slow_sweep
38.410,153,601,0,0,55,slow_sweep
38.410,145,609,0,0,55,slow_sweep
38.410,134,613,0,0,54,slow_sweep
38.467,134,613,0,0,52,slow_sweep
38.543,100,628,0,0,52,slow_sweep
38.588,63,624,0,0,52,slow_sweep
38.655,63,624,0,0,52,slow_sweep
38.734,19,602,0,0,52,slow_sweep
38.767,-56,551,0,0,53,slow_sweep
38.845,-20,521,0,0,53,slow_sweep
38.923,-20,521,0,0,53,slow_sweep
38.968,63,499,0,0,55,slow_sweep
39.027,152,488,0,0,55,slow_sweep
39.101,152,488,0,0,56,slow_sweep
39.146,231,490,0,0,57,slow_sweep
39.213,301,498,0,0,57,slow_sweep
39.302,301,498,0,0,58,slow_sweep
39.325,351,512,0,0,58,slow_sweep
39.403,328,539,0,0,58,slow_sweep
39.481,328,539,0,0,58,slow_sweep
39.515,292,570,0,0,58,slow_sweep
39.593,279,585,0,0,57,slow_sweep
39.662,279,585,0,0,57,slow_sweep
39.709,273,598,0,0,57,slow_sweep
39.770,280,605,0,0,57,slow_sweep
39.848,280,605,0,0,57,slow_sweep
39.913,284,610,0,0,57,slow_sweep
39.965,279,617,0,0,57,slow_sweep
40.051,280,624,0,0,57,slow_sweep
40.084,280,624,0,0,58,slow_sweep
40.142,281,630,0,0,59,slow_sweep
40.222,272,622,0,0,59,slow_sweep
40.254,272,622,0,0,62,slow_sweep
40.330,264,621,0,0,62,slow_sweep
40.402,248,620,8,0,62,slow_sweep
40.449,194,616,0,0,62,slow_sweep
40.527,194,616,0,0,62,slow_sweep
40.602,139,611,0,0,63,slow_sweep
40.637,48,585,0,0,63,slow_sweep
40.713,48,585,0,0,65,slow_sweep
40.807,-14,563,0,0,64,slow_sweep
40.821,-9,568,0,0,64,slow_sweep
40.904,-8,572,8,0,64,slow_sweep
40.980,-8,572,8,0,64,slow_sweep
41.009,-3,577,0,0,64,slow_sweep
41.080,3,583,0,0,63,slow_sweep
41.153,3,583,0,0,63,slow_sweep
41.200,14,589,-8,0,61,slow_sweep
41.265,30,597,0,0,60,slow_sweep
41.369,30,597,0,0,60,slow_sweep
41.395,75,615,-8,0,60,slow_sweep
41.458,91,623,0,0,59,slow_sweep
41.520,91,623,0,0,59,slow_sweep
41.563,115,627,-8,0,57,slow_sweep
41.659,129,626,8,0,57,slow_sweep
41.708,129,626,8,0,55,slow_sweep
41.745,136,625,0,0,55,slow_sweep
41.828,136,628,0,0,55,slow_sweep
41.911,136,628,0,0,54,slow_sweep
41.939,136,632,0,0,54,slow_sweep
42.009,136,635,0,0,53,slow_sweep
42.072,136,635,0,0,53,slow_sweep
42.114,135,638,0,0,53,slow_sweep
42.191,136,640,0,0,53,slow_sweep
42.270,138,641,8,0,53,slow_sweep
42.310,138,641,8,0,54,slow_sweep
42.385,141,642,8,19,0,slow_sweep
42.457,144,644,8,19,0,slow_sweep
42.503,143,646,0,0,55,slow_sweep
42.591,143,646,0,0,57,slow_sweep
42.645,145,648,0,0,57,slow_sweep
42.682,147,649,0,0,58,slow_sweep
42.746,147,649,0,0,59,slow_sweep
42.823,145,652,8,0,59,slow_sweep
42.862,134,654,-8,17,0,slow_sweep
42.937,134,654,-8,17,0,slow_sweep
43.017,126,656,0,0,62,slow_sweep
43.042,130,656,0,0,62,slow_sweep
43.118,132,656,0,0,62,slow_sweep
43.197,132,656,0,0,62,slow_sweep
43.250,127,654,8,0,62,slow_sweep
43.305,121,656,8,22,0,slow_sweep
43.376,121,656,8,0,64,slow_sweep
43.428,116,660,0,0,64,slow_sweep
43.491,112,664,0,0,66,slow_sweep
43.561,112,664,0,0,66,slow_sweep
43.613,112,667,0,0,68,slow_sweep
43.689,118,668,0,0,68,slow_sweep
43.743,118,668,0,0,68,slow_sweep
43.786,127,672,0,0,71,slow_sweep
43.870,138,679,-8,0,72,slow_sweep
43.950,138,679,-8,0,72,slow_sweep
43.987,152,681,0,0,73,slow_sweep
44.041,161,682,8,0,73,slow_sweep
44.180,161,682,8,0,73,slow_sweep
44.180,167,684,0,0,72,slow_sweep
44.225,171,685,0,0,72,slow_sweep
44.325,171,685,0,0,71,slow_sweep
44.367,176,686,-8,0,70,slow_sweep
44.430,181,689,-8,0,70,slow_sweep
44.525,184,691,0,0,68,slow_sweep
44.545,184,691,0,0,68,slow_sweep
44.603,188,690,-8,0,66,slow_sweep
44.686,190,691,0,0,66,slow_sweep
44.738,190,689,0,0,66,slow_sweep
44.805,190,689,0,0,65,slow_sweep
44.864,191,688,0,0,65,slow_sweep
44.898,188,684,0,0,64,slow_sweep
44.985,188,684,0,0,63,slow_sweep
45.047,186,683,0,0,63,slow_sweep
45.088,189,683,0,0,64,slow_sweep
45.168,189,683,0,0,64,slow_sweep
45.238,194,685,0,0,64,slow_sweep
45.265,200,689,0,0,64,slow_sweep
45.347,205,691,0,0,62,slow_sweep
45.412,205,691,0,0,62,slow_sweep
45.455,209,692,0,0,63,slow_sweep
45.534,213,693,0,0,63,slow_sweep
45.598,213,693,0,0,64,slow_sweep
45.642,218,696,0,0,64,slow_sweep
45.709,221,701,0,0,65,slow_sweep
45.813,221,701,0,0,64,slow_sweep
45.851,228,708,0,0,64,slow_sweep
45.891,234,713,0,0,65,slow_sweep
46.009,234,713,0,0,65,slow_sweep
46.009,235,711,0,0,65,slow_sweep
46.098,234,707,0,0,65,slow_sweep
46.156,234,707,0,0,65,slow_sweep
46.201,229,701,0,0,63,slow_sweep
46.266,224,696,0,0,62,slow_sweep
46.365,224,696,0,0,62,slow_sweep
46.380,215,692,0,0,62,slow_sweep
46.454,203,692,0,0,62,slow_sweep
46.535,203,692,0,0,62,slow_sweep
46.580,183,692,0,0,61,slow_sweep
46.683,135,695,0,0,61,slow_sweep
46.738,118,695,0,0,60,slow_sweep
46.749,118,695,0,0,61,slow_sweep
46.824,100,695,0,0,61,slow_sweep
46.898,73,692,0,0,58,slow_sweep
46.948,73,692,0,0,58,slow_sweep
47.039,44,689,0,0,60,slow_sweep
47.116,30,690,-8,22,0,slow_sweep
47.164,28,691,0,22,0,slow_sweep
47.190,28,691,0,0,66,slow_sweep
47.278,30,692,-8,0,66,slow_sweep
47.403,32,693,-8,0,65,slow_sweep
47.403,32,693,-8,0,65,slow_sweep
47.448,42,691,0,0,65,slow_sweep
47.493,50,690,-8,0,66,slow_sweep
47.559,50,690,-8,27,0,slow_sweep
47.657,62,692,-8,27,0,slow_sweep
47.676,75,696,0,0,67,slow_sweep
47.765,85,699,0,0,67,slow_sweep
47.818,85,699,0,0,67,slow_sweep
47.876,107,710,0,21,0,slow_sweep
47.935,114,714,0,21,0,slow_sweep
48.007,114,714,0,0,69,slow_sweep
48.045,120,713,0,0,71,slow_sweep
48.124,127,711,0,0,71,slow_sweep
48.190,127,711,0,22,0,slow_sweep
48.261,133,709,0,22,0,slow_sweep
48.304,133,705,8,0,72,slow_sweep
48.377,133,705,8,0,73,slow_sweep
48.414,134,702,0,0,73,slow_sweep
48.490,134,700,0,0,74,slow_sweep
48.556,134,700,0,0,74,slow_sweep
48.606,133,701,0,0,74,slow_sweep
48.683,132,703,0,0,75,slow_sweep
48.745,132,703,0,0,75,slow_sweep
48.787,125,706,0,21,0,slow_sweep
48.887,119,709,0,0,80,slow_sweep
48.929,119,711,0,0,80,slow_sweep
49.020,119,711,0,0,81,slow_sweep
49.084,124,711,0,0,81,slow_sweep
49.118,130,710,0,0,81,slow_sweep
49.169,130,710,0,0,81,slow_sweep
49.231,137,707,0,0,81,slow_sweep
49.316,142,703,0,0,81,slow_sweep
49.346,151,699,0,0,81,slow_sweep
49.412,151,699,0,0,81,slow_sweep
49.491,160,698,0,0,81,slow_sweep
49.534,167,698,0,0,81,slow_sweep
49.613,167,698,0,0,81,slow_sweep
49.677,171,700,0,0,80,slow_sweep
49.751,174,707,0,0,80,slow_sweep
49.800,173,716,0,0,80,slow_sweep
49.860,173,716,0,0,80,slow_sweep
49.922,164,726,0,0,82,slow_sweep
49.969,155,736,0,0,83,slow_sweep
50.061,155,736,0,0,83,slow_sweep
50.082,162,739,0,0,84,slow_sweep
50.156,167,735,0,0,86,slow_sweep
50.243,167,735,0,0,86,slow_sweep
50.307,172,731,0,0,87,slow_sweep
50.348,173,725,0,0,87,slow_sweep
50.421,173,725,0,0,87,slow_sweep
50.455,175,720,0,0,86,slow_sweep
50.535,175,714,-8,0,86,slow_sweep
50.608,175,714,-8,0,87,slow_sweep
50.641,175,711,0,0,88,slow_sweep
50.712,175,708,0,0,88,slow_sweep
50.791,175,708,0,0,88,slow_sweep
50.825,177,705,0,0,88,slow_sweep
50.899,180,702,0,0,89,slow_sweep
50.983,180,702,0,0,88,slow_sweep
51.021,186,698,0,0,88,slow_sweep
51.116,191,694,0,0,84,slow_sweep
51.166,194,692,8,0,84,slow_sweep
51.220,194,692,8,0,81,slow_sweep
51.272,196,693,0,0,80,slow_sweep
51.352,198,695,0,0,80,slow_sweep
51.393,198,695,0,0,80,slow_sweep
51.455,198,697,0,0,80,slow_sweep
51.551,199,695,8,0,80,slow_sweep
51.638,198,694,0,0,78,slow_sweep
51.656,198,694,0,0,79,slow_sweep
51.714,197,692,8,0,79,slow_sweep
51.760,194,690,0,0,77,slow_sweep
51.853,194,690,0,0,77,slow_sweep
51.939,191,688,8,0,76,slow_sweep
51.939,193,687,0,0,76,slow_sweep
52.042,193,687,0,0,77,slow_sweep
52.092,198,687,0,0,76,slow_sweep
52.152,204,689,-8,0,76,slow_sweep
52.202,212,688,0,0,74,slow_sweep
52.265,212,688,0,0,74,slow_sweep
52.318,228,680,0,0,73,slow_sweep
52.405,243,672,0,0,72,slow_sweep
52.452,243,672,0,0,72,slow_sweep
52.553,263,660,0,0,72,slow_sweep
52.570,251,657,0,0,71,slow_sweep
52.670,251,657,0,0,71,slow_sweep
52.694,240,657,0,0,70,slow_sweep
52.754,234,660,0,0,67,slow_sweep
52.848,234,660,0,0,67,slow_sweep
52.945,229,662,0,0,67,slow_sweep
52.945,225,665,0,0,67,slow_sweep
53.025,225,665,0,0,67,slow_sweep
53.056,220,669,0,0,67,slow_sweep
53.123,214,672,0,0,67,slow_sweep
53.207,214,672,0,0,67,slow_sweep
53.252,209,675,0,0,67,slow_sweep
53.332,207,681,0,0,68,slow_sweep
53.384,209,685,0,0,69,slow_sweep
53.428,209,685,0,0,69,slow_sweep
53.496,212,686,0,0,69,slow_sweep
53.567,218,690,0,0,69,slow_sweep
53.611,218,690,0,0,68,slow_sweep
53.685,227,699,0,0,68,slow_sweep
53.792,240,709,0,0,68,slow_sweep
53.792,277,737,0,0,69,slow_sweep
53.878,277,737,0,0,70,slow_sweep
53.952,284,724,0,0,70,slow_sweep
53.974,282,716,0,21,0,slow_sweep
54.048,282,716,0,0,72,slow_sweep
54.137,278,709,0,0,72,slow_sweep
54.158,275,702,0,0,73,slow_sweep
54.231,275,702,0,0,73,slow_sweep
54.308,274,698,-8,0,71,slow_sweep
54.366,269,697,-8,0,70,slow_sweep
54.421,265,695,-8,0,70,slow_sweep
54.496,265,695,-8,22,0,slow_sweep
54.535,263,696,0,22,0,slow_sweep
54.618,260,693,0,0,75,slow_sweep
54.706,260,693,0,0,73,slow_sweep
54.724,262,687,0,0,73,slow_sweep
54.795,263,684,0,0,74,slow_sweep
54.892,263,684,0,0,74,slow_sweep
54.903,260,684,0,0,74,slow_sweep
54.982,257,685,0,0,73,slow_sweep
55.084,257,685,0,0,73,slow_sweep
55.102,254,685,0,0,73,slow_sweep
55.160,255,681,8,0,73,slow_sweep
55.235,255,681,8,0,73,slow_sweep
55.275,256,679,0,33,0,slow_sweep
55.352,252,680,0,33,0,slow_sweep
55.433,252,680,0,33,0,slow_sweep
55.456,245,680,0,33,0,slow_sweep
55.539,239,681,0,33,0,slow_sweep
55.606,239,681,0,0,82,slow_sweep
55.649,235,682,0,0,81,slow_sweep
55.716,234,682,0,0,81,slow_sweep
55.802,234,682,0,26,0,slow_sweep
55.825,234,682,0,26,0,slow_sweep
55.917,239,678,0,0,83,slow_sweep
55.980,242,676,0,0,83,slow_sweep
56.027,242,676,0,0,83,slow_sweep
56.115,246,676,0,0,84,slow_sweep
56.160,248,675,0,0,84,slow_sweep
56.209,248,677,0,0,86,slow_sweep
56.335,248,677,0,0,85,slow_sweep
56.352,243,679,0,0,85,slow_sweep
56.392,232,679,0,0,85,slow_sweep
56.468,232,679,0,0,84,slow_sweep
56.546,219,681,0,0,84,slow_sweep
56.569,210,681,0,0,85,slow_sweep
56.640,210,681,0,0,85,slow_sweep
56.731,175,671,0,0,84,slow_sweep
56.758,150,663,0,0,84,slow_sweep
56.843,143,658,0,0,84,slow_sweep
56.898,143,658,0,0,85,slow_sweep
56.943,142,659,0,0,86,slow_sweep
57.019,138,661,0,0,86,slow_sweep
57.080,138,661,0,0,85,slow_sweep
57.129,137,664,0,0,85,slow_sweep
57.201,142,665,0,0,85,slow_sweep
57.301,142,665,0,0,85,slow_sweep
57.313,146,662,0,0,84,slow_sweep
57.381,150,660,0,0,83,slow_sweep
57.471,150,660,0,0,83,slow_sweep
57.497,152,660,0,0,82,slow_sweep
57.565,155,662,0,0,83,slow_sweep
57.654,155,662,0,0,83,slow_sweep
57.695,159,664,0,0,83,slow_sweep
57.752,167,666,0,0,84,slow_sweep
57.824,167,666,0,0,84,slow_sweep
57.872,176,665,0,0,83,slow_sweep
57.937,182,662,0,0,83,slow_sweep
58.012,187,662,0,0,81,slow_sweep
58.045,187,662,0,0,83,slow_sweep
58.126,188,660,0,0,83,slow_sweep
58.204,188,660,0,0,82,slow_sweep
58.239,188,660,0,0,82,slow_sweep
58.343,187,658,0,0,84,slow_sweep
58.394,186,656,0,0,85,slow_sweep
58.439,186,654,0,0,85,slow_sweep
63.662,186,654,0,0,83,quick_points
63.662,189,653,0,0,83,quick_points
63.662,193,652,0,0,83,quick_points
63.662,193,652,0,21,0,quick_points
63.662,196,652,0,21,0,quick_points
63.662,202,651,0,0,84,quick_points
63.662,205,650,0,0,84,quick_points
63.662,205,650,0,0,84,quick_points
63.662,208,650,0,33,0,quick_points
63.662,209,650,0,0,91,quick_points
63.662,209,650,0,0,91,quick_points
63.662,210,650,0,0,95,quick_points
63.662,210,652,0,25,0,quick_points
63.662,210,652,0,25,0,quick_points
63.662,206,654,0,30,0,quick_points
63.662,205,654,0,30,0,quick_points
63.662,205,654,0,0,89,quick_points
63.662,206,653,0,24,0,quick_points
63.662,206,653,0,24,0,quick_points
63.662,206,653,0,0,89,quick_points
63.662,210,651,8,0,89,quick_points
63.662,218,645,0,0,88,quick_points
63.662,218,645,0,0,88,quick_points
63.662,226,639,0,0,86,quick_points
63.662,237,632,0,0,85,quick_points
63.662,258,620,0,0,85,quick_points
63.662,258,620,0,0,84,quick_points
63.662,279,610,0,0,83,quick_points
63.662,281,605,0,0,83,quick_points
63.662,281,605,0,0,85,quick_points
63.662,276,606,0,0,85,quick_points
63.662,274,606,0,0,85,quick_points
63.662,282,606,0,0,86,quick_points
63.662,282,606,0,0,87,quick_points
63.662,287,607,0,0,87,quick_points
63.662,278,607,0,0,87,quick_points
63.662,278,607,0,0,87,quick_points
63.662,265,605,0,0,88,quick_points
63.662,248,605,0,0,87,quick_points
63.662,180,607,0,0,87,quick_points
63.662,180,607,0,0,85,quick_points
63.662,120,616,0,0,85,quick_points
63.662,57,628,0,0,85,quick_points
63.662,57,628,0,0,84,quick_points
63.662,37,633,0,0,84,quick_points
63.662,24,638,0,0,84,quick_points
63.662,24,638,0,0,84,quick_points
63.662,16,639,0,0,83,quick_points
63.662,5,641,0,0,84,quick_points
63.662,5,641,0,0,84,quick_points
63.662,-8,639,0,0,84,quick_points
63.662,-52,631,0,0,83,quick_points
63.662,-52,631,0,0,83,quick_points
63.662,-65,631,0,0,83,quick_points
63.662,-70,632,0,0,83,quick_points
63.662,-70,632,0,0,83,quick_points
63.662,-78,632,0,0,82,quick_points
63.662,-81,632,0,0,82,quick_points
63.662,-73,634,0,0,81,quick_points
63.662,-73,634,0,0,80,quick_points
63.662,-58,633,0,0,80,quick_points
63.662,-45,631,0,0,80,quick_points
63.662,-45,631,0,0,80,quick_points
63.662,-11,630,8,0,81,quick_points
63.662,6,626,8,0,80,quick_points
63.662,15,625,0,0,80,quick_points
63.662,15,625,0,0,79,quick_points
63.662,20,625,8,0,79,quick_points
63.662,19,628,8,0,77,quick_points
63.662,19,628,8,0,77,quick_points
63.662,12,632,8,0,77,quick_points
63.662,7,635,8,0,76,quick_points
63.662,15,635,0,0,73,quick_points
63.662,15,635,0,0,73,quick_points
63.662,22,634,0,0,72,quick_points
63.662,34,630,0,0,70,quick_points
63.662,34,630,0,0,70,quick_points
63.662,50,625,0,0,68,quick_points
63.662,60,620,0,0,68,quick_points
63.662,60,620,0,0,67,quick_points
63.662,68,621,0,0,66,quick_points
63.662,70,622,0,0,66,quick_points
63.662,70,622,0,0,65,quick_points
63.662,62,618,0,0,65,quick_points
63.697,49,613,0,0,65,quick_points
63.793,49,613,0,0,64,quick_points
63.815,43,611,0,0,64,quick_points
63.882,47,612,0,0,64,quick_points
63.965,47,612,0,0,64,quick_points
63.998,55,616,0,0,64,quick_points
64.073,67,622,0,0,64,quick_points
64.149,67,622,0,0,64,quick_points
64.181,97,658,0,0,65,quick_points
64.259,121,686,-8,0,63,quick_points
64.336,154,692,-8,0,63,quick_points
64.370,154,692,-8,0,65,quick_points
64.445,171,694,-8,0,64,quick_points
64.519,191,691,0,0,64,quick_points
64.555,191,691,0,0,64,quick_points
64.651,209,696,-16,0,64,quick_points
64.700,205,708,8,0,63,quick_points
64.763,188,718,0,0,62,quick_points
64.811,188,718,0,0,62,quick_points
64.907,171,723,-8,0,62,quick_points
64.936,155,744,-8,0,62,quick_points
65.016,130,753,0,0,63,quick_points
65.076,130,753,0,0,62,quick_points
65.135,100,762,0,0,62,quick_points
65.202,75,766,0,0,63,quick_points
65.272,75,766,0,0,63,quick_points
65.344,87,757,0,0,63,quick_points
65.387,95,752,0,0,64,quick_points
65.449,95,752,0,0,64,quick_points
65.494,105,746,8,0,64,quick_points
65.563,114,742,0,0,66,quick_points
65.956,114,742,0,0,66,quick_points
65.956,120,740,0,0,65,quick_points
65.956,123,738,0,0,65,quick_points
65.956,123,738,0,0,65,quick_points
65.956,125,739,0,0,65,quick_points
65.956,128,746,0,0,65,quick_points
66.009,128,746,0,0,65,quick_points
66.060,134,753,0,0,64,quick_points
66.131,143,763,0,0,64,quick_points
66.203,167,787,0,0,65,quick_points
66.245,167,787,0,0,65,quick_points
66.304,190,795,0,0,66,quick_points
66.383,196,792,0,0,67,quick_points
66.428,196,792,0,0,67,quick_points
66.518,200,788,0,0,67,quick_points
66.574,200,781,0,0,67,quick_points
66.614,202,775,0,24,0,quick_points
66.677,202,775,0,0,70,quick_points
66.756,200,770,-8,0,70,quick_points
66.790,200,767,8,21,0,quick_points
66.869,200,767,8,0,70,quick_points
67.001,202,765,8,0,70,quick_points
67.001,209,760,0,0,71,quick_points
67.056,215,756,0,0,71,quick_points
67.132,215,756,0,0,71,quick_points
67.180,223,755,0,0,71,quick_points
67.237,233,751,0,0,71,quick_points
67.312,233,751,0,0,69,quick_points
67.373,238,747,8,0,70,quick_points
67.417,238,743,0,0,70,quick_points
67.529,238,743,0,27,0,quick_points
67.547,240,739,0,27,0,quick_points
67.609,237,734,0,26,0,quick_points
67.682,237,734,0,0,78,quick_points
67.731,240,729,0,0,78,quick_points
67.791,249,721,0,0,82,quick_points
67.910,249,721,0,0,82,quick_points
67.910,257,712,0,0,85,quick_points
67.989,244,705,0,0,87,quick_points
68.053,244,705,0,0,87,quick_points
68.101,229,702,0,0,87,quick_points
68.159,215,700,0,0,86,quick_points
68.237,215,700,0,0,86,quick_points
68.339,203,703,0,0,86,quick_points
68.357,191,702,0,0,85,quick_points
68.425,179,701,0,0,85,quick_points
68.469,179,701,0,0,86,quick_points
68.537,164,700,0,0,86,quick_points
68.608,147,698,0,0,85,quick_points
68.652,147,698,0,0,84,quick_points
68.722,94,690,0,0,84,quick_points
68.794,38,675,0,0,83,quick_points
68.831,-14,658,0,0,83,quick_points
69.046,-14,658,0,0,82,quick_points
69.046,-69,649,0,0,82,quick_points
69.046,-49,648,0,0,82,quick_points
69.100,-49,648,0,23,0,quick_points
69.166,-42,649,0,23,0,quick_points
69.212,-35,650,0,0,85,quick_points
69.278,-25,653,0,0,85,quick_points
69.352,-25,653,0,0,85,quick_points
69.446,-28,654,0,0,85,quick_points
69.488,-32,655,8,0,84,quick_points
69.530,-32,655,8,0,84,quick_points
69.586,-32,657,8,0,82,quick_points
69.650,-31,661,8,0,82,quick_points
69.715,-31,661,8,0,82,quick_points
69.754,-26,663,-8,0,82,quick_points
69.862,-13,660,0,0,82,quick_points
69.899,-13,660,0,0,82,quick_points
69.941,33,646,0,0,82,quick_points
70.018,48,644,0,0,82,quick_points
70.089,48,644,0,0,83,quick_points
70.129,62,649,0,0,83,quick_points
70.206,71,655,0,0,82,quick_points
70.281,71,655,0,0,82,quick_points
70.315,80,659,0,0,81,quick_points
70.393,91,667,0,0,79,quick_points
70.459,91,667,0,0,79,quick_points
70.495,99,671,0,0,80,quick_points
70.567,110,673,0,0,78,quick_points
70.644,110,673,0,0,78,quick_points
70.683,119,675,0,0,77,quick_points
70.762,126,678,0,0,77,quick_points
70.825,132,679,0,0,77,quick_points
70.866,132,679,0,0,77,quick_points
70.960,140,675,0,0,77,quick_points
71.014,148,668,0,0,78,quick_points
71.066,148,668,0,0,78,quick_points
71.138,156,658,0,0,78,quick_points
71.246,160,653,0,0,76,quick_points
71.246,163,651,0,0,77,quick_points
71.322,163,651,0,0,77,quick_points
71.412,169,649,0,0,75,quick_points
71.423,179,645,0,0,75,quick_points
71.498,179,645,0,0,73,quick_points
71.567,189,644,0,0,73,quick_points
71.615,194,644,0,0,68,quick_points
71.685,196,645,0,0,63,quick_points
71.761,196,645,0,0,63,quick_points
71.792,193,648,-8,0,59,quick_points
71.876,186,648,-8,0,57,quick_points
71.938,186,648,-8,0,57,quick_points
71.985,176,648,-8,0,55,quick_points
72.055,146,645,-8,0,56,quick_points
72.133,146,645,-8,0,56,quick_points
72.179,128,640,-8,0,58,quick_points
72.235,129,643,0,0,58,quick_points
72.313,129,643,0,0,59,quick_points
72.348,132,645,0,0,60,quick_points
72.420,138,650,8,0,60,quick_points
72.494,138,650,8,0,60,quick_points
72.545,141,655,0,0,60,quick_points
72.618,146,656,0,0,60,quick_points
72.722,146,656,0,0,61,quick_points
72.722,151,656,0,0,61,quick_points
72.795,155,655,0,0,62,quick_points
72.874,155,655,0,0,62,quick_points
72.912,156,656,0,0,61,quick_points
72.977,151,658,0,0,61,quick_points
73.050,146,662,0,0,61,quick_points
73.152,146,662,0,0,58,quick_points
73.168,140,667,0,0,58,quick_points
73.241,139,666,0,0,58,quick_points
73.308,139,666,0,0,58,quick_points
73.349,140,668,0,0,58,quick_points
73.428,138,670,0,0,58,quick_points
73.472,135,671,0,0,57,quick_points
73.549,135,671,0,0,57,quick_points
73.615,135,667,0,0,57,quick_points
73.649,135,666,0,0,58,quick_points
73.716,135,666,0,0,58,quick_points
73.792,135,665,0,0,60,quick_points
73.839,138,665,-8,0,60,quick_points
73.909,142,662,0,0,60,quick_points
73.986,142,662,0,0,61,quick_points
74.014,144,659,8,0,61,quick_points
74.098,144,658,8,0,62,quick_points
74.166,144,658,8,0,62,quick_points
74.223,144,662,8,0,62,quick_points
74.297,140,666,8,0,64,quick_points
74.369,140,666,8,0,64,quick_points
74.389,139,669,8,0,64,quick_points
74.479,142,671,-8,0,63,quick_points
74.534,142,671,-8,0,63,quick_points
74.572,146,673,-8,0,65,quick_points
74.642,150,674,0,0,67,quick_points
74.716,150,674,0,0,67,quick_points
74.758,154,674,0,0,68,quick_points
74.846,156,675,0,0,68,quick_points
74.919,156,675,0,0,68,quick_points
74.944,158,676,0,0,67,quick_points
75.017,160,677,0,0,67,quick_points
75.086,160,677,0,0,67,quick_points
75.131,161,677,0,0,67,quick_points
75.207,161,677,0,0,67,quick_points
75.279,160,680,0,0,67,quick_points
75.317,160,680,0,0,67,quick_points
75.392,155,680,0,0,68,quick_points
75.464,153,682,0,0,68,quick_points
75.501,153,682,0,0,69,quick_points
75.586,157,683,0,0,71,quick_points
76.068,165,685,0,0,71,quick_points
76.068,172,688,0,0,72,quick_points
76.068,172,688,0,0,72,quick_points
76.068,175,692,0,0,72,quick_points
76.068,174,697,0,0,71,quick_points
76.068,174,697,0,0,72,quick_points
76.068,166,700,0,0,72,quick_points
76.068,153,702,0,0,70,quick_points
76.132,153,702,0,0,70,quick_points
76.202,141,702,0,0,69,quick_points
76.238,127,698,0,0,69,quick_points
76.316,106,689,0,0,69,quick_points
76.381,106,689,0,0,67,quick_points
76.431,47,662,0,0,67,quick_points
76.514,34,656,0,0,68,quick_points
76.587,34,656,0,0,68,quick_points
76.620,29,653,0,0,69,quick_points
76.679,32,656,0,0,70,quick_points
76.757,32,656,0,0,70,quick_points
76.789,36,659,0,0,70,quick_points
76.863,43,662,0,0,70,quick_points
76.933,43,662,0,0,70,quick_points
76.987,50,667,0,0,71,quick_points
77.062,58,668,0,0,70,quick_points
77.123,58,668,0,0,70,quick_points
77.167,61,670,-8,0,72,quick_points
77.248,62,670,-8,0,72,quick_points
77.310,62,670,-8,0,74,quick_points
77.351,63,670,-8,0,74,quick_points
77.427,67,669,0,0,74,quick_points
77.506,67,669,0,0,75,quick_points
77.552,72,667,0,0,75,quick_points
77.606,77,667,0,0,76,quick_points
77.675,77,668,0,0,78,quick_points
77.742,77,668,0,0,78,quick_points
77.824,80,671,0,0,78,quick_points
77.861,86,671,0,0,78,quick_points
77.901,86,671,0,22,0,quick_points
77.987,96,668,0,23,0,quick_points
78.044,106,664,0,23,0,quick_points
78.088,102,663,0,0,80,quick_points
78.187,102,663,0,0,80,quick_points
78.232,92,663,0,0,80,quick_points
78.284,80,661,0,0,78,quick_points
78.342,80,661,0,0,77,quick_points
78.443,66,656,0,0,77,quick_points
78.461,55,654,0,0,76,quick_points
78.537,55,654,0,0,76,quick_points
78.598,43,650,0,0,74,quick_points
78.636,32,647,0,0,70,quick_points
78.731,23,646,0,0,70,quick_points
78.795,23,646,0,0,68,quick_points
78.838,17,647,0,0,68,quick_points
78.905,12,651,0,0,66,quick_points
78.981,12,651,0,0,66,quick_points
79.011,8,655,0,0,64,quick_points
79.120,8,661,0,0,62,quick_points
79.153,8,661,0,0,62,quick_points
79.231,13,670,0,0,61,quick_points
79.292,22,679,0,0,60,quick_points
79.340,22,679,0,0,60,quick_points
79.385,34,686,0,0,58,quick_points
79.484,69,689,-8,16,0,quick_points
79.526,69,689,-8,16,0,quick_points
79.592,104,679,0,0,59,quick_points
79.644,129,667,-8,0,59,quick_points
79.709,129,667,-8,0,58,quick_points
79.756,139,666,16,0,58,quick_points
79.826,133,664,8,0,58,quick_points
79.912,133,664,8,0,57,quick_points
79.943,135,657,-8,0,57,quick_points
80.013,142,658,-8,0,58,quick_points
80.084,155,664,0,0,58,quick_points
80.144,155,664,0,0,58,quick_points
80.195,161,669,-8,0,58,quick_points
80.267,166,677,8,0,58,quick_points
80.303,166,677,8,0,57,quick_points
80.385,172,682,8,0,57,quick_points
80.469,183,682,0,0,57,quick_points
80.504,190,682,0,0,55,quick_points
80.567,190,682,0,0,54,quick_points
80.642,191,677,0,0,54,quick_points
80.682,190,676,0,0,52,quick_points
80.746,190,676,0,0,52,quick_points
80.903,180,675,0,0,52,quick_points
80.903,167,674,0,0,51,quick_points
80.935,167,674,0,0,51,quick_points
81.003,152,676,0,0,51,quick_points
81.042,133,677,0,0,52,quick_points
81.127,77,666,0,0,52,quick_points
81.197,77,666,0,0,51,quick_points
81.240,20,652,0,0,51,quick_points
81.316,-31,639,0,0,50,quick_points
81.398,-31,639,0,0,50,quick_points
81.423,-74,623,0,0,50,quick_points
81.520,-103,605,0,0,48,quick_points
81.587,-103,605,0,0,48,quick_points
81.618,-117,588,0,0,48,quick_points
81.673,-74,597,0,0,47,quick_points
81.756,-74,597,0,0,47,quick_points
81.785,35,614,0,0,46,quick_points
81.880,135,636,0,0,44,quick_points
81.932,135,636,0,0,44,quick_points
81.986,204,657,0,0,42,quick_points
82.073,241,673,0,0,41,quick_points
82.116,241,673,0,0,41,quick_points
82.164,226,691,0,0,42,quick_points
82.229,224,711,0,0,42,quick_points
82.309,233,720,0,0,41,quick_points
82.348,233,720,0,0,41,quick_points
82.443,243,727,0,0,41,quick_points
82.487,248,730,8,0,40,quick_points
82.537,248,730,8,0,40,quick_points
82.615,248,745,8,0,41,quick_points
82.684,242,750,0,0,42,quick_points
82.719,244,751,0,0,42,quick_points
82.795,244,751,0,0,45,quick_points
82.859,252,742,8,0,45,quick_points
82.907,253,737,8,0,49,quick_points
82.982,253,737,8,0,50,quick_points
83.045,253,734,0,0,50,quick_points
83.082,252,731,0,0,51,quick_points
83.154,252,731,0,0,52,quick_points
83.240,252,727,0,0,52,quick_points
83.306,252,727,0,26,0,quick_points
83.383,254,725,0,0,59,quick_points
83.413,254,725,0,0,59,quick_points
83.464,260,721,0,0,58,quick_points
83.527,266,714,0,0,58,quick_points
83.610,266,714,0,0,57,quick_points
83.644,274,708,0,0,57,quick_points
88.894,278,703,0,0,57,ellipse
88.894,278,703,0,0,56,ellipse
88.894,277,703,0,0,56,ellipse
88.894,276,703,0,0,57,ellipse
88.894,276,703,0,0,57,ellipse
88.894,275,702,0,0,58,ellipse
88.894,276,700,0,0,58,ellipse
88.894,276,700,0,0,58,ellipse
88.894,279,697,0,0,58,ellipse
88.894,283,695,0,0,57,ellipse
88.894,283,695,0,0,57,ellipse
88.894,285,693,0,0,56,ellipse
88.894,287,693,0,0,56,ellipse
88.894,283,693,8,0,56,ellipse
88.894,283,693,8,0,59,ellipse
88.894,281,694,0,22,0,ellipse
88.894,279,696,0,22,0,ellipse
88.894,279,696,0,32,0,ellipse
88.894,280,700,8,32,0,ellipse
88.894,282,704,8,27,0,ellipse
88.894,278,706,0,0,75,ellipse
88.894,278,706,0,0,75,ellipse
88.894,271,708,-8,33,0,ellipse
88.894,266,708,0,33,0,ellipse
88.894,266,708,0,29,0,ellipse
88.894,265,705,8,0,79,ellipse
88.894,262,702,0,0,79,ellipse
88.894,256,702,0,0,79,ellipse
88.894,256,702,0,0,79,ellipse
88.894,245,700,8,0,80,ellipse
88.894,231,703,8,0,80,ellipse
88.894,231,703,8,0,80,ellipse
88.894,219,707,8,22,0,ellipse
88.894,222,706,8,0,82,ellipse
88.894,222,706,8,0,82,ellipse
88.894,226,705,8,0,83,ellipse
88.894,233,702,8,23,0,ellipse
88.894,233,702,8,23,0,ellipse
88.894,243,696,8,0,88,ellipse
88.894,251,688,16,0,88,ellipse
88.894,251,688,16,23,0,ellipse
88.894,236,685,16,0,88,ellipse
88.894,220,683,-8,0,88,ellipse
88.894,216,685,-8,31,0,ellipse
88.894,216,685,-8,31,0,ellipse
88.894,222,684,-8,0,96,ellipse
88.894,229,683,-8,0,95,ellipse
88.894,229,683,-8,0,95,ellipse
88.894,234,682,-8,0,96,ellipse
88.894,232,678,-8,0,96,ellipse
88.894,231,677,0,0,96,ellipse
88.894,231,677,0,0,94,ellipse
88.894,225,678,0,0,94,ellipse
88.894,213,675,8,0,95,ellipse
88.894,213,675,8,0,98,ellipse
88.894,199,670,0,0,98,ellipse
88.894,187,666,0,0,100,ellipse
88.894,173,662,0,0,98,ellipse
88.894,173,662,0,0,98,ellipse
88.894,154,658,0,0,98,ellipse
88.894,109,651,0,0,100,ellipse
88.894,109,651,0,0,100,ellipse
88.894,66,646,0,0,100,ellipse
88.894,29,647,0,0,100,ellipse
88.894,29,647,0,0,100,ellipse
88.894,-3,651,0,0,100,ellipse
88.894,-32,657,0,0,100,ellipse
88.894,-32,657,0,0,100,ellipse
88.894,-50,665,0,0,100,ellipse
88.894,-58,673,0,0,100,ellipse
88.894,-58,673,0,0,100,ellipse
88.894,-65,678,0,0,100,ellipse
88.894,-58,681,0,0,100,ellipse
88.894,-58,681,0,0,100,ellipse
88.894,-57,679,0,0,100,ellipse
88.894,-73,678,0,0,100,ellipse
88.894,-79,675,0,0,100,ellipse
88.894,-79,675,0,22,0,ellipse
88.894,-83,673,0,22,0,ellipse
88.894,-82,670,0,22,0,ellipse
88.894,-82,670,0,0,100,ellipse
88.894,-83,668,0,0,100,ellipse
88.894,-88,665,0,0,100,ellipse
88.894,-93,662,0,0,100,ellipse
88.938,-93,662,0,0,100,ellipse
89.004,-100,656,0,0,100,ellipse
89.042,-104,654,0,0,100,ellipse
89.119,-104,654,0,0,100,ellipse
89.193,-107,652,0,0,100,ellipse
89.238,-110,652,0,0,100,ellipse
89.306,-109,653,0,0,100,ellipse
89.397,-109,653,0,0,100,ellipse
89.431,-95,650,0,0,100,ellipse
89.498,-55,641,0,0,100,ellipse
89.566,-55,641,0,0,100,ellipse
89.610,-9,630,0,0,100,ellipse
89.689,-25,634,0,0,100,ellipse
89.756,-25,634,0,0,100,ellipse
89.803,-32,637,0,0,100,ellipse
89.867,-25,638,0,0,100,ellipse
89.941,-25,638,0,0,100,ellipse
89.985,-17,641,0,39,0,ellipse
90.062,-11,646,0,21,0,ellipse
90.140,-11,646,0,21,0,ellipse
90.174,-4,651,0,24,0,ellipse
90.241,7,653,-8,0,100,ellipse
90.318,21,653,-8,0,100,ellipse
90.352,21,653,-8,0,100,ellipse
90.432,41,647,-8,0,100,ellipse
90.500,59,640,-8,0,100,ellipse
90.547,59,640,-8,0,100,ellipse
90.610,75,638,-8,0,100,ellipse
90.691,87,636,0,0,100,ellipse
90.732,95,634,0,0,100,ellipse
90.798,95,634,0,0,100,ellipse
90.895,104,629,-8,0,100,ellipse
90.915,114,626,0,0,100,ellipse
90.988,114,626,0,0,100,ellipse
91.065,121,625,0,0,100,ellipse
91.099,125,629,-8,0,100,ellipse
91.173,122,633,-8,0,100,ellipse
91.245,122,633,-8,0,100,ellipse
91.293,120,634,-8,0,100,ellipse
91.372,111,635,-8,0,100,ellipse
91.458,111,635,-8,0,100,ellipse
91.491,92,641,-8,0,100,ellipse
91.556,65,635,-8,0,98,ellipse
91.620,65,635,-8,0,98,ellipse
91.661,24,620,-8,0,96,ellipse
91.733,-53,595,0,0,96,ellipse
91.806,-53,595,0,0,93,ellipse
91.858,-118,571,8,0,90,ellipse
91.920,-152,565,8,0,90,ellipse
92.005,-152,565,8,0,87,ellipse
92.039,-166,572,16,0,87,ellipse
92.104,-157,582,16,0,84,ellipse
92.179,-157,582,16,0,83,ellipse
92.231,-129,593,16,0,83,ellipse
92.288,-113,596,8,0,81,ellipse
92.397,-92,595,8,0,81,ellipse
92.416,-92,595,8,25,0,ellipse
92.484,-38,598,16,21,0,ellipse
92.580,4,601,8,21,0,ellipse
92.597,4,601,8,0,79,ellipse
92.679,38,613,16,0,76,ellipse
92.732,44,627,16,0,76,ellipse
92.775,37,633,8,0,73,ellipse
92.848,37,633,8,0,71,ellipse
92.934,15,655,0,0,71,ellipse
92.963,18,667,8,23,0,ellipse
93.037,18,667,8,23,0,ellipse
93.127,38,683,-8,25,0,ellipse
93.144,56,704,-8,0,75,ellipse
93.210,56,704,-8,0,75,ellipse
93.285,79,717,0,0,75,ellipse
93.340,99,717,-8,0,75,ellipse
93.452,113,711,-8,23,0,ellipse
93.480,113,711,-8,32,0,ellipse
93.520,105,708,-16,32,0,ellipse
93.597,98,704,-16,29,0,ellipse
93.659,98,704,-16,29,0,ellipse
93.719,97,703,-24,0,77,ellipse
93.770,98,706,-24,0,74,ellipse
93.844,98,706,-24,0,74,ellipse
93.882,96,708,-39,0,70,ellipse
93.957,95,705,-24,0,65,ellipse
94.035,95,705,-24,0,65,ellipse
94.097,94,702,-16,0,63,ellipse
94.142,90,697,-24,0,61,ellipse
94.219,90,697,-24,0,61,ellipse
94.259,86,692,-16,0,59,ellipse
94.348,83,690,-16,0,59,ellipse
94.395,83,690,-16,0,57,ellipse
94.439,80,685,-8,0,57,ellipse
94.510,75,682,-8,0,56,ellipse
94.586,73,683,0,0,57,ellipse
94.627,73,683,0,0,57,ellipse
94.710,73,680,0,0,57,ellipse
94.780,75,677,0,0,57,ellipse
94.810,75,677,0,0,57,ellipse
94.906,75,672,16,0,57,ellipse
94.968,76,668,8,0,57,ellipse
95.000,76,665,16,0,56,ellipse
95.072,76,665,16,0,55,ellipse
95.159,76,664,16,0,55,ellipse
95.187,77,660,16,0,55,ellipse
95.249,77,660,16,0,53,ellipse
95.322,80,657,16,0,53,ellipse
95.382,84,657,16,0,52,ellipse
95.595,93,656,8,0,51,ellipse
95.595,93,656,8,0,51,ellipse
95.595,100,657,24,0,51,ellipse
95.626,95,662,24,0,51,ellipse
95.710,95,662,24,0,49,ellipse
95.733,90,666,8,0,49,ellipse
95.805,90,669,8,0,49,ellipse
95.877,90,669,8,0,50,ellipse
95.923,98,670,8,0,50,ellipse
95.993,106,671,8,0,51,ellipse
96.072,106,671,8,0,51,ellipse
96.103,116,672,0,0,51,ellipse
96.188,124,673,8,0,53,ellipse
96.283,124,673,8,0,53,ellipse
96.303,125,673,0,22,0,ellipse
96.388,132,673,0,23,0,ellipse
96.430,132,673,0,23,0,ellipse
96.469,140,677,8,29,0,ellipse
96.552,146,680,-8,30,0,ellipse
96.633,146,680,-8,30,0,ellipse
96.656,148,684,-16,0,64,ellipse
96.736,152,685,-8,0,64,ellipse
96.825,152,685,-8,22,0,ellipse
96.844,155,685,-8,0,65,ellipse
96.920,156,685,-16,0,65,ellipse
97.010,156,686,-16,0,62,ellipse
97.065,156,686,-16,0,62,ellipse
97.101,155,686,-16,0,59,ellipse
97.171,157,685,-16,0,57,ellipse
97.218,157,685,-16,0,57,ellipse
97.299,154,685,-24,0,57,ellipse
97.369,150,684,-24,0,57,ellipse
97.398,146,681,-16,0,54,ellipse
97.473,146,681,-16,0,50,ellipse
97.555,142,680,-8,0,50,ellipse
97.595,141,678,-8,0,49,ellipse
97.690,141,678,-8,0,49,ellipse
97.732,140,676,-8,0,49,ellipse
97.768,140,674,-8,0,50,ellipse
97.860,139,671,0,0,50,ellipse
97.920,139,671,0,0,50,ellipse
97.954,137,668,-8,36,0,ellipse
98.038,139,666,8,36,0,ellipse
98.120,139,666,8,40,0,ellipse
98.142,145,661,8,0,60,ellipse
98.218,148,657,8,0,60,ellipse
98.330,148,657,8,32,0,ellipse
98.330,151,655,8,32,0,ellipse
98.401,150,655,16,0,63,ellipse
98.510,150,655,16,0,63,ellipse
98.510,149,658,8,0,65,ellipse
98.595,147,658,16,0,65,ellipse
98.652,147,658,16,0,65,ellipse
98.728,150,659,16,0,64,ellipse
98.783,151,659,16,0,62,ellipse
98.844,151,659,16,0,62,ellipse
98.891,151,659,16,0,60,ellipse
98.959,148,659,16,0,59,ellipse
99.070,148,659,16,0,59,ellipse
99.070,144,659,24,0,59,ellipse
99.145,141,661,16,0,59,ellipse
99.212,141,661,16,0,58,ellipse
99.253,134,662,16,0,57,ellipse
99.336,132,664,8,0,57,ellipse
99.391,137,665,0,0,57,ellipse
99.438,137,665,0,0,57,ellipse
99.511,143,666,0,0,57,ellipse
99.581,147,670,0,0,57,ellipse
99.627,148,672,0,0,57,ellipse
99.698,148,672,0,0,59,ellipse
99.773,152,674,0,0,59,ellipse
99.815,158,672,0,0,61,ellipse
99.878,158,672,0,39,0,ellipse
99.977,164,672,0,39,0,ellipse
100.015,167,676,0,26,0,ellipse
100.096,167,676,0,0,71,ellipse
100.135,174,678,0,0,71,ellipse
100.185,177,686,0,29,0,ellipse
100.249,180,690,0,39,0,ellipse
100.326,180,690,0,39,0,ellipse
100.369,186,690,0,32,0,ellipse
100.437,189,690,8,32,0,ellipse
100.510,189,690,8,22,0,ellipse
100.545,189,687,-8,0,70,ellipse
100.618,193,686,0,0,70,ellipse
100.723,193,686,0,0,70,ellipse
100.744,199,688,0,0,70,ellipse
100.804,203,691,-8,0,69,ellipse
100.909,203,691,-8,0,68,ellipse
100.958,201,695,-8,0,68,ellipse
101.025,194,698,-16,0,68,ellipse
101.066,194,698,-16,0,68,ellipse
101.102,187,699,-8,0,68,ellipse
101.235,184,700,-24,0,68,ellipse
101.250,184,700,-24,0,68,ellipse
101.280,177,700,-39,0,68,ellipse
101.355,174,698,-24,0,68,ellipse
101.452,174,698,-24,0,68,ellipse
101.477,172,693,-16,0,68,ellipse
101.555,168,685,-32,0,69,ellipse
101.636,154,675,-24,0,69,ellipse
101.662,154,675,-24,0,70,ellipse
101.757,110,642,-16,0,70,ellipse
101.815,82,613,-8,39,0,ellipse
101.865,82,613,-8,0,71,ellipse
101.922,63,599,-8,0,71,ellipse
101.985,59,591,8,0,68,ellipse
102.026,59,589,0,0,68,ellipse
102.108,59,589,0,0,66,ellipse
102.176,60,586,8,0,67,ellipse
102.218,62,587,8,0,67,ellipse
102.285,62,587,8,0,67,ellipse
102.363,67,586,16,0,67,ellipse
102.400,74,587,16,0,67,ellipse
102.477,82,591,39,0,68,ellipse
102.550,82,591,39,0,68,ellipse
102.582,87,594,24,24,0,ellipse
102.661,95,596,16,0,68,ellipse
102.731,95,596,16,0,68,ellipse
102.766,106,598,8,0,68,ellipse
102.889,117,600,32,0,68,ellipse
102.908,117,600,32,0,68,ellipse
102.952,122,605,16,0,68,ellipse
103.050,131,608,16,0,68,ellipse
103.094,131,608,16,0,69,ellipse
103.138,138,611,8,0,69,ellipse
103.209,145,614,8,21,0,ellipse
103.304,145,614,8,0,73,ellipse
103.326,152,617,16,0,73,ellipse
103.393,159,622,0,0,73,ellipse
103.466,159,622,0,0,73,ellipse
103.556,162,628,8,22,0,ellipse
103.586,162,636,-8,0,77,ellipse
103.672,162,636,-8,0,77,ellipse
103.693,164,644,-8,0,75,ellipse
103.766,172,644,-8,0,72,ellipse
103.834,183,643,-8,0,72,ellipse
103.878,183,643,-8,0,67,ellipse
103.962,187,644,-32,0,63,ellipse
104.029,187,645,-39,0,63,ellipse
104.059,187,645,-39,0,59,ellipse
104.140,183,648,-48,0,59,ellipse
104.213,177,649,-39,0,54,ellipse
104.260,174,646,-24,0,49,ellipse
104.325,174,646,-24,0,49,ellipse
104.485,172,644,-16,0,45,ellipse
104.485,171,641,-8,0,45,ellipse
104.504,171,641,-8,0,44,ellipse
104.593,170,638,0,0,43,ellipse
104.641,172,635,-8,0,43,ellipse
104.687,172,635,-8,0,44,ellipse
104.762,171,630,-16,0,44,ellipse
104.804,169,629,8,0,45,ellipse
104.887,164,628,8,0,46,ellipse
104.951,164,628,8,0,46,ellipse
104.983,160,625,8,0,47,ellipse
105.065,157,626,16,0,48,ellipse
105.133,157,626,16,0,48,ellipse
105.183,149,627,24,0,49,ellipse
105.239,144,627,24,0,49,ellipse
105.314,144,627,24,0,49,ellipse
105.359,148,627,24,0,48,ellipse
105.428,149,629,24,0,48,ellipse
105.506,149,629,24,0,48,ellipse
105.542,157,629,8,0,45,ellipse
105.619,165,631,16,0,45,ellipse
105.696,165,631,16,0,43,ellipse
105.731,171,632,16,0,43,ellipse
105.842,175,637,16,0,44,ellipse
105.886,175,637,16,0,44,ellipse
105.920,178,641,16,0,44,ellipse
105.998,182,645,8,0,45,ellipse
106.059,182,645,8,0,45,ellipse
106.100,188,648,8,0,47,ellipse
106.169,190,653,16,0,48,ellipse
106.243,192,660,16,0,48,ellipse
106.350,192,660,16,0,48,ellipse
106.368,195,667,0,0,48,ellipse
106.436,197,673,-8,0,48,ellipse
106.471,197,673,-8,0,48,ellipse
106.546,194,680,-8,0,48,ellipse
106.613,193,690,-16,0,48,ellipse
106.662,195,695,-8,0,49,ellipse
106.727,195,695,-8,0,49,ellipse
106.799,201,697,-8,0,49,ellipse
106.861,206,697,-32,0,49,ellipse
106.984,206,697,-32,0,49,ellipse
106.984,211,702,-16,0,50,ellipse
107.079,211,705,-32,0,50,ellipse
107.099,200,708,-39,0,48,ellipse
107.231,200,708,-39,0,48,ellipse
107.231,188,709,-24,0,46,ellipse
107.307,185,708,-8,0,44,ellipse
107.363,185,708,-8,0,44,ellipse
107.396,182,704,-24,0,44,ellipse
107.463,178,700,-24,0,42,ellipse
107.552,178,700,-24,0,42,ellipse
107.580,174,695,-16,0,40,ellipse
107.660,172,691,-8,0,40,ellipse
107.732,172,691,-8,0,40,ellipse
107.766,170,688,-8,0,42,ellipse
107.840,166,684,-8,0,42,ellipse
107.913,166,684,-8,0,42,ellipse
107.962,162,685,8,0,42,ellipse
108.041,160,683,0,0,42,ellipse
108.092,160,683,0,0,43,ellipse
108.142,153,677,8,0,43,ellipse
108.207,149,674,8,0,46,ellipse
108.285,149,674,8,0,48,ellipse
108.327,142,673,16,0,48,ellipse
108.426,137,673,16,0,49,ellipse
108.482,135,671,24,0,49,ellipse
108.505,135,671,24,0,47,ellipse
108.593,135,670,24,0,44,ellipse
108.655,139,672,16,0,44,ellipse
108.710,139,672,16,0,42,ellipse
108.767,146,673,16,22,0,ellipse
108.841,155,673,16,22,0,ellipse
108.898,164,675,16,0,43,ellipse
114.124,164,675,16,0,44,fwd_back
114.124,174,677,16,0,44,fwd_back
114.124,182,679,8,0,43,fwd_back
114.124,182,679,8,0,43,fwd_back
114.124,188,681,8,0,43,fwd_back
114.124,192,683,8,0,43,fwd_back
114.124,194,686,0,0,43,fwd_back
114.124,194,686,0,0,43,fwd_back
114.124,191,690,8,0,43,fwd_back
114.124,189,696,0,0,44,fwd_back
114.124,189,696,0,0,45,fwd_back
114.124,196,698,8,0,45,fwd_back
114.124,206,694,-8,0,46,fwd_back
114.124,206,694,-8,0,45,fwd_back
114.124,215,692,-8,0,45,fwd_back
114.124,222,690,-8,0,46,fwd_back
114.124,222,690,-8,0,46,fwd_back
114.124,222,691,-16,0,44,fwd_back
114.124,223,692,-8,0,43,fwd_back
114.124,223,692,-8,0,43,fwd_back
114.124,227,693,-8,0,44,fwd_back
114.124,231,692,-8,21,0,fwd_back
114.124,231,692,-8,21,0,fwd_back
114.124,236,690,-8,0,43,fwd_back
114.124,238,687,-8,0,44,fwd_back
114.124,236,686,-8,0,44,fwd_back
114.124,236,686,-8,0,43,fwd_back
114.124,236,688,-8,0,43,fwd_back
114.124,232,690,-8,0,43,fwd_back
114.124,232,690,-8,0,45,fwd_back
114.124,229,693,0,0,45,fwd_back
114.124,228,693,0,0,48,fwd_back
114.124,230,694,0,0,48,fwd_back
114.124,230,694,0,0,51,fwd_back
114.124,239,694,0,0,54,fwd_back
114.124,247,693,0,0,54,fwd_back
114.124,247,693,0,25,0,fwd_back
114.124,252,692,0,25,0,fwd_back
114.124,257,691,0,21,0,fwd_back
114.124,265,687,0,0,64,fwd_back
114.124,265,687,0,0,64,fwd_back
114.124,269,684,0,0,69,fwd_back
114.124,268,685,0,0,72,fwd_back
114.124,268,685,0,0,72,fwd_back
114.124,266,686,0,0,73,fwd_back
114.124,258,687,0,0,72,fwd_back
114.124,258,687,0,0,72,fwd_back
114.124,245,695,0,0,72,fwd_back
114.124,231,704,0,0,72,fwd_back
114.124,231,704,0,0,72,fwd_back
114.124,222,711,0,0,72,fwd_back
114.124,246,696,0,0,72,fwd_back
114.124,246,696,0,0,73,fwd_back
114.124,257,689,0,0,73,fwd_back
114.124,262,686,0,0,73,fwd_back
114.124,262,686,0,0,75,fwd_back
114.124,266,685,0,0,75,fwd_back
114.124,269,684,0,0,78,fwd_back
114.124,276,680,0,0,78,fwd_back
114.124,276,680,0,0,81,fwd_back
114.124,282,677,0,0,84,fwd_back
114.124,293,671,0,0,84,fwd_back
114.124,293,671,0,0,86,fwd_back
114.124,306,666,0,0,88,fwd_back
114.124,317,661,0,0,88,fwd_back
114.124,321,661,0,0,89,fwd_back
114.124,321,661,0,0,88,fwd_back
114.124,322,662,0,0,88,fwd_back
114.124,321,666,0,0,88,fwd_back
114.124,321,666,0,0,88,fwd_back
114.124,320,668,0,0,90,fwd_back
114.124,319,667,0,0,90,fwd_back
114.124,316,668,0,0,90,fwd_back
114.124,316,668,0,0,90,fwd_back
114.124,311,665,0,0,90,fwd_back
114.124,305,662,0,0,91,fwd_back
114.124,305,662,0,0,92,fwd_back
114.124,304,656,0,0,92,fwd_back
114.124,310,651,0,0,92,fwd_back
114.124,310,651,0,0,92,fwd_back
114.124,318,647,0,0,91,fwd_back
114.124,329,643,0,0,92,fwd_back
114.124,329,643,0,0,92,fwd_back
114.124,335,644,0,0,93,fwd_back
114.168,338,649,0,0,92,fwd_back
114.245,338,649,0,0,92,fwd_back
114.279,343,653,0,0,94,fwd_back
114.356,343,656,0,0,95,fwd_back
114.434,339,660,0,0,95,fwd_back
114.467,339,660,0,22,0,fwd_back
114.545,332,662,0,21,0,fwd_back
114.611,310,677,0,21,0,fwd_back
114.668,310,677,0,23,0,fwd_back
114.728,277,690,-8,23,0,fwd_back
114.806,254,699,0,29,0,fwd_back
114.846,241,699,0,25,0,fwd_back
114.910,241,699,0,25,0,fwd_back
114.985,245,695,0,21,0,fwd_back
115.030,265,682,0,21,0,fwd_back
115.098,265,682,0,0,100,fwd_back
115.176,274,679,-8,0,100,fwd_back
115.210,285,675,0,0,100,fwd_back
115.289,296,671,0,0,100,fwd_back
115.356,296,671,0,0,100,fwd_back
115.411,305,668,0,21,0,fwd_back
115.469,314,664,0,0,100,fwd_back
115.549,314,664,0,0,100,fwd_back
115.590,325,657,0,0,100,fwd_back
115.656,355,630,0,0,100,fwd_back
115.738,355,630,0,0,100,fwd_back
115.771,384,601,0,0,100,fwd_back
115.856,400,588,0,0,100,fwd_back
115.942,400,588,0,0,100,fwd_back
115.965,402,588,0,0,100,fwd_back
116.040,400,591,0,0,100,fwd_back
116.110,400,591,0,0,100,fwd_back
116.155,395,596,0,0,100,fwd_back
116.240,387,601,0,0,100,fwd_back
116.295,380,604,0,0,100,fwd_back
116.339,380,604,0,0,100,fwd_back
116.412,375,607,0,0,100,fwd_back
116.483,373,608,0,0,100,fwd_back
116.544,373,608,0,0,100,fwd_back
116.593,376,608,0,0,100,fwd_back
116.700,380,607,0,0,100,fwd_back
116.716,379,607,0,0,100,fwd_back
116.792,379,607,0,23,0,fwd_back
116.873,378,605,0,23,0,fwd_back
116.892,380,602,0,27,0,fwd_back
116.971,380,602,0,0,100,fwd_back
117.056,381,603,0,0,100,fwd_back
117.089,380,603,-8,0,100,fwd_back
117.157,375,604,-8,23,0,fwd_back
117.270,375,604,-8,23,0,fwd_back
117.270,367,607,-8,0,100,fwd_back
117.364,358,608,-8,0,100,fwd_back
117.408,358,608,-8,0,100,fwd_back
117.457,344,609,-16,0,100,fwd_back
117.529,292,607,-24,0,100,fwd_back
117.599,292,607,-24,0,100,fwd_back
117.646,245,604,-16,0,100,fwd_back
117.708,237,601,-16,32,0,fwd_back
117.882,237,601,-16,36,0,fwd_back
117.882,231,600,-16,36,0,fwd_back
117.914,228,600,-16,0,100,fwd_back
117.975,228,600,-16,0,100,fwd_back
118.008,225,601,-8,0,100,fwd_back
118.085,218,600,-16,0,100,fwd_back
118.199,218,600,-16,0,100,fwd_back
118.199,206,596,-16,0,100,fwd_back
118.269,194,593,-16,0,100,fwd_back
118.393,187,587,-8,0,100,fwd_back
118.393,187,587,-8,0,100,fwd_back
118.460,182,586,-8,0,97,fwd_back
118.564,183,586,-8,0,97,fwd_back
118.576,183,586,-8,0,96,fwd_back
118.656,182,586,0,0,93,fwd_back
118.757,170,579,0,0,93,fwd_back
118.757,150,569,0,0,90,fwd_back
118.847,150,569,0,0,90,fwd_back
118.912,87,548,0,0,85,fwd_back
118.934,33,544,0,0,81,fwd_back
119.019,33,544,0,0,81,fwd_back
119.082,-13,548,8,0,77,fwd_back
119.166,-43,552,8,0,77,fwd_back
119.199,-43,552,8,0,74,fwd_back
119.265,-64,544,24,0,74,fwd_back
119.321,-76,530,24,0,70,fwd_back
119.377,-76,527,39,0,67,fwd_back
119.456,-76,527,39,0,67,fwd_back
119.490,-72,527,24,0,63,fwd_back
119.569,-66,529,32,0,59,fwd_back
119.652,-66,529,32,0,59,fwd_back
119.710,-58,533,24,0,56,fwd_back
119.762,-51,539,24,0,54,fwd_back
119.822,-51,539,24,0,54,fwd_back
119.871,-38,544,16,27,0,fwd_back
119.953,-8,559,24,22,0,fwd_back
120.033,-8,559,24,22,0,fwd_back
120.075,24,572,8,0,54,fwd_back
120.124,64,576,8,0,54,fwd_back
120.192,64,576,8,0,53,fwd_back
120.231,97,584,16,0,53,fwd_back
120.324,126,592,0,0,53,fwd_back
120.386,126,592,0,0,52,fwd_back
120.419,142,601,8,0,52,fwd_back
120.496,149,622,16,0,51,fwd_back
120.561,149,622,16,0,51,fwd_back
120.608,135,655,16,0,49,fwd_back
120.686,120,686,8,0,48,fwd_back
120.752,123,699,8,0,48,fwd_back
120.791,123,699,8,0,45,fwd_back
120.863,123,708,8,0,43,fwd_back
120.931,129,711,8,0,43,fwd_back
120.975,129,711,8,0,42,fwd_back
121.056,148,720,8,0,41,fwd_back
121.122,152,723,8,0,41,fwd_back
121.271,152,727,0,0,36,fwd_back
121.271,152,727,0,0,36,fwd_back
121.302,150,731,0,0,35,fwd_back
121.361,147,735,0,0,35,fwd_back
121.427,147,735,0,0,35,fwd_back
121.488,141,741,0,0,35,fwd_back
121.557,134,752,0,0,35,fwd_back
121.607,140,754,0,0,37,fwd_back
121.686,140,754,0,0,39,fwd_back
121.720,145,753,0,0,39,fwd_back
121.788,147,753,0,0,40,fwd_back
121.884,147,753,0,0,40,fwd_back
121.906,144,755,-8,0,40,fwd_back
121.979,144,757,-8,0,40,fwd_back
122.056,144,757,-8,0,40,fwd_back
122.089,149,757,-16,0,41,fwd_back
122.168,153,757,-16,0,42,fwd_back
122.231,153,757,-16,0,42,fwd_back
122.275,157,757,-16,0,43,fwd_back
122.360,163,756,-16,0,44,fwd_back
122.427,163,756,-16,0,44,fwd_back
122.470,165,755,-24,33,0,fwd_back
122.533,161,755,-32,33,0,fwd_back
122.626,161,755,-32,23,0,fwd_back
122.651,158,753,-16,0,47,fwd_back
122.727,158,753,-16,0,47,fwd_back
122.794,158,753,-16,0,48,fwd_back
122.828,160,749,-8,0,48,fwd_back
122.914,164,744,-16,0,49,fwd_back
122.988,170,741,-8,0,50,fwd_back
123.027,170,741,-8,0,50,fwd_back
123.133,175,737,-16,0,50,fwd_back
123.164,178,733,-16,0,50,fwd_back
123.197,178,733,-16,37,0,fwd_back
123.276,177,727,-16,0,51,fwd_back
123.343,175,722,-8,0,51,fwd_back
123.390,177,718,-8,0,51,fwd_back
123.456,177,718,-8,0,51,fwd_back
123.531,181,714,-8,0,51,fwd_back
123.571,181,710,-8,0,51,fwd_back
123.648,181,710,-8,0,52,fwd_back
123.713,179,708,-8,0,52,fwd_back
123.757,180,708,-8,0,51,fwd_back
123.836,180,708,-8,0,51,fwd_back
123.903,180,709,-8,0,51,fwd_back
123.951,178,715,-8,0,50,fwd_back
124.024,172,718,-8,0,50,fwd_back
124.086,172,718,-8,0,50,fwd_back
124.135,163,724,0,0,50,fwd_back
124.220,151,731,0,0,52,fwd_back
124.321,151,731,0,0,53,fwd_back
124.321,141,734,0,0,53,fwd_back
124.396,133,721,0,0,51,fwd_back
124.576,133,721,0,0,51,fwd_back
124.576,124,708,0,0,51,fwd_back
124.576,113,701,0,0,51,fwd_back
124.645,113,701,0,0,51,fwd_back
124.689,100,694,0,0,50,fwd_back
124.762,86,685,0,0,49,fwd_back
124.856,86,685,0,0,49,fwd_back
124.874,73,675,0,0,49,fwd_back
124.970,39,648,0,0,48,fwd_back
125.012,39,648,0,0,48,fwd_back
125.056,8,622,0,0,49,fwd_back
125.129,-22,603,0,0,49,fwd_back
125.193,-41,584,8,0,49,fwd_back
125.251,-41,584,8,0,49,fwd_back
125.317,-45,579,8,0,50,fwd_back
125.451,-45,576,0,0,51,fwd_back
125.451,-45,576,0,0,51,fwd_back
125.500,-38,578,8,0,53,fwd_back
125.586,-23,580,16,0,53,fwd_back
125.609,-8,583,16,0,54,fwd_back
125.694,-8,583,16,0,54,fwd_back
125.760,11,589,16,0,54,fwd_back
125.815,15,591,16,0,54,fwd_back
125.868,15,591,16,0,55,fwd_back
125.938,19,593,16,0,55,fwd_back
126.005,23,596,24,0,56,fwd_back
126.060,29,598,16,0,57,fwd_back
126.132,29,598,16,0,57,fwd_back
126.171,35,600,16,23,0,fwd_back
126.243,44,600,8,0,60,fwd_back
126.308,44,600,8,0,60,fwd_back
126.372,56,600,8,0,62,fwd_back
126.418,91,602,8,0,62,fwd_back
126.496,91,602,8,0,63,fwd_back
126.531,115,608,24,0,63,fwd_back
126.639,126,614,16,0,62,fwd_back
126.697,126,614,16,0,63,fwd_back
126.760,127,617,16,0,63,fwd_back
126.808,127,622,16,0,64,fwd_back
126.870,127,622,16,0,64,fwd_back
126.966,126,629,24,0,62,fwd_back
126.983,126,634,16,0,62,fwd_back
127.059,126,634,16,0,62,fwd_back
127.090,126,639,8,0,61,fwd_back
127.169,124,644,8,0,57,fwd_back
127.237,124,644,8,0,57,fwd_back
127.278,125,647,8,0,56,fwd_back
127.348,128,651,8,0,55,fwd_back
127.427,131,657,8,0,55,fwd_back
127.459,131,657,8,18,0,fwd_back
127.534,138,664,0,18,0,fwd_back
127.610,145,669,0,0,54,fwd_back
127.646,145,669,0,0,54,fwd_back
127.718,156,677,0,0,54,fwd_back
127.802,182,692,0,0,52,fwd_back
127.837,205,703,0,0,52,fwd_back
127.914,205,703,0,0,49,fwd_back
127.974,220,703,0,0,49,fwd_back
128.067,219,701,-8,0,49,fwd_back
128.090,219,701,-8,0,49,fwd_back
128.162,217,703,-8,0,49,fwd_back
128.209,214,708,-8,0,48,fwd_back
128.282,214,712,-8,0,48,fwd_back
128.371,214,712,-8,0,48,fwd_back
128.389,221,713,-16,0,50,fwd_back
128.465,226,712,-16,0,51,fwd_back
128.535,226,712,-16,0,51,fwd_back
128.570,235,708,-24,26,0,fwd_back
128.652,242,703,-24,0,51,fwd_back
128.727,242,703,-24,0,51,fwd_back
128.758,239,700,-32,21,0,fwd_back
128.845,239,697,-16,21,0,fwd_back
128.965,239,697,-16,0,52,fwd_back
128.965,241,694,-16,0,53,fwd_back
129.014,241,692,-16,0,53,fwd_back
129.087,241,692,-16,0,53,fwd_back
129.153,242,691,-16,0,53,fwd_back
129.201,240,689,-16,0,53,fwd_back
129.308,240,689,-16,0,54,fwd_back
129.320,236,686,-16,0,54,fwd_back
129.386,231,683,-8,37,0,fwd_back
129.453,231,683,-8,37,0,fwd_back
129.505,224,680,-8,40,0,fwd_back
129.566,219,676,-8,0,57,fwd_back
129.642,219,676,-8,0,57,fwd_back
129.690,213,673,-8,0,59,fwd_back
129.798,204,666,-16,0,59,fwd_back
129.829,195,661,-8,0,59,fwd_back
129.906,195,661,-8,0,60,fwd_back
129.981,187,658,-8,0,60,fwd_back
130.042,183,653,0,0,60,fwd_back
130.064,179,650,-8,0,61,fwd_back
130.126,179,650,-8,0,61,fwd_back
130.207,170,650,0,0,60,fwd_back
130.256,161,646,0,0,58,fwd_back
130.339,161,646,0,0,58,fwd_back
130.392,151,640,0,0,57,fwd_back
130.439,142,633,0,0,57,fwd_back
130.497,142,633,0,0,56,fwd_back
130.576,135,626,0,0,55,fwd_back
130.610,130,621,0,0,55,fwd_back
130.689,126,618,0,0,54,fwd_back
130.764,126,618,0,0,54,fwd_back
130.832,125,619,0,0,53,fwd_back
130.865,128,626,0,0,53,fwd_back
130.952,128,626,0,0,53,fwd_back
130.986,131,635,0,0,53,fwd_back
131.053,127,633,0,0,54,fwd_back
131.142,127,633,0,0,54,fwd_back
131.166,120,625,0,0,55,fwd_back
131.244,113,619,8,0,56,fwd_back
131.311,113,619,8,0,56,fwd_back
131.347,105,617,16,0,57,fwd_back
131.427,101,617,8,0,57,fwd_back
131.532,101,617,8,0,59,fwd_back
131.532,102,616,8,0,59,fwd_back
131.629,104,615,16,0,60,fwd_back
131.686,104,615,16,44,0,fwd_back
131.723,108,615,16,44,0,fwd_back
131.801,111,616,16,0,65,fwd_back
131.865,111,616,16,0,65,fwd_back
131.908,115,616,16,0,66,fwd_back
131.983,121,618,16,0,66,fwd_back
132.062,126,619,16,0,66,fwd_back
132.102,126,619,16,0,67,fwd_back
132.174,131,621,16,35,0,fwd_back
132.238,136,622,16,35,0,fwd_back
132.278,139,623,16,0,70,fwd_back
132.356,139,623,16,0,72,fwd_back
132.441,142,624,16,0,72,fwd_back
132.472,146,624,8,0,73,fwd_back
132.540,146,624,8,0,73,fwd_back
132.628,150,628,8,0,73,fwd_back
132.661,155,635,8,0,73,fwd_back
132.734,155,635,8,0,73,fwd_back
132.842,158,641,8,0,73,fwd_back
132.842,155,648,8,0,73,fwd_back
132.913,153,653,8,0,72,fwd_back
132.977,153,653,8,0,72,fwd_back
133.020,156,658,8,0,72,fwd_back
133.122,155,664,8,0,71,fwd_back
133.178,155,664,8,0,71,fwd_back
133.211,158,669,8,0,70,fwd_back
133.276,163,672,8,0,67,fwd_back
133.374,163,672,8,0,67,fwd_back
133.393,171,679,0,0,62,fwd_back
133.465,178,684,0,0,57,fwd_back
133.528,178,684,0,0,57,fwd_back
133.573,181,689,0,0,54,fwd_back
133.645,181,694,0,0,50,fwd_back
133.722,181,694,0,0,50,fwd_back
133.763,180,698,0,0,47,fwd_back
133.827,179,699,0,0,47,fwd_back
133.897,179,699,0,0,47,fwd_back
133.937,175,701,0,0,48,fwd_back
134.012,174,703,0,0,48,fwd_back
134.085,174,703,0,0,49,fwd_back
139.339,177,705,0,0,49,head_only
139.339,178,706,-8,0,50,head_only
139.339,184,705,-8,0,51,head_only
139.339,184,705,-8,0,51,head_only
139.339,198,698,-8,0,53,head_only
139.339,213,690,-8,0,53,head_only
139.339,213,690,-8,21,0,head_only
139.339,248,674,-8,0,55,head_only
139.339,261,666,-16,0,55,head_only
139.339,264,665,-16,28,0,head_only
139.339,264,665,-16,0,61,head_only
139.339,267,664,-8,0,61,head_only
139.339,269,663,-8,0,62,head_only
139.339,269,663,-8,0,65,head_only
139.339,270,664,-8,0,65,head_only
139.339,272,663,0,0,65,head_only
139.339,279,659,-8,0,65,head_only
139.339,279,659,-8,0,66,head_only
139.339,284,656,0,0,69,head_only
139.339,286,654,0,0,69,head_only
139.339,286,654,0,0,73,head_only
139.339,284,656,0,0,73,head_only
139.339,283,657,0,0,78,head_only
139.339,283,657,0,0,81,head_only
139.339,287,656,0,0,81,head_only
139.339,287,654,0,0,83,head_only
139.339,287,654,0,0,83,head_only
139.339,292,653,0,0,87,head_only
139.339,294,652,0,25,0,head_only
139.339,294,652,0,25,0,head_only
139.339,296,651,0,29,0,head_only
139.339,297,649,0,21,0,head_only
139.339,297,649,0,21,0,head_only
139.339,298,648,0,0,94,head_only
139.339,301,647,0,0,94,head_only
139.339,305,645,0,0,94,head_only
139.339,305,645,0,0,93,head_only
139.339,308,643,0,0,95,head_only
139.339,309,641,0,0,95,head_only
139.339,309,640,0,0,97,head_only
139.339,309,640,0,0,97,head_only
139.339,312,642,0,0,100,head_only
139.339,312,643,0,0,100,head_only
139.339,312,643,0,0,100,head_only
139.339,306,646,0,0,100,head_only
139.339,299,651,0,0,100,head_only
139.339,294,659,0,0,100,head_only
139.339,294,659,0,0,100,head_only
139.339,289,669,0,0,100,head_only
139.339,282,678,0,0,100,head_only
139.339,282,678,0,0,100,head_only
139.339,266,696,0,0,100,head_only
139.339,259,701,0,0,100,head_only
139.339,259,701,0,0,100,head_only
139.339,249,705,0,0,100,head_only
139.339,242,708,0,0,100,head_only
139.339,242,708,0,0,100,head_only
139.339,240,706,0,0,100,head_only
139.339,245,700,0,0,100,head_only
139.339,245,700,0,0,100,head_only
139.339,250,695,0,0,100,head_only
139.339,254,692,0,0,100,head_only
139.339,254,692,0,21,0,head_only
139.339,258,688,0,0,100,head_only
139.339,261,683,0,0,100,head_only
139.339,261,678,0,0,100,head_only
139.339,261,678,0,0,100,head_only
139.339,264,674,0,0,100,head_only
139.339,263,670,0,0,100,head_only
139.339,260,667,0,0,100,head_only
139.339,260,667,0,0,100,head_only
139.339,259,663,0,0,100,head_only
139.339,269,655,0,0,100,head_only
139.339,269,655,0,0,100,head_only
139.339,278,646,0,0,100,head_only
139.339,283,642,0,0,100,head_only
139.339,285,641,0,0,100,head_only
139.339,285,641,0,0,100,head_only
139.339,285,642,0,0,100,head_only
139.339,286,643,0,0,100,head_only
139.339,286,643,0,0,100,head_only
139.339,287,643,0,0,100,head_only
139.339,289,642,0,0,100,head_only
139.339,289,642,0,0,100,head_only
139.351,290,639,0,0,100,head_only
139.428,293,636,0,0,100,head_only
139.496,293,636,0,0,100,head_only
139.551,298,632,0,0,100,head_only
139.621,303,629,0,0,100,head_only
139.685,303,629,0,0,100,head_only
139.724,308,626,0,0,100,head_only
139.799,315,623,0,0,100,head_only
139.869,315,623,0,0,100,head_only
139.920,321,621,0,0,100,head_only
139.986,326,618,0,0,100,head_only
140.056,329,617,0,0,100,head_only
140.101,329,617,0,0,100,head_only
140.178,330,617,0,0,100,head_only
140.244,328,619,0,0,100,head_only
140.300,328,619,0,0,100,head_only
140.375,320,620,0,0,100,head_only
140.435,315,621,0,0,100,head_only
140.477,316,621,0,0,100,head_only
140.553,316,621,0,0,100,head_only
140.618,319,621,0,0,100,head_only
140.663,321,621,0,0,100,head_only
140.741,321,621,0,0,100,head_only
140.806,323,621,0,0,100,head_only
140.844,326,620,0,0,100,head_only
140.915,329,620,0,0,100,head_only
141.010,329,620,0,0,100,head_only
141.033,330,620,0,0,100,head_only
141.109,332,618,0,0,100,head_only
141.177,332,618,0,0,100,head_only
141.214,332,618,0,0,100,head_only
141.290,331,617,0,0,100,head_only
141.365,331,617,0,0,100,head_only
141.421,330,615,0,0,100,head_only
141.481,328,612,0,0,100,head_only
141.547,328,612,0,0,100,head_only
141.591,321,610,0,0,100,head_only
141.684,318,611,0,0,100,head_only
141.739,318,611,0,0,100,head_only
141.781,318,612,0,0,100,head_only
141.865,320,613,0,0,100,head_only
141.960,320,613,0,0,100,head_only
141.960,320,614,0,0,100,head_only
142.034,320,614,0,0,100,head_only
142.123,320,615,0,0,100,head_only
142.148,320,615,0,0,100,head_only
142.273,320,615,0,0,100,head_only
142.299,316,615,0,0,100,head_only
142.361,317,614,0,0,100,head_only
142.407,317,614,0,0,100,head_only
142.484,318,614,0,0,100,head_only
142.527,319,613,0,0,100,head_only
142.599,319,613,0,0,100,head_only
142.664,319,613,0,0,100,head_only
142.715,320,613,0,0,100,head_only
142.777,321,612,0,0,100,head_only
142.850,321,612,0,0,100,head_only
142.902,324,612,0,0,100,head_only
142.985,327,610,0,0,100,head_only
143.035,327,610,0,0,100,head_only
143.081,331,608,0,0,100,head_only
143.150,332,609,0,0,100,head_only
143.230,332,609,0,0,100,head_only
143.266,325,612,0,0,100,head_only
143.349,318,611,0,0,100,head_only
143.408,318,611,0,0,100,head_only
143.451,310,613,0,0,100,head_only
143.528,304,621,0,0,100,head_only
143.602,304,621,0,0,100,head_only
143.636,302,629,0,0,100,head_only
143.706,300,635,0,0,100,head_only
143.794,300,635,0,0,100,head_only
143.817,301,640,0,0,100,head_only
143.895,301,646,0,0,100,head_only
143.967,301,646,0,0,100,head_only
144.007,301,648,0,0,100,head_only
144.088,303,647,0,0,100,head_only
144.162,303,647,0,0,100,head_only
144.210,304,646,0,0,100,head_only
144.268,297,645,0,0,100,head_only
144.352,289,644,0,0,100,head_only
144.388,289,644,0,0,100,head_only
144.452,276,645,0,0,100,head_only
144.525,265,648,0,0,100,head_only
144.596,229,663,0,0,100,head_only
144.637,229,663,0,0,100,head_only
144.717,185,675,0,22,0,head_only
144.749,152,686,0,21,0,head_only
144.820,152,686,0,21,0,head_only
144.926,156,688,0,35,0,head_only
144.937,159,682,0,35,0,head_only
145.011,159,682,0,26,0,head_only
145.085,161,680,0,0,100,head_only
145.127,162,679,0,0,100,head_only
145.211,160,678,0,23,0,head_only
145.269,160,678,0,23,0,head_only
145.324,161,674,0,34,0,head_only
145.370,166,670,0,22,0,head_only
145.445,166,670,0,22,0,head_only
145.490,169,665,0,0,100,head_only
145.556,156,662,0,0,100,head_only
145.633,156,662,0,0,100,head_only
145.667,142,659,0,0,100,head_only
145.745,139,660,0,0,100,head_only
145.813,139,660,0,0,100,head_only
145.860,136,665,0,0,100,head_only
145.928,134,669,0,0,100,head_only
146.001,134,669,0,0,100,head_only
146.053,129,674,0,0,100,head_only
146.114,106,677,0,0,100,head_only
146.191,106,677,0,0,100,head_only
146.237,39,690,0,0,100,head_only
146.312,-20,699,0,0,100,head_only
146.390,-69,690,0,0,100,head_only
146.413,-69,690,0,0,100,head_only
146.496,-94,681,0,0,100,head_only
146.574,-100,679,0,0,100,head_only
146.602,-100,679,0,0,100,head_only
146.696,-94,678,0,0,100,head_only
146.744,-81,676,0,0,100,head_only
146.782,-66,676,0,0,100,head_only
146.860,-66,676,0,0,100,head_only
146.948,-55,675,0,0,100,head_only
147.000,-44,673,0,0,100,head_only
147.055,-44,673,0,0,100,head_only
147.123,-35,667,0,0,100,head_only
147.156,-31,666,0,0,98,head_only
147.229,-31,666,0,0,98,head_only
147.296,-23,665,0,0,96,head_only
147.358,-16,664,0,0,96,head_only
147.427,-16,663,8,0,96,head_only
147.483,-16,663,8,0,94,head_only
147.527,-12,663,0,0,94,head_only
147.592,-4,663,0,0,91,head_only
147.668,-4,663,0,0,91,head_only
147.742,4,663,0,0,88,head_only
147.781,14,666,0,0,87,head_only
147.897,14,666,0,0,87,head_only
147.897,27,687,0,0,90,head_only
147.974,40,710,0,0,91,head_only
148.049,40,710,0,0,91,head_only
148.083,54,710,0,0,93,head_only
148.145,58,706,0,0,94,head_only
148.220,58,706,0,0,94,head_only
148.284,61,699,0,0,94,head_only
148.368,65,699,0,0,95,head_only
148.416,65,699,0,0,95,head_only
148.451,72,702,0,0,96,head_only
148.520,80,703,0,0,96,head_only
148.596,80,703,0,0,97,head_only
148.695,89,709,0,0,97,head_only
148.714,97,710,0,0,93,head_only
148.791,99,710,-8,0,89,head_only
148.817,99,710,-8,0,89,head_only
148.894,92,709,-16,0,87,head_only
148.969,86,710,-8,0,87,head_only
149.010,86,710,-8,0,86,head_only
149.085,76,710,-8,0,85,head_only
149.149,66,714,0,0,85,head_only
149.192,67,722,0,0,83,head_only
149.273,67,722,0,0,79,head_only
149.343,66,729,0,0,79,head_only
149.374,69,731,0,0,78,head_only
149.448,69,731,0,0,76,head_only
149.519,69,732,0,0,76,head_only
149.571,73,733,0,0,74,head_only
149.661,73,733,0,0,74,head_only
149.712,76,731,0,0,74,head_only
149.749,73,729,0,0,72,head_only
149.814,73,726,0,0,72,head_only
149.904,73,726,0,0,72,head_only
149.927,73,725,0,0,72,head_only
150.001,73,722,0,0,73,head_only
150.076,73,722,0,0,73,head_only
150.119,72,719,0,0,73,head_only
150.184,75,715,0,0,72,head_only
150.264,75,715,0,0,72,head_only
150.293,82,712,0,0,72,head_only
150.403,90,709,0,0,70,head_only
150.451,90,709,0,0,70,head_only
150.482,96,707,0,0,69,head_only
150.563,100,706,0,0,69,head_only
150.630,100,706,0,0,69,head_only
150.676,104,707,0,0,67,head_only
150.750,103,708,0,0,66,head_only
150.840,103,708,0,0,66,head_only
150.877,93,703,-8,0,65,head_only
150.927,81,699,-8,0,65,head_only
151.005,69,698,-16,0,65,head_only
151.042,69,698,-16,0,66,head_only
151.141,58,695,-8,0,66,head_only
151.189,51,691,-8,0,66,head_only
151.224,51,691,-8,0,66,head_only
151.312,50,688,0,0,68,head_only
151.374,55,687,0,0,68,head_only
151.424,65,686,0,0,68,head_only
151.485,65,686,0,0,67,head_only
151.563,68,685,0,0,67,head_only
151.608,72,685,0,0,68,head_only
151.669,72,685,0,0,71,head_only
151.738,77,684,0,0,71,head_only
151.779,80,683,0,0,72,head_only
151.875,80,683,0,0,70,head_only
151.923,82,684,0,0,70,head_only
151.966,79,685,8,0,67,head_only
152.045,78,686,0,0,67,head_only
152.133,78,686,0,0,66,head_only
152.156,83,685,0,0,66,head_only
152.217,87,685,0,0,66,head_only
152.295,87,685,0,0,66,head_only
152.330,90,685,0,0,66,head_only
152.409,93,684,0,0,66,head_only
152.491,93,684,0,0,66,head_only
152.524,95,684,0,0,66,head_only
152.591,97,683,0,0,64,head_only
152.693,97,683,0,0,64,head_only
152.709,103,683,0,0,64,head_only
152.784,106,682,0,0,63,head_only
152.853,106,682,0,0,63,head_only
152.903,108,677,0,0,62,head_only
152.969,105,670,-8,0,62,head_only
153.046,105,670,-8,0,62,head_only
153.081,104,663,0,0,63,head_only
153.292,101,660,0,0,62,head_only
153.292,101,660,0,0,62,head_only
153.292,94,659,0,0,61,head_only
153.342,87,661,-8,0,61,head_only
153.408,77,663,0,0,61,head_only
153.442,77,663,0,0,62,head_only
153.551,61,669,0,0,62,head_only
153.604,68,667,0,0,64,head_only
153.635,68,667,0,0,64,head_only
153.710,70,667,0,0,62,head_only
153.784,75,669,0,0,62,head_only
153.816,78,672,8,0,62,head_only
153.895,78,672,8,0,60,head_only
153.958,76,674,-8,0,60,head_only
154.014,76,675,0,0,58,head_only
154.076,76,675,0,0,58,head_only
154.153,75,676,0,0,58,head_only
154.219,80,676,0,0,59,head_only
154.289,80,676,0,0,61,head_only
154.351,87,677,0,0,61,head_only
154.367,95,673,8,0,62,head_only
154.460,100,669,0,0,64,head_only
154.530,100,669,0,0,64,head_only
154.565,105,668,0,0,65,head_only
154.636,114,668,0,0,65,head_only
154.728,114,668,0,0,66,head_only
154.747,121,669,0,0,67,head_only
154.880,125,673,0,0,67,head_only
154.899,125,673,0,0,69,head_only
154.936,126,676,0,0,69,head_only
155.008,127,684,0,0,69,head_only
155.072,127,684,0,0,68,head_only
155.112,124,690,0,0,68,head_only
155.192,113,695,0,0,69,head_only
155.253,113,695,0,0,69,head_only
155.294,104,700,0,0,69,head_only
155.377,93,704,0,0,69,head_only
155.441,93,704,0,0,69,head_only
155.517,86,706,0,0,70,head_only
155.559,84,707,0,0,71,head_only
155.631,84,707,0,0,71,head_only
155.683,87,707,0,0,72,head_only
155.744,94,707,0,0,73,head_only
155.816,98,707,8,0,73,head_only
155.866,98,707,8,0,74,head_only
155.936,95,710,8,0,74,head_only
155.992,93,713,0,0,75,head_only
156.040,93,713,0,0,75,head_only
156.113,87,715,0,0,75,head_only
156.185,74,714,0,0,74,head_only
156.245,62,716,0,0,74,head_only
156.297,62,716,0,0,73,head_only
156.372,48,718,0,0,73,head_only
156.415,-5,716,0,0,72,head_only
156.489,-5,716,0,0,71,head_only
156.552,-65,712,0,0,71,head_only
156.606,-107,717,0,0,70,head_only
156.679,-120,729,0,0,70,head_only
156.738,-120,729,0,0,70,head_only
156.793,-125,730,0,0,69,head_only
156.848,-125,728,-8,0,70,head_only
156.930,-125,728,-8,0,70,head_only
156.962,-119,728,-8,0,69,head_only
157.043,-109,729,-8,0,69,head_only
157.122,-109,729,-8,0,69,head_only
157.219,-103,725,0,0,71,head_only
157.219,-96,719,0,0,71,head_only
157.303,-96,719,0,0,73,head_only
157.351,-94,714,0,0,73,head_only
157.416,-101,707,0,0,75,head_only
157.545,-101,707,0,0,75,head_only
157.545,-108,702,0,0,75,head_only
157.607,-113,698,0,0,74,head_only
157.658,-113,698,0,0,74,head_only
157.718,-107,697,0,0,75,head_only
157.773,-100,698,0,21,0,head_only
157.858,-100,698,0,21,0,head_only
157.890,-92,695,0,0,81,head_only
157.957,-81,691,0,0,82,head_only
158.096,-69,688,0,0,82,head_only
158.096,-69,688,0,0,82,head_only
158.153,-52,684,0,0,81,head_only
158.242,-10,673,0,0,81,head_only
158.254,-10,673,0,0,80,head_only
158.328,19,661,0,0,80,head_only
158.415,37,656,0,0,82,head_only
158.474,37,656,0,0,82,head_only
158.520,45,655,0,0,82,head_only
158.607,50,655,0,0,82,head_only
158.689,53,655,0,0,82,head_only
158.701,53,655,0,0,82,head_only
158.773,59,657,0,0,80,head_only
158.829,61,661,0,0,80,head_only
158.885,58,664,0,0,79,head_only
158.976,58,664,0,0,79,head_only
159.003,54,664,0,0,79,head_only
159.089,48,664,8,0,80,head_only
159.155,48,664,8,0,80,head_only
159.188,40,668,0,0,81,head_only
159.253,30,670,-8,0,80,head_only
159.332,30,670,-8,0,80,head_only
164.553,21,673,0,0,79,natural_typing
164.553,14,675,16,0,78,natural_typing
164.553,14,675,16,0,78,natural_typing
164.553,7,677,8,0,76,natural_typing
164.553,2,679,0,0,76,natural_typing
164.553,2,679,0,0,74,natural_typing
164.553,10,679,0,0,73,natural_typing
164.553,20,677,0,0,73,natural_typing
164.553,20,677,0,0,74,natural_typing
164.553,28,677,0,0,74,natural_typing
164.553,40,674,0,0,74,natural_typing
164.553,40,674,0,0,74,natural_typing
164.553,54,672,0,0,74,natural_typing
164.553,65,670,-8,0,74,natural_typing
164.553,62,671,-8,0,74,natural_typing
164.553,62,671,-8,0,75,natural_typing
164.553,58,672,-16,0,77,natural_typing
164.553,58,672,0,0,77,natural_typing
164.553,58,672,0,0,79,natural_typing
164.553,66,670,0,0,82,natural_typing
164.553,72,669,0,0,82,natural_typing
164.553,71,667,0,0,84,natural_typing
164.553,71,667,0,0,85,natural_typing
164.553,71,669,0,0,85,natural_typing
164.553,76,670,0,0,85,natural_typing
164.553,79,673,0,0,85,natural_typing
164.553,79,673,0,0,86,natural_typing
164.553,79,672,0,0,86,natural_typing
164.553,80,675,0,0,86,natural_typing
164.553,80,675,0,0,86,natural_typing
164.553,88,686,0,0,86,natural_typing
164.553,97,698,0,0,84,natural_typing
164.553,97,698,0,0,84,natural_typing
164.553,119,726,0,0,84,natural_typing
164.553,128,748,0,0,84,natural_typing
164.553,128,748,0,0,84,natural_typing
164.553,128,754,8,24,0,natural_typing
164.553,123,754,8,0,85,natural_typing
164.553,123,754,8,0,85,natural_typing
164.553,112,749,0,0,83,natural_typing
164.553,91,737,8,0,83,natural_typing
164.553,91,737,8,0,83,natural_typing
164.553,29,691,0,0,83,natural_typing
164.553,-73,617,-8,0,83,natural_typing
164.553,-131,600,-8,0,83,natural_typing
164.553,-131,600,-8,0,84,natural_typing
164.553,-178,580,-8,0,85,natural_typing
164.553,-192,557,-8,0,85,natural_typing
164.553,-192,557,-8,21,0,natural_typing
164.553,-184,555,-8,21,0,natural_typing
164.553,-162,559,0,39,0,natural_typing
164.553,-130,564,0,33,0,natural_typing
164.553,-130,564,0,33,0,natural_typing
164.553,-94,572,0,0,97,natural_typing
164.553,-3,591,0,0,97,natural_typing
164.553,66,601,0,0,100,natural_typing
164.553,66,601,0,0,100,natural_typing
164.553,95,598,0,0,100,natural_typing
164.553,49,570,0,0,100,natural_typing
164.553,49,570,0,0,100,natural_typing
164.553,28,556,0,0,100,natural_typing
164.553,26,552,0,0,100,natural_typing
164.553,26,552,0,0,100,natural_typing
164.553,17,544,0,0,100,natural_typing
164.553,-9,533,0,0,100,natural_typing
164.553,-9,533,0,0,100,natural_typing
164.553,-29,530,0,22,0,natural_typing
164.553,-43,537,0,26,0,natural_typing
164.553,-43,537,0,26,0,natural_typing
164.553,-42,552,0,27,0,natural_typing
164.553,-36,558,8,27,0,natural_typing
164.553,-36,558,8,0,100,natural_typing
164.553,-22,562,8,0,100,natural_typing
164.553,-2,561,8,0,100,natural_typing
164.553,18,562,8,28,0,natural_typing
164.553,18,562,8,28,0,natural_typing
164.553,34,561,8,0,100,natural_typing
164.553,36,562,8,0,100,natural_typing
164.553,36,562,8,0,100,natural_typing
164.553,27,561,0,0,100,natural_typing
164.553,11,560,-8,0,100,natural_typing
164.553,-3,561,0,24,0,natural_typing
164.553,-3,561,0,0,100,natural_typing
164.553,-12,564,0,0,100,natural_typing
164.599,-12,568,0,0,100,natural_typing
164.673,-12,568,0,0,100,natural_typing
164.750,-4,574,0,0,100,natural_typing
164.783,6,582,-8,0,100,natural_typing
164.861,18,586,0,0,100,natural_typing
164.926,18,586,0,0,100,natural_typing
164.973,29,589,0,0,100,natural_typing
165.047,39,592,0,0,100,natural_typing
165.122,39,592,0,0,100,natural_typing
165.153,47,595,0,0,100,natural_typing
165.232,53,599,0,0,100,natural_typing
165.309,53,599,0,0,100,natural_typing
165.342,60,602,0,0,100,natural_typing
165.420,68,604,0,0,100,natural_typing
165.486,68,604,0,0,100,natural_typing
165.533,76,605,0,0,100,natural_typing
165.596,80,605,0,0,100,natural_typing
165.675,80,605,0,0,100,natural_typing
165.719,86,603,0,0,100,natural_typing
165.795,85,600,8,0,100,natural_typing
165.867,85,600,8,0,100,natural_typing
165.897,80,600,8,0,100,natural_typing
165.976,77,604,8,27,0,natural_typing
166.054,77,607,0,27,0,natural_typing
166.097,77,607,0,50,0,natural_typing
166.201,82,610,0,0,100,natural_typing
166.247,92,611,0,0,100,natural_typing
166.269,92,611,0,33,0,natural_typing
166.348,107,608,0,24,0,natural_typing
166.414,121,603,-8,24,0,natural_typing
166.469,161,591,-16,40,0,natural_typing
166.534,161,591,-16,40,0,natural_typing
166.605,185,588,-8,0,100,natural_typing
166.668,171,596,-8,0,100,natural_typing
166.724,162,600,-8,0,100,natural_typing
166.820,162,600,-8,0,100,natural_typing
166.836,152,604,-8,0,100,natural_typing
166.907,139,606,-8,0,100,natural_typing
166.991,139,606,-8,0,100,natural_typing
167.038,114,599,0,0,100,natural_typing
167.092,89,590,0,0,100,natural_typing
167.166,89,590,0,0,100,natural_typing
167.205,69,593,0,0,100,natural_typing
167.285,70,595,0,0,100,natural_typing
167.375,70,595,0,0,100,natural_typing
167.390,79,598,0,0,100,natural_typing
167.466,109,608,0,0,100,natural_typing
167.544,109,608,0,0,100,natural_typing
167.575,117,619,0,0,100,natural_typing
167.664,90,626,0,0,100,natural_typing
167.735,90,626,0,0,100,natural_typing
167.766,83,631,0,0,100,natural_typing
167.864,89,642,0,0,100,natural_typing
167.917,89,642,0,0,100,natural_typing
167.966,96,649,0,0,100,natural_typing
168.024,121,654,0,0,100,natural_typing
168.090,141,653,0,0,100,natural_typing
168.133,141,653,0,0,100,natural_typing
168.202,144,648,0,0,100,natural_typing
168.276,157,636,0,0,100,natural_typing
168.314,157,636,0,0,100,natural_typing
168.395,185,622,0,0,100,natural_typing
168.480,207,608,0,0,100,natural_typing
168.512,221,603,0,0,100,natural_typing
168.591,221,603,0,0,100,natural_typing
168.694,223,605,0,0,100,natural_typing
168.694,214,620,0,0,100,natural_typing
168.775,213,625,0,0,100,natural_typing
168.843,213,625,0,0,100,natural_typing
168.880,213,626,0,0,100,natural_typing
168.958,213,626,0,0,100,natural_typing
169.028,213,626,0,0,100,natural_typing
169.074,217,622,0,0,100,natural_typing
169.161,221,619,0,0,100,natural_typing
169.213,221,619,0,0,100,natural_typing
169.275,220,618,0,0,100,natural_typing
169.360,220,618,0,0,100,natural_typing
169.388,220,618,0,24,0,natural_typing
169.461,220,616,0,24,0,natural_typing
169.532,215,615,0,0,100,natural_typing
169.575,215,615,0,0,100,natural_typing
169.621,201,619,0,0,100,natural_typing
169.704,186,623,0,0,100,natural_typing
169.761,186,623,0,0,100,natural_typing
169.810,172,632,0,0,100,natural_typing
169.920,171,635,0,0,100,natural_typing
169.953,171,635,0,0,100,natural_typing
170.005,169,638,0,0,100,natural_typing
170.061,169,640,0,0,100,natural_typing
170.150,169,640,0,0,100,natural_typing
170.172,172,640,0,0,100,natural_typing
170.242,176,639,0,0,97,natural_typing
170.336,180,633,0,0,97,natural_typing
170.374,180,633,0,0,94,natural_typing
170.427,186,625,-16,0,94,natural_typing
170.501,190,615,0,0,90,natural_typing
170.549,190,615,0,0,89,natural_typing
170.622,195,606,0,0,89,natural_typing
170.730,199,597,8,0,88,natural_typing
170.730,202,591,0,0,88,natural_typing
170.807,202,591,0,0,88,natural_typing
170.884,206,590,0,0,87,natural_typing
170.923,208,589,-8,0,87,natural_typing
171.020,213,588,0,26,0,natural_typing
171.068,213,588,0,26,0,natural_typing
171.108,215,589,0,0,91,natural_typing
171.175,221,587,0,33,0,natural_typing
171.289,221,587,0,33,0,natural_typing
171.289,229,585,0,26,0,natural_typing
171.367,238,582,0,21,0,natural_typing
171.432,238,582,0,21,0,natural_typing
171.475,243,580,0,0,91,natural_typing
171.577,248,578,0,21,0,natural_typing
171.617,248,578,0,21,0,natural_typing
171.685,251,576,0,0,95,natural_typing
171.734,253,578,0,0,95,natural_typing
171.955,253,578,0,0,95,natural_typing
171.955,257,579,0,22,0,natural_typing
171.955,264,577,0,22,0,natural_typing
171.984,264,577,0,0,97,natural_typing
172.038,269,578,0,0,97,natural_typing
172.104,271,582,0,0,97,natural_typing
172.173,271,582,0,0,98,natural_typing
172.216,273,590,0,0,98,natural_typing
172.280,271,598,0,0,97,natural_typing
172.359,266,605,0,0,97,natural_typing
172.596,266,605,0,0,96,natural_typing
172.596,259,617,0,0,96,natural_typing
172.596,233,644,0,0,96,natural_typing
172.596,233,644,0,0,96,natural_typing
172.661,196,666,0,0,97,natural_typing
172.737,169,680,0,0,97,natural_typing
172.783,184,681,0,0,97,natural_typing
172.867,184,681,0,0,100,natural_typing
172.919,195,678,0,0,100,natural_typing
172.975,204,675,0,0,100,natural_typing
173.030,204,675,0,0,100,natural_typing
173.126,211,674,0,0,100,natural_typing
173.153,217,674,0,0,100,natural_typing
173.219,226,673,0,0,100,natural_typing
173.293,226,673,0,0,100,natural_typing
173.325,237,673,0,0,100,natural_typing
173.411,246,675,0,0,100,natural_typing
173.490,246,675,0,0,100,natural_typing
173.525,255,675,0,0,100,natural_typing
173.600,264,673,0,0,100,natural_typing
173.658,264,673,0,0,100,natural_typing
173.696,277,669,0,0,100,natural_typing
173.789,290,666,0,0,100,natural_typing
173.855,290,666,0,0,100,natural_typing
173.883,306,659,0,0,98,natural_typing
173.964,319,653,0,0,98,natural_typing
174.048,319,653,0,0,98,natural_typing
174.081,324,651,0,0,100,natural_typing
174.144,326,650,0,0,100,natural_typing
174.212,326,650,0,0,100,natural_typing
174.250,327,650,0,0,100,natural_typing
174.330,329,646,0,0,100,natural_typing
174.404,329,646,0,0,100,natural_typing
174.438,328,644,0,26,0,natural_typing
174.511,328,643,0,26,0,natural_typing
174.580,328,643,0,23,0,natural_typing
174.624,329,643,0,23,0,natural_typing
174.706,327,639,8,0,100,natural_typing
174.778,325,635,8,0,100,natural_typing
174.818,325,635,8,0,100,natural_typing
174.890,320,636,0,0,100,natural_typing
174.970,311,637,0,0,100,natural_typing
175.004,301,640,0,0,99,natural_typing
175.110,301,640,0,0,95,natural_typing
175.160,294,643,0,0,95,natural_typing
175.205,291,646,0,0,94,natural_typing
175.254,291,646,0,0,92,natural_typing
175.345,293,647,0,0,92,natural_typing
175.362,294,648,0,0,90,natural_typing
175.452,294,648,0,0,89,natural_typing
175.540,296,645,-8,0,89,natural_typing
175.560,297,643,0,0,90,natural_typing
175.619,300,637,-8,0,90,natural_typing
175.694,300,637,-8,26,0,natural_typing
175.740,299,633,0,26,0,natural_typing
175.838,297,633,0,0,94,natural_typing
175.891,297,633,0,0,93,natural_typing
175.934,294,635,-8,0,93,natural_typing
175.990,292,637,0,0,92,natural_typing
176.066,292,637,0,0,92,natural_typing
176.130,288,642,0,0,94,natural_typing
176.177,284,644,0,17,0,natural_typing
176.249,284,644,0,17,0,natural_typing
176.283,282,646,0,0,96,natural_typing
176.358,281,643,-8,0,94,natural_typing
176.438,281,643,-8,0,94,natural_typing
176.479,283,640,0,0,93,natural_typing
176.553,286,636,0,0,93,natural_typing
176.618,286,636,0,0,93,natural_typing
176.660,288,636,0,0,93,natural_typing
176.729,289,635,-16,0,93,natural_typing
176.799,289,635,-16,0,91,natural_typing
176.862,290,632,0,0,89,natural_typing
176.934,290,628,8,0,89,natural_typing
176.989,289,628,0,0,86,natural_typing
177.038,289,628,0,0,86,natural_typing
177.113,290,628,0,0,86,natural_typing
177.177,292,628,0,0,84,natural_typing
177.228,292,628,0,0,84,natural_typing
177.295,293,628,0,0,81,natural_typing
177.377,298,628,0,0,81,natural_typing
177.403,299,630,0,0,80,natural_typing
177.477,299,630,0,0,79,natural_typing
177.551,297,631,0,0,79,natural_typing
177.587,290,629,0,0,80,natural_typing
177.664,290,629,0,0,82,natural_typing
177.742,276,629,0,0,82,natural_typing
177.777,262,634,0,16,0,natural_typing
177.845,231,648,0,0,85,natural_typing
177.919,231,648,0,0,85,natural_typing
177.955,224,636,0,0,84,natural_typing
178.032,224,632,0,0,84,natural_typing
178.104,224,632,0,0,82,natural_typing
178.138,226,623,-8,0,80,natural_typing
178.215,232,617,0,0,80,natural_typing
178.285,232,617,0,0,79,natural_typing
178.380,237,610,0,0,79,natural_typing
178.402,242,606,0,0,79,natural_typing
178.468,242,606,0,0,79,natural_typing
178.519,245,606,0,0,79,natural_typing
178.587,249,608,0,25,0,natural_typing
178.663,249,608,0,25,0,natural_typing
178.696,252,605,0,0,81,natural_typing
178.772,254,606,0,0,82,natural_typing
178.852,254,606,0,0,82,natural_typing
178.889,255,610,0,0,83,natural_typing
178.996,249,613,0,0,82,natural_typing
179.036,242,624,0,0,82,natural_typing
179.069,242,624,0,0,81,natural_typing
179.146,236,632,0,0,80,natural_typing
179.214,234,632,0,0,80,natural_typing
179.270,234,632,0,0,79,natural_typing
179.335,234,627,0,0,79,natural_typing
179.403,236,618,8,0,78,natural_typing
179.453,240,610,0,0,79,natural_typing
179.523,240,610,0,0,79,natural_typing
179.600,243,609,0,0,78,natural_typing
179.640,244,610,0,0,78,natural_typing
179.736,244,610,0,0,77,natural_typing
179.793,248,610,0,0,79,natural_typing
179.816,251,610,0,0,79,natural_typing
179.893,251,610,0,21,0,natural_typing
179.954,256,609,0,21,0,natural_typing
180.000,266,605,0,0,85,natural_typing
180.066,276,600,0,0,86,natural_typing
180.155,276,600,0,0,86,natural_typing
180.192,288,595,0,0,87,natural_typing
180.261,300,590,0,0,89,natural_typing
180.334,300,590,0,0,89,natural_typing
180.367,305,582,16,0,92,natural_typing
180.482,308,579,0,0,94,natural_typing
180.510,308,579,0,0,94,natural_typing
180.556,309,578,0,0,96,natural_typing
180.631,312,578,0,0,96,natural_typing
180.768,312,578,0,0,97,natural_typing
180.768,313,577,0,0,99,natural_typing
180.816,314,572,0,0,99,natural_typing
180.877,314,572,0,0,100,natural_typing
180.941,315,565,-8,0,100,natural_typing
181.023,318,558,0,0,100,natural_typing
181.071,318,558,0,0,100,natural_typing
181.112,321,549,0,0,100,natural_typing
181.191,325,547,0,0,100,natural_typing
181.287,326,550,0,0,100,natural_typing
181.301,326,550,0,25,0,natural_typing
181.372,328,554,0,26,0,natural_typing
181.446,329,556,0,26,0,natural_typing
181.509,329,556,0,25,0,natural_typing
181.588,329,558,0,0,100,natural_typing
181.666,331,560,0,0,100,natural_typing
181.683,332,559,0,0,100,natural_typing
181.741,332,559,0,0,100,natural_typing
181.815,333,555,-8,0,100,natural_typing
181.854,336,554,0,0,100,natural_typing
182.003,335,557,0,0,100,natural_typing
182.036,333,560,0,0,100,natural_typing
182.186,333,560,0,0,100,natural_typing
182.186,333,564,0,0,100,natural_typing
182.227,332,563,0,0,100,natural_typing
182.301,332,557,-16,0,100,natural_typing
182.410,332,557,-16,0,100,natural_typing
182.410,331,550,0,0,100,natural_typing
182.475,324,541,0,0,100,natural_typing
182.552,324,541,0,0,100,natural_typing
182.610,314,538,0,0,100,natural_typing
182.662,310,540,0,0,100,natural_typing
182.751,310,540,0,0,100,natural_typing
182.812,307,544,0,0,100,natural_typing
182.852,309,550,-8,0,100,natural_typing
182.919,309,550,-8,0,100,natural_typing
182.965,310,559,0,0,100,natural_typing
183.043,314,564,0,0,100,natural_typing
183.120,314,564,0,0,100,natural_typing
183.156,319,569,0,0,100,natural_typing
183.226,320,573,0,0,100,natural_typing
183.301,320,573,0,0,100,natural_typing
183.333,324,574,0,0,100,natural_typing
183.411,330,574,0,0,100,natural_typing
183.484,335,573,0,0,100,natural_typing
183.526,335,573,0,0,100,natural_typing
183.606,336,574,0,0,100,natural_typing
183.676,333,577,0,0,100,natural_typing
183.724,333,577,0,0,100,natural_typing
183.813,329,579,0,0,100,natural_typing
183.856,324,580,0,0,100,natural_typing
183.913,322,583,0,0,100,natural_typing
183.969,322,583,0,0,100,natural_typing
184.045,322,585,0,0,100,natural_typing
184.081,323,588,0,0,100,natural_typing
184.153,323,588,0,0,100,natural_typing
184.227,323,588,0,0,100,natural_typing
184.293,322,581,-8,0,100,natural_typing
184.372,322,581,-8,0,100,natural_typing
184.403,320,576,0,0,100,natural_typing
184.451,313,572,0,0,100,natural_typing
184.535,309,568,-16,0,100,natural_typing
184.593,309,568,-16,0,100,natural_typing
184.656,312,566,0,0,100,natural_typing
184.705,317,567,0,0,100,natural_typing
184.774,317,567,0,0,100,natural_typing
184.819,319,567,0,0,100,natural_typing
184.915,322,567,0,0,100,natural_typing
184.961,322,567,0,0,100,natural_typing
185.010,327,565,0,0,100,natural_typing
185.087,334,560,-8,0,100,natural_typing
185.151,334,560,-8,0,100,natural_typing
185.189,339,556,0,0,100,natural_typing
185.265,347,548,0,0,100,natural_typing
185.354,347,548,0,0,100,natural_typing
185.375,352,539,-8,0,100,natural_typing
185.444,348,540,0,0,100,natural_typing
185.517,348,540,0,0,100,natural_typing
185.561,345,542,0,0,100,natural_typing
185.631,340,547,0,0,100,natural_typing
185.707,340,547,0,0,100,natural_typing
185.740,341,551,0,0,100,natural_typing
185.861,340,553,0,0,100,natural_typing
185.890,337,555,0,0,100,natural_typing
185.938,337,555,0,0,100,natural_typing
186.017,336,553,0,0,100,natural_typing
186.113,337,551,0,0,100,natural_typing
186.113,337,551,0,0,100,natural_typing
186.204,337,551,0,0,100,natural_typing
186.265,336,553,0,0,100,natural_typing
186.327,332,555,0,0,100,natural_typing
186.388,332,555,0,0,100,natural_typing
186.440,332,557,0,0,100,natural_typing
186.485,331,562,0,0,100,natural_typing
186.570,331,562,0,0,100,natural_typing
186.655,329,569,0,0,100,natural_typing
186.693,327,573,0,0,100,natural_typing
186.742,327,573,0,0,100,natural_typing
186.848,331,567,0,0,100,natural_typing
186.848,334,558,0,0,100,natural_typing
186.920,336,555,0,0,100,natural_typing
187.000,336,555,0,0,100,natural_typing
187.050,339,555,-8,0,100,natural_typing
187.116,342,557,-8,0,100,natural_typing
187.181,342,557,-8,0,100,natural_typing
187.240,342,553,-8,0,100,natural_typing
187.317,343,554,0,0,100,natural_typing
187.381,343,554,0,0,100,natural_typing
187.408,342,556,0,0,100,natural_typing
187.480,340,557,0,27,0,natural_typing
187.559,340,557,0,27,0,natural_typing
187.637,341,557,0,0,100,natural_typing
187.714,345,554,0,0,100,natural_typing
187.745,345,554,0,0,100,natural_typing
187.786,346,551,0,0,100,natural_typing
187.868,348,549,-8,0,100,natural_typing
187.949,348,549,-8,0,100,natural_typing
188.004,347,550,0,0,100,natural_typing
188.037,350,551,-8,0,100,natural_typing
188.110,351,552,0,0,100,natural_typing
188.185,351,552,0,0,100,natural_typing
188.245,353,553,0,0,100,natural_typing
188.317,354,549,-16,0,100,natural_typing
188.357,354,549,-16,0,100,natural_typing
188.447,354,542,-16,0,100,natural_typing
188.494,358,539,-8,0,100,natural_typing
188.545,359,539,-8,0,100,natural_typing
188.607,359,539,-8,0,100,natural_typing
188.670,363,541,8,0,100,natural_typing
188.756,362,544,0,0,100,natural_typing
188.786,362,544,0,0,100,natural_typing
188.853,364,547,0,0,100,natural_typing
188.889,364,546,0,0,100,natural_typing
188.968,364,546,0,0,100,natural_typing
189.039,363,547,0,0,100,natural_typing
189.080,360,554,0,0,100,natural_typing
189.156,358,558,0,0,100,natural_typing
189.225,358,558,0,0,100,natural_typing
189.281,357,560,0,0,100,natural_typing
189.368,356,562,0,0,100,natural_typing
189.412,356,562,0,0,100,natural_typing
189.454,356,566,0,21,0,natural_typing
189.535,355,570,0,21,0,natural_typing
189.598,355,570,0,0,100,natural_typing
189.636,353,573,0,0,100,natural_typing
189.712,352,577,0,22,0,natural_typing
189.798,352,577,0,0,100,natural_typing
189.821,351,579,0,0,100,natural_typing
189.932,353,580,0,0,100,natural_typing
189.984,353,580,0,0,100,natural_typing
190.000,353,581,0,0,100,natural_typing
190.095,351,583,0,26,0,natural_typing
190.167,351,583,0,26,0,natural_typing
190.189,345,586,0,0,100,natural_typing
190.261,341,589,0,0,100,natural_typing
190.343,337,592,0,0,100,natural_typing
190.390,337,592,0,33,0,natural_typing
190.451,334,594,0,35,0,natural_typing
190.528,332,596,0,35,0,natural_typing
190.563,332,596,0,0,100,natural_typing
190.644,329,597,0,0,100,natural_typing
190.708,326,598,0,0,100,natural_typing
190.805,322,598,0,0,100,natural_typing
190.823,322,598,0,0,100,natural_typing
190.901,320,600,0,0,100,natural_typing
190.951,318,602,0,0,100,natural_typing
191.008,318,602,0,0,100,natural_typing
191.072,312,606,8,0,100,natural_typing
191.127,305,609,0,0,100,natural_typing
191.198,295,609,0,0,100,natural_typing
191.263,295,609,0,0,100,natural_typing
191.355,283,611,8,0,100,natural_typing
191.421,274,613,0,0,100,natural_typing
191.455,274,613,0,0,100,natural_typing
191.505,264,615,8,32,0,natural_typing
191.563,249,619,8,0,100,natural_typing
191.656,249,619,8,0,100,natural_typing
191.674,211,626,0,0,100,natural_typing
191.751,194,634,0,23,0,natural_typing
191.823,194,634,0,23,0,natural_typing
191.866,196,634,0,0,100,natural_typing
191.942,197,634,0,0,100,natural_typing
192.017,197,634,0,0,100,natural_typing
192.069,196,635,0,0,100,natural_typing
192.113,192,639,0,0,100,natural_typing
192.186,192,639,0,0,100,natural_typing
192.231,182,645,0,0,100,natural_typing
192.302,174,650,0,0,100,natural_typing
192.385,174,650,0,0,100,natural_typing
192.422,174,651,0,0,100,natural_typing
192.487,179,649,0,0,100,natural_typing
192.577,190,646,0,0,100,natural_typing
192.604,190,646,0,0,100,natural_typing
192.669,205,642,0,0,100,natural_typing
192.746,213,638,0,0,100,natural_typing
192.790,213,638,0,0,100,natural_typing
192.860,215,631,-8,0,100,natural_typing
192.966,218,625,0,0,100,natural_typing
193.009,219,624,0,0,100,natural_typing
193.048,219,624,0,0,100,natural_typing
193.114,219,625,0,0,100,natural_typing
193.169,220,626,0,0,100,natural_typing
193.236,220,626,0,0,100,natural_typing
193.338,217,629,0,0,100,natural_typing
193.356,213,633,0,0,100,natural_typing
193.418,199,646,0,0,100,natural_typing
193.489,199,646,0,0,100,natural_typing
193.547,188,658,0,0,100,natural_typing
193.616,179,667,0,0,100,natural_typing
193.683,179,667,0,0,100,natural_typing
193.739,179,668,0,0,100,natural_typing
193.809,185,665,0,0,100,natural_typing
193.861,185,665,0,0,100,natural_typing
193.895,193,660,0,0,100,natural_typing
193.974,200,657,0,0,100,natural_typing
194.041,200,657,0,0,100,natural_typing
194.087,206,654,0,22,0,natural_typing
194.165,211,652,0,0,97,natural_typing
194.226,211,652,0,0,97,natural_typing
194.279,216,650,0,0,96,natural_typing
194.347,223,648,0,0,97,natural_typing
194.411,223,648,0,0,97,natural_typing
194.488,228,646,0,0,97,natural_typing
194.532,233,642,0,0,97,natural_typing
194.597,233,642,0,0,96,natural_typing
194.657,235,634,-8,0,96,natural_typing
194.716,239,627,0,0,96,natural_typing
194.780,246,626,-8,0,95,natural_typing
194.828,246,626,-8,0,95,natural_typing
194.892,254,623,0,0,95,natural_typing
194.967,261,620,0,0,95,natural_typing
195.041,261,620,0,0,94,natural_typing
195.081,264,612,-8,0,92,natural_typing
195.153,271,602,32,0,92,natural_typing
195.234,279,598,0,0,92,natural_typing
195.275,279,598,0,0,92,natural_typing
195.342,284,593,0,0,92,natural_typing
195.384,290,588,16,0,92,natural_typing
195.452,290,588,16,0,91,natural_typing
195.525,291,583,0,0,91,natural_typing
195.597,292,575,-16,0,92,natural_typing
195.648,289,568,0,0,91,natural_typing
195.723,289,568,0,0,91,natural_typing
195.756,286,558,-8,0,89,natural_typing
195.824,282,550,0,0,89,natural_typing
195.894,282,550,0,0,88,natural_typing
195.946,283,543,0,0,90,natural_typing
196.012,286,538,0,0,90,natural_typing
196.096,286,538,0,0,91,natural_typing
196.170,286,536,8,0,91,natural_typing
196.192,282,535,0,0,92,natural_typing
196.263,282,535,0,0,92,natural_typing
196.308,283,532,0,0,93,natural_typing
196.374,287,533,0,0,92,natural_typing
196.459,287,533,0,0,92,natural_typing
196.490,294,532,0,0,92,natural_typing
196.574,300,533,0,0,91,natural_typing
196.648,300,533,0,0,91,natural_typing
196.677,304,535,0,0,90,natural_typing
196.763,306,536,0,0,89,natural_typing
196.827,306,536,0,0,89,natural_typing
196.869,308,540,-8,0,90,natural_typing
196.940,309,545,0,0,90,natural_typing
197.005,309,545,0,0,91,natural_typing
197.046,312,548,0,0,90,natural_typing
197.124,315,548,0,0,90,natural_typing
197.191,317,549,0,0,90,natural_typing
197.236,317,549,0,0,90,natural_typing
197.326,320,550,0,0,91,natural_typing
197.383,322,552,0,0,92,natural_typing
197.426,323,554,0,0,92,natural_typing
197.511,323,554,0,0,93,natural_typing
197.563,323,553,0,0,93,natural_typing
197.613,318,552,0,0,92,natural_typing
197.678,318,552,0,0,92,natural_typing
197.752,307,551,0,0,92,natural_typing
197.797,294,551,0,0,90,natural_typing
197.865,294,551,0,0,89,natural_typing
197.951,270,546,0,0,89,natural_typing
197.974,239,553,0,0,89,natural_typing
198.044,218,558,0,0,88,natural_typing
198.126,218,558,0,0,88,natural_typing
198.164,224,556,0,0,90,natural_typing
198.229,233,556,0,0,90,natural_typing
198.303,233,556,0,0,89,natural_typing
198.344,242,555,0,0,87,natural_typing
198.414,248,557,0,0,87,natural_typing
198.500,248,557,0,0,83,natural_typing
198.523,250,558,0,0,83,natural_typing
198.627,252,553,-16,0,81,natural_typing
198.701,252,553,-16,0,80,natural_typing
198.719,253,550,16,0,80,natural_typing
198.794,259,545,-24,0,79,natural_typing
198.859,259,545,-24,0,79,natural_typing
198.894,266,538,0,0,78,natural_typing
198.977,273,531,0,0,76,natural_typing
199.049,273,531,0,0,76,natural_typing
199.106,274,527,0,0,75,natural_typing
199.155,274,523,0,0,74,natural_typing
199.230,274,523,0,0,74,natural_typing
199.275,272,523,0,0,73,natural_typing
199.350,274,525,0,0,74,natural_typing
199.421,273,529,0,0,74,natural_typing
199.469,273,529,0,0,74,natural_typing
199.530,269,535,0,0,74,natural_typing
199.618,254,539,0,0,75,natural_typing
199.643,238,543,0,0,76,natural_typing
199.721,238,543,0,0,76,natural_typing
199.786,172,539,0,0,77,natural_typing
199.830,98,531,0,0,77,natural_typing
199.897,98,531,0,0,77,natural_typing
199.977,36,531,0,0,78,natural_typing
200.014,-2,534,0,0,78,natural_typing
200.081,-2,534,0,22,0,natural_typing
200.164,12,550,0,22,0,natural_typing
200.195,40,566,0,22,0,natural_typing
200.283,83,574,0,0,87,natural_typing
200.353,83,574,0,0,87,natural_typing
200.402,170,556,0,0,88,natural_typing
200.461,227,516,-8,0,88,natural_typing
200.526,227,516,-8,0,88,natural_typing
200.569,262,480,0,0,86,natural_typing
200.636,254,515,0,0,84,natural_typing
200.732,254,515,0,0,84,natural_typing
200.762,247,529,-8,0,82,natural_typing
200.827,252,527,0,0,82,natural_typing
200.895,252,527,0,0,80,natural_typing
200.938,260,524,-16,0,81,natural_typing
201.018,273,518,0,0,81,natural_typing
201.078,273,518,0,0,84,natural_typing
201.120,305,505,-8,0,84,natural_typing
201.204,329,502,0,0,87,natural_typing
201.271,329,502,0,0,87,natural_typing
201.308,339,498,0,0,88,natural_typing
201.401,342,497,0,0,89,natural_typing
201.455,342,497,0,0,89,natural_typing
201.498,341,501,0,0,90,natural_typing
201.574,339,504,16,0,90,natural_typing
201.649,337,504,0,0,90,natural_typing
201.688,337,504,0,0,89,natural_typing
201.762,337,507,0,0,88,natural_typing
201.826,340,507,0,0,88,natural_typing
201.875,340,507,0,0,87,natural_typing
201.949,346,508,0,0,86,natural_typing
202.015,351,509,0,0,86,natural_typing
202.062,349,510,8,0,86,natural_typing
202.127,349,510,8,0,86,natural_typing
202.204,346,515,0,0,85,natural_typing
202.237,339,519,0,0,84,natural_typing
202.309,339,519,0,0,84,natural_typing
202.394,316,518,0,0,84,natural_typing
202.440,292,518,0,0,84,natural_typing
202.506,220,502,8,0,85,natural_typing
202.576,220,502,8,0,85,natural_typing
202.608,153,480,0,0,83,natural_typing
202.675,111,475,0,0,85,natural_typing
202.746,111,475,0,0,85,natural_typing
202.795,115,481,0,0,87,natural_typing
202.868,127,489,0,0,88,natural_typing
202.939,127,489,0,0,88,natural_typing
202.977,141,494,-8,0,89,natural_typing
203.053,200,511,0,0,88,natural_typing
203.128,200,511,0,0,88,natural_typing
203.160,302,530,0,0,88,natural_typing
203.228,352,549,0,0,88,natural_typing
203.311,352,549,0,0,88,natural_typing
203.365,369,536,-8,0,85,natural_typing
203.444,365,514,-24,0,85,natural_typing
203.499,365,514,-24,0,83,natural_typing
203.530,354,490,16,0,83,natural_typing
203.605,343,473,-8,0,81,natural_typing
203.699,343,473,-8,0,78,natural_typing
203.727,338,457,-8,0,78,natural_typing
203.788,329,445,0,0,75,natural_typing
203.862,325,432,-8,0,75,natural_typing
203.905,325,432,-8,0,75,natural_typing
203.998,315,426,0,0,73,natural_typing
204.067,308,440,0,0,73,natural_typing
204.095,308,440,0,0,70,natural_typing
204.171,302,446,-8,0,67,natural_typing
204.258,274,443,0,0,67,natural_typing
204.289,195,440,0,0,64,natural_typing
204.350,195,440,0,0,63,natural_typing
204.426,84,461,0,0,63,natural_typing
204.470,40,471,0,0,63,natural_typing
204.546,40,471,0,0,63,natural_typing
204.611,-4,479,0,0,64,natural_typing
204.643,-37,490,0,0,65,natural_typing
204.725,-57,508,0,0,65,natural_typing
204.823,-57,508,0,0,65,natural_typing
204.842,-76,518,0,0,65,natural_typing
204.898,-78,528,0,0,66,natural_typing
204.975,-78,528,0,0,66,natural_typing
205.028,-80,534,0,0,66,natural_typing
205.098,-59,534,0,0,65,natural_typing
205.182,-59,534,0,0,65,natural_typing
205.208,-44,531,0,0,63,natural_typing
205.280,-63,534,8,0,60,natural_typing
205.350,-63,534,8,0,60,natural_typing
205.418,-86,537,8,0,58,natural_typing
205.462,-107,535,8,0,56,natural_typing
205.537,-107,535,8,0,56,natural_typing
205.576,-122,535,0,0,56,natural_typing
205.641,-136,526,0,0,57,natural_typing
205.724,-136,526,0,0,57,natural_typing
205.754,-134,513,0,0,57,natural_typing
205.861,-138,500,0,0,57,natural_typing
205.900,-138,500,0,0,57,natural_typing
205.948,-144,485,0,0,57,natural_typing
206.022,-141,468,-16,0,57,natural_typing
206.083,-109,447,16,0,55,natural_typing
206.147,-109,447,16,0,55,natural_typing
206.201,-9,418,0,0,56,natural_typing
206.269,99,392,0,0,58,natural_typing
206.318,99,392,0,0,58,natural_typing
206.398,208,370,0,0,58,natural_typing
206.481,271,363,0,0,58,natural_typing
206.500,243,395,0,0,59,natural_typing
206.579,243,395,0,0,60,natural_typing
206.640,229,407,-8,0,60,natural_typing
206.695,192,428,-8,0,60,natural_typing
206.761,192,428,-8,0,60,natural_typing
206.826,139,447,-8,0,60,natural_typing
206.867,49,491,-8,0,61,natural_typing
206.935,49,491,-8,0,62,natural_typing
207.023,-12,529,-8,0,62,natural_typing
207.053,-66,565,-8,0,62,natural_typing
207.127,-96,568,0,0,62,natural_typing
207.196,-96,568,0,0,62,natural_typing
207.236,-104,571,0,0,62,natural_typing
207.304,-113,574,0,0,62,natural_typing
207.408,-113,574,0,0,62,natural_typing
207.441,-126,566,0,0,62,natural_typing
207.497,-127,552,8,0,62,natural_typing
207.568,-127,552,8,0,64,natural_typing
207.619,-127,546,8,0,64,natural_typing
207.681,-110,537,16,0,65,natural_typing
207.756,-110,537,16,0,65,natural_typing
207.794,-93,531,0,0,66,natural_typing
207.884,-77,521,0,0,66,natural_typing
207.941,-77,521,0,0,66,natural_typing
208.016,-61,514,0,0,65,natural_typing
208.050,-46,510,-8,0,64,natural_typing
208.133,-46,510,-8,0,64,natural_typing
208.184,-32,504,0,0,63,natural_typing
208.242,-23,497,0,0,63,natural_typing
208.306,-13,490,-24,0,63,natural_typing
208.348,-13,490,-24,0,65,natural_typing
208.424,-3,483,32,0,65,natural_typing
208.514,8,479,-8,0,65,natural_typing
208.533,8,479,-8,0,65,natural_typing
208.612,18,477,0,0,65,natural_typing
208.690,12,481,8,0,67,natural_typing
208.733,5,487,0,0,67,natural_typing
208.789,5,487,0,0,67,natural_typing
208.888,10,490,0,0,67,natural_typing
208.907,14,494,8,0,65,natural_typing
208.984,14,494,8,0,63,natural_typing
209.069,22,494,-8,0,63,natural_typing
209.093,36,495,0,0,61,natural_typing
209.157,36,495,0,0,60,natural_typing
209.238,49,497,0,0,60,natural_typing
209.288,67,498,0,0,60,natural_typing
209.367,81,498,0,0,59,natural_typing
209.428,81,498,0,0,59,natural_typing
209.468,94,494,0,0,59,natural_typing
209.553,109,490,0,0,59,natural_typing
214.782,109,490,0,0,58,natural_reach
214.782,123,485,0,0,57,natural_reach
214.782,138,483,0,0,57,natural_reach
214.782,138,483,0,0,58,natural_reach
214.782,149,484,0,0,58,natural_reach
214.782,156,486,0,0,60,natural_reach
214.782,156,486,0,0,62,natural_reach
214.782,163,485,0,0,62,natural_reach
214.782,167,485,0,0,63,natural_reach
214.782,167,485,0,0,63,natural_reach
214.782,172,485,0,0,62,natural_reach
214.782,171,487,0,0,59,natural_reach
214.782,171,487,0,0,59,natural_reach
214.782,173,489,0,0,58,natural_reach
214.782,174,494,0,0,58,natural_reach
214.782,179,500,0,0,58,natural_reach
214.782,179,500,0,0,58,natural_reach
214.782,188,506,0,0,58,natural_reach
214.782,195,508,0,0,58,natural_reach
214.782,195,508,0,0,58,natural_reach
214.782,198,512,0,0,56,natural_reach
214.782,201,518,0,0,56,natural_reach
214.782,202,521,24,0,57,natural_reach
214.782,202,521,24,0,57,natural_reach
214.782,201,523,-8,0,57,natural_reach
214.782,194,525,-8,0,60,natural_reach
214.782,194,525,-8,0,60,natural_reach
214.782,188,528,0,0,62,natural_reach
214.782,183,532,0,0,62,natural_reach
214.782,175,536,0,0,64,natural_reach
214.782,175,536,0,0,64,natural_reach
214.782,168,536,0,0,63,natural_reach
214.782,164,535,0,0,64,natural_reach
214.782,164,535,0,0,64,natural_reach
214.782,164,532,0,0,67,natural_reach
214.782,165,528,0,0,70,natural_reach
214.782,165,528,0,0,70,natural_reach
214.782,164,521,0,26,0,natural_reach
214.782,166,514,0,0,74,natural_reach
214.782,166,514,0,0,74,natural_reach
214.782,169,510,0,27,0,natural_reach
214.782,177,506,0,0,79,natural_reach
214.782,177,506,0,0,79,natural_reach
214.782,186,504,0,0,79,natural_reach
214.782,191,501,0,0,79,natural_reach
214.782,193,495,0,0,78,natural_reach
214.782,193,495,0,0,76,natural_reach
214.782,197,491,8,0,76,natural_reach
214.782,200,486,0,0,75,natural_reach
214.782,200,486,0,0,75,natural_reach
214.782,208,483,0,0,76,natural_reach
214.782,208,483,0,0,79,natural_reach
214.782,213,480,0,0,79,natural_reach
214.782,213,480,0,0,80,natural_reach
214.782,218,486,0,0,80,natural_reach
214.782,219,490,0,0,80,natural_reach
214.782,219,490,0,0,81,natural_reach
214.782,221,491,8,0,81,natural_reach
214.782,225,485,0,0,82,natural_reach
214.782,231,480,0,0,84,natural_reach
214.782,231,480,0,0,84,natural_reach
214.782,244,488,0,0,85,natural_reach
214.782,259,505,0,0,88,natural_reach
214.782,259,505,0,0,88,natural_reach
214.782,300,553,0,0,91,natural_reach
214.782,336,574,0,0,92,natural_reach
214.782,336,574,0,0,92,natural_reach
214.782,374,576,0,0,92,natural_reach
214.782,405,573,0,0,92,natural_reach
214.782,405,573,0,0,90,natural_reach
214.782,383,588,0,0,90,natural_reach
214.782,368,596,0,0,90,natural_reach
214.782,368,596,0,0,90,natural_reach
214.782,348,605,0,0,90,natural_reach
214.782,330,609,0,0,91,natural_reach
214.782,330,609,0,0,93,natural_reach
214.782,315,612,0,0,93,natural_reach
214.782,293,614,0,0,94,natural_reach
214.782,276,618,0,0,94,natural_reach
214.782,276,618,0,0,96,natural_reach
214.782,255,623,0,0,97,natural_reach
214.782,208,628,0,0,97,natural_reach
214.782,208,628,0,0,96,natural_reach
214.782,211,624,0,0,97,natural_reach
214.826,219,619,0,0,97,natural_reach
214.871,227,614,0,0,99,natural_reach
214.947,227,614,0,0,98,natural_reach
215.026,234,607,0,0,98,natural_reach
215.059,238,603,0,0,98,natural_reach
215.126,238,603,0,0,98,natural_reach
215.204,241,601,0,0,96,natural_reach
215.237,241,601,0,0,94,natural_reach
215.315,239,598,0,0,94,natural_reach
215.382,239,598,0,0,94,natural_reach
215.422,233,596,0,0,94,natural_reach
215.511,225,595,-8,0,96,natural_reach
215.571,225,595,-8,0,94,natural_reach
215.622,222,594,0,0,94,natural_reach
215.687,223,591,0,0,91,natural_reach
215.765,223,591,0,0,91,natural_reach
215.800,226,587,0,0,88,natural_reach
215.877,234,586,0,0,85,natural_reach
215.945,234,586,0,0,85,natural_reach
215.993,246,581,0,0,86,natural_reach
216.062,259,575,0,0,85,natural_reach
216.143,259,575,0,0,85,natural_reach
216.177,273,570,0,0,85,natural_reach
216.247,276,570,0,0,86,natural_reach
216.321,270,575,0,0,86,natural_reach
216.362,270,575,0,0,88,natural_reach
216.432,265,581,0,0,88,natural_reach
216.520,261,584,0,0,89,natural_reach
216.543,261,584,0,0,91,natural_reach
216.635,261,589,0,0,91,natural_reach
216.695,260,595,0,0,90,natural_reach
216.735,259,600,0,0,90,natural_reach
216.811,259,600,0,0,90,natural_reach
216.876,257,605,0,0,91,natural_reach
216.937,254,606,0,0,91,natural_reach
216.989,254,606,0,0,92,natural_reach
217.078,252,607,0,0,92,natural_reach
217.111,250,607,0,0,91,natural_reach
217.182,246,609,0,0,91,natural_reach
217.257,246,609,0,0,91,natural_reach
217.290,240,611,0,0,91,natural_reach
217.402,235,614,0,0,92,natural_reach
217.438,235,614,0,0,92,natural_reach
217.482,227,617,0,0,91,natural_reach
217.560,222,620,0,0,90,natural_reach
217.638,222,620,0,0,90,natural_reach
217.672,213,624,0,0,90,natural_reach
217.746,207,628,0,0,90,natural_reach
217.815,207,628,0,0,90,natural_reach
217.856,205,635,0,0,91,natural_reach
217.936,207,644,0,0,91,natural_reach
217.998,207,644,0,0,92,natural_reach
218.044,212,653,0,0,93,natural_reach
218.139,218,657,0,0,93,natural_reach
218.191,218,657,0,0,94,natural_reach
218.238,224,660,0,0,94,natural_reach
218.301,229,664,0,0,95,natural_reach
218.377,231,665,0,0,95,natural_reach
218.411,231,665,0,0,97,natural_reach
218.483,232,663,0,0,98,natural_reach
218.556,231,659,0,0,98,natural_reach
218.590,231,659,0,0,97,natural_reach
218.671,228,654,0,0,96,natural_reach
218.750,226,651,0,0,96,natural_reach
218.784,224,648,0,0,94,natural_reach
218.863,224,648,0,31,0,natural_reach
218.926,217,647,8,31,0,natural_reach
218.979,214,642,-8,0,99,natural_reach
219.048,214,642,-8,0,99,natural_reach
219.107,213,633,-8,0,100,natural_reach
219.147,212,625,0,0,100,natural_reach
219.232,212,625,0,0,100,natural_reach
219.294,212,623,0,33,0,natural_reach
219.328,210,624,-8,33,0,natural_reach
219.406,210,629,-8,0,100,natural_reach
219.480,210,629,-8,22,0,natural_reach
219.527,211,633,-8,22,0,natural_reach
219.593,218,636,-8,0,100,natural_reach
219.668,218,636,-8,0,100,natural_reach
219.703,224,639,-8,0,100,natural_reach
219.780,217,641,-8,0,100,natural_reach
219.852,217,641,-8,0,100,natural_reach
219.886,211,643,-8,0,100,natural_reach
219.959,203,645,-8,0,100,natural_reach
220.031,203,645,-8,0,100,natural_reach
220.081,200,645,-8,0,100,natural_reach
220.148,199,642,0,0,100,natural_reach
220.229,199,642,0,0,100,natural_reach
220.269,196,641,0,32,0,natural_reach
220.342,199,638,0,32,0,natural_reach
220.402,199,638,0,26,0,natural_reach
220.449,206,637,0,32,0,natural_reach
220.513,210,635,8,32,0,natural_reach
220.586,214,634,8,0,100,natural_reach
220.635,214,634,8,0,100,natural_reach
220.728,214,633,16,0,100,natural_reach
220.774,217,632,16,0,100,natural_reach
220.821,217,632,16,0,100,natural_reach
220.921,218,632,16,21,0,natural_reach
220.967,214,634,8,21,0,natural_reach
221.001,211,635,8,0,100,natural_reach
221.074,211,635,8,0,100,natural_reach
221.143,208,629,-8,0,100,natural_reach
221.192,207,624,-8,0,100,natural_reach
221.263,207,624,-8,0,100,natural_reach
221.335,211,618,-8,0,100,natural_reach
221.389,213,611,-8,22,0,natural_reach
221.467,213,611,-8,0,100,natural_reach
221.513,215,610,0,0,100,natural_reach
221.558,211,612,0,0,100,natural_reach
221.626,207,611,0,0,100,natural_reach
221.700,207,611,0,0,100,natural_reach
221.747,198,608,0,0,100,natural_reach
221.837,182,612,0,0,100,natural_reach
221.887,182,612,0,0,100,natural_reach
221.929,164,615,0,0,100,natural_reach
222.001,111,624,0,0,100,natural_reach
222.081,111,624,0,0,100,natural_reach
222.142,72,632,0,0,100,natural_reach
222.192,58,637,0,0,100,natural_reach
222.254,58,637,0,0,100,natural_reach
222.300,58,639,0,0,100,natural_reach
222.378,64,639,0,0,100,natural_reach
222.446,64,639,0,0,100,natural_reach
222.487,75,638,0,0,99,natural_reach
222.552,85,639,0,0,100,natural_reach
222.639,85,639,0,0,100,natural_reach
222.674,87,640,0,0,100,natural_reach
222.745,82,642,0,0,100,natural_reach
222.813,82,642,0,0,100,natural_reach
222.861,73,643,0,0,100,natural_reach
222.924,60,644,0,0,100,natural_reach
223.000,53,644,0,0,100,natural_reach
223.040,53,644,0,0,100,natural_reach
223.116,58,644,0,0,100,natural_reach
223.196,71,641,0,0,97,natural_reach
223.227,71,641,0,0,97,natural_reach
223.297,86,636,0,0,94,natural_reach
223.409,67,640,0,0,94,natural_reach
223.409,59,642,0,0,94,natural_reach
223.481,59,642,0,0,92,natural_reach
223.555,66,639,0,0,92,natural_reach
223.589,73,637,0,0,92,natural_reach
223.669,73,637,0,0,91,natural_reach
223.745,76,633,0,0,91,natural_reach
223.783,79,629,0,0,91,natural_reach
223.873,84,623,0,0,91,natural_reach
223.927,84,623,0,0,91,natural_reach
223.968,91,619,0,0,91,natural_reach
224.047,98,612,0,0,90,natural_reach
224.109,98,612,0,0,90,natural_reach
224.157,106,604,0,0,89,natural_reach
224.230,110,598,0,0,89,natural_reach
224.291,110,598,0,0,87,natural_reach
224.336,109,595,0,0,87,natural_reach
224.403,107,595,0,0,84,natural_reach
224.482,107,595,0,0,82,natural_reach
224.515,106,593,0,0,82,natural_reach
224.594,109,589,0,0,83,natural_reach
224.667,109,589,0,0,83,natural_reach
224.701,112,582,-56,0,85,natural_reach
224.779,113,573,-8,31,0,natural_reach
224.859,113,573,-8,31,0,natural_reach
224.893,119,566,-8,25,0,natural_reach
224.975,125,565,0,0,86,natural_reach
225.051,125,565,0,0,86,natural_reach
225.079,130,566,-8,0,87,natural_reach
225.144,137,568,-8,0,88,natural_reach
225.220,143,571,-8,0,88,natural_reach
225.254,143,571,-8,23,0,natural_reach
225.332,146,575,-8,23,0,natural_reach
225.421,147,578,-8,0,87,natural_reach
225.446,147,578,-8,0,89,natural_reach
225.525,146,578,-8,0,89,natural_reach
225.605,147,580,-8,0,88,natural_reach
225.639,148,582,0,0,88,natural_reach
225.714,148,582,0,0,88,natural_reach
225.770,150,583,0,0,87,natural_reach
225.833,151,585,0,0,87,natural_reach
225.894,151,585,0,0,86,natural_reach
225.981,156,585,0,0,86,natural_reach
226.012,158,586,0,0,85,natural_reach
226.097,147,587,0,0,83,natural_reach
226.145,147,587,0,0,83,natural_reach
226.200,134,590,0,0,82,natural_reach
226.282,127,594,8,31,0,natural_reach
226.357,127,594,8,31,0,natural_reach
226.389,124,598,8,0,81,natural_reach
226.450,125,601,8,0,79,natural_reach
226.531,125,601,8,0,79,natural_reach
226.553,128,603,8,0,78,natural_reach
226.656,134,604,8,0,78,natural_reach
226.711,134,604,8,0,77,natural_reach
226.741,141,603,8,38,0,natural_reach
226.813,147,604,16,38,0,natural_reach
226.894,147,604,16,0,78,natural_reach
226.941,146,609,16,0,78,natural_reach
227.007,147,613,8,0,79,natural_reach
227.075,147,613,8,0,79,natural_reach
227.120,147,617,8,0,79,natural_reach
227.179,154,617,0,0,79,natural_reach
227.287,154,617,0,0,79,natural_reach
227.298,161,617,-8,0,81,natural_reach
227.383,166,617,-8,24,0,natural_reach
227.442,171,617,-8,24,0,natural_reach
227.482,171,617,-8,22,0,natural_reach
227.557,174,618,-16,21,0,natural_reach
227.653,173,620,-16,21,0,natural_reach
227.664,173,620,-16,0,85,natural_reach
227.744,174,621,-16,0,86,natural_reach
227.822,170,621,-16,0,86,natural_reach
227.864,168,618,-8,0,86,natural_reach
227.927,168,618,-8,0,86,natural_reach
228.013,162,615,-8,0,89,natural_reach
228.042,157,614,-8,0,89,natural_reach
228.117,157,614,-8,0,89,natural_reach
228.200,155,613,0,0,90,natural_reach
228.228,152,617,0,0,90,natural_reach
228.299,150,628,0,0,91,natural_reach
228.374,150,628,0,0,91,natural_reach
228.434,151,637,0,0,91,natural_reach
228.485,150,643,0,0,91,natural_reach
228.561,150,643,0,0,91,natural_reach
228.593,150,645,0,0,94,natural_reach
228.669,147,643,0,32,0,natural_reach
228.743,147,643,0,32,0,natural_reach
228.847,148,641,0,0,94,natural_reach
228.871,151,638,8,0,94,natural_reach
228.927,151,638,8,0,94,natural_reach
229.022,150,635,8,0,93,natural_reach
229.040,148,628,8,0,93,natural_reach
229.118,148,628,8,0,93,natural_reach
229.156,147,623,8,0,93,natural_reach
229.231,148,623,8,0,93,natural_reach
229.302,148,623,8,0,90,natural_reach
229.343,147,624,8,0,91,natural_reach
229.408,143,625,8,0,91,natural_reach
229.488,143,625,8,0,89,natural_reach
229.537,144,626,0,0,89,natural_reach
229.604,144,628,0,0,89,natural_reach
229.669,148,629,0,0,89,natural_reach
229.717,148,629,0,0,89,natural_reach
229.779,152,631,0,0,89,natural_reach
229.853,156,633,0,0,89,natural_reach
229.896,156,633,0,22,0,natural_reach
229.975,160,634,0,26,0,natural_reach
230.052,166,631,0,26,0,natural_reach
230.086,169,628,0,0,93,natural_reach
230.163,169,628,0,0,93,natural_reach
230.227,172,624,0,0,93,natural_reach
230.273,166,621,0,0,92,natural_reach
230.336,166,621,0,0,91,natural_reach
230.419,143,615,0,0,91,natural_reach
230.448,118,611,0,0,90,natural_reach
230.536,43,596,0,0,90,natural_reach
230.595,43,596,0,0,87,natural_reach
230.636,34,555,0,0,87,natural_reach
230.705,37,511,0,0,87,natural_reach
230.783,37,511,0,0,83,natural_reach
230.817,50,478,0,0,83,natural_reach
230.890,82,428,0,0,84,natural_reach
230.967,82,428,0,0,84,natural_reach
231.005,112,390,0,0,83,natural_reach
231.082,143,357,0,0,84,natural_reach
231.152,143,357,0,0,84,natural_reach
231.185,178,330,0,0,84,natural_reach
231.271,181,305,0,0,83,natural_reach
231.331,181,305,0,0,83,natural_reach
231.371,155,309,0,0,79,natural_reach
231.449,148,325,0,0,80,natural_reach
231.517,148,325,0,0,80,natural_reach
231.562,134,340,0,0,82,natural_reach
231.638,120,355,0,0,82,natural_reach
231.705,120,355,0,0,83,natural_reach
231.761,109,369,0,0,84,natural_reach
231.820,96,411,0,0,84,natural_reach
231.909,96,411,0,0,84,natural_reach
231.938,87,441,-8,0,84,natural_reach
232.007,86,453,0,0,84,natural_reach
232.075,90,457,-8,0,85,natural_reach
232.120,90,457,-8,0,85,natural_reach
232.189,104,470,0,0,85,natural_reach
232.265,122,476,0,0,85,natural_reach
232.308,133,482,0,0,85,natural_reach
232.378,133,482,0,0,83,natural_reach
232.454,142,494,0,0,83,natural_reach
232.492,152,515,0,0,85,natural_reach
232.557,152,515,0,39,0,natural_reach
232.641,158,529,0,39,0,natural_reach
232.698,170,537,8,0,84,natural_reach
232.750,170,537,8,0,83,natural_reach
232.822,172,551,8,0,83,natural_reach
232.871,174,561,8,22,0,natural_reach
232.935,177,563,0,22,0,natural_reach
232.999,177,563,0,22,0,natural_reach
233.044,181,565,0,0,88,natural_reach
233.120,187,566,0,0,88,natural_reach
233.217,187,566,0,39,0,natural_reach
233.264,192,571,0,39,0,natural_reach
233.298,190,590,0,0,93,natural_reach
233.373,190,590,0,0,96,natural_reach
233.459,191,595,0,0,96,natural_reach
233.481,190,600,16,22,0,natural_reach
233.592,190,600,16,22,0,natural_reach
233.610,189,604,-8,0,100,natural_reach
233.697,184,606,-16,41,0,natural_reach
233.737,184,606,-16,41,0,natural_reach
233.801,180,608,0,34,0,natural_reach
233.858,179,610,0,0,100,natural_reach
233.925,179,610,0,0,100,natural_reach
233.969,178,612,0,0,100,natural_reach
234.044,180,615,0,0,100,natural_reach
234.124,180,618,0,0,100,natural_reach
234.153,180,618,0,0,100,natural_reach
234.244,184,618,0,0,100,natural_reach
234.303,188,618,0,0,100,natural_reach
234.342,188,618,0,0,100,natural_reach
234.421,193,617,0,0,100,natural_reach
234.488,197,617,0,0,100,natural_reach
234.534,199,618,0,0,100,natural_reach
234.597,199,618,0,24,0,natural_reach
234.670,199,620,0,0,100,natural_reach
234.714,198,624,0,0,100,natural_reach
240.003,198,624,0,0,100,stand_sit
240.003,201,627,0,0,100,stand_sit
240.003,206,628,0,29,0,stand_sit
240.003,211,628,0,32,0,stand_sit
240.003,211,628,0,32,0,stand_sit
240.003,215,630,0,30,0,stand_sit
240.003,215,632,0,22,0,stand_sit
240.003,215,632,0,22,0,stand_sit
240.003,214,636,0,22,0,stand_sit
240.003,213,638,0,0,100,stand_sit
240.003,213,638,0,0,100,stand_sit
240.003,214,635,0,26,0,stand_sit
240.003,212,634,0,26,0,stand_sit
240.003,212,634,0,0,100,stand_sit
240.003,206,635,0,28,0,stand_sit
240.003,203,640,0,28,0,stand_sit
240.003,203,640,0,0,100,stand_sit
240.003,200,641,-39,0,100,stand_sit
240.003,200,634,-32,0,100,stand_sit
240.003,200,634,-32,0,100,stand_sit
240.003,200,623,-32,0,100,stand_sit
240.003,203,618,0,0,100,stand_sit
240.003,210,612,0,0,100,stand_sit
240.003,210,612,0,0,100,stand_sit
240.003,219,608,0,0,100,stand_sit
240.003,232,601,0,0,100,stand_sit
240.003,232,601,0,0,100,stand_sit
240.003,244,593,0,0,100,stand_sit
240.003,251,583,0,0,100,stand_sit
240.003,254,573,0,0,100,stand_sit
240.003,254,573,0,0,100,stand_sit
240.003,254,567,-8,0,100,stand_sit
240.003,249,562,0,0,100,stand_sit
240.003,249,562,0,0,100,stand_sit
240.003,242,559,-8,0,100,stand_sit
240.003,233,557,0,0,100,stand_sit
240.003,215,559,0,0,100,stand_sit
240.003,215,559,0,0,100,stand_sit
240.003,202,571,0,0,100,stand_sit
240.003,203,582,0,0,100,stand_sit
240.003,203,582,0,0,100,stand_sit
240.003,222,589,-8,0,100,stand_sit
240.003,242,600,0,0,100,stand_sit
240.003,242,600,0,0,100,stand_sit
240.003,252,604,0,0,100,stand_sit
240.003,253,608,0,0,100,stand_sit
240.003,253,608,0,0,100,stand_sit
240.003,254,612,0,0,100,stand_sit
240.003,250,616,0,0,100,stand_sit
240.003,250,616,0,0,100,stand_sit
240.003,245,620,0,0,100,stand_sit
240.003,225,622,0,0,97,stand_sit
240.003,225,622,0,0,97,stand_sit
240.003,217,622,-8,0,95,stand_sit
240.003,207,621,-8,0,97,stand_sit
240.003,196,624,0,0,97,stand_sit
240.003,196,624,0,0,98,stand_sit
240.003,188,628,0,0,98,stand_sit
240.003,181,631,0,0,95,stand_sit
240.003,179,633,-8,0,92,stand_sit
240.003,179,633,-8,0,92,stand_sit
240.003,178,636,0,0,91,stand_sit
240.003,179,635,16,0,91,stand_sit
240.003,179,635,16,0,92,stand_sit
240.003,178,636,-8,0,91,stand_sit
240.003,178,637,-8,0,91,stand_sit
240.003,178,637,-8,0,88,stand_sit
240.003,172,642,-8,0,88,stand_sit
240.003,167,642,0,0,84,stand_sit
240.003,170,631,0,0,83,stand_sit
240.003,170,631,0,0,83,stand_sit
240.003,176,621,-8,0,81,stand_sit
240.003,179,616,0,0,82,stand_sit
240.003,179,616,0,0,82,stand_sit
240.003,175,615,-8,0,83,stand_sit
240.003,163,614,0,0,82,stand_sit
240.003,163,614,0,0,82,stand_sit
240.003,153,615,0,0,83,stand_sit
240.003,149,619,0,0,83,stand_sit
240.003,149,619,0,0,83,stand_sit
240.003,150,621,0,0,82,stand_sit
240.003,152,630,0,0,82,stand_sit
240.003,152,630,0,0,81,stand_sit
240.003,156,637,0,0,81,stand_sit
240.003,161,640,0,0,83,stand_sit
240.078,161,640,0,0,84,stand_sit
240.124,163,642,8,0,84,stand_sit
240.188,161,645,8,0,84,stand_sit
240.266,159,648,16,0,84,stand_sit
240.312,159,648,16,0,85,stand_sit
240.389,159,649,16,23,0,stand_sit
240.460,156,651,16,23,0,stand_sit
240.489,155,649,8,21,0,stand_sit
240.568,155,649,8,0,88,stand_sit
240.643,150,646,8,0,88,stand_sit
240.678,148,645,0,0,90,stand_sit
240.756,148,645,0,24,0,stand_sit
240.823,143,646,0,24,0,stand_sit
240.879,143,644,0,0,89,stand_sit
240.938,141,645,0,0,90,stand_sit
241.015,141,645,0,0,90,stand_sit
241.046,139,651,0,0,91,stand_sit
241.124,137,658,0,0,91,stand_sit
241.200,137,658,0,24,0,stand_sit
241.245,136,663,0,24,0,stand_sit
241.314,138,664,0,22,0,stand_sit
241.380,138,664,0,0,90,stand_sit
241.425,141,661,0,0,90,stand_sit
241.500,145,659,0,0,90,stand_sit
241.567,145,659,0,0,90,stand_sit
241.612,148,660,0,0,90,stand_sit
241.683,149,663,0,0,88,stand_sit
241.764,149,663,0,0,88,stand_sit
241.794,152,663,8,0,86,stand_sit
241.863,159,666,8,0,85,stand_sit
241.935,159,666,8,0,85,stand_sit
241.976,167,669,8,0,85,stand_sit
242.055,172,667,32,0,84,stand_sit
242.133,172,665,-8,0,84,stand_sit
242.172,172,665,-8,0,82,stand_sit
242.248,166,665,-24,0,80,stand_sit
242.324,161,666,-16,0,80,stand_sit
242.367,161,666,-16,0,80,stand_sit
242.440,158,665,-79,0,80,stand_sit
242.520,151,660,-48,0,80,stand_sit
242.549,142,655,-16,0,80,stand_sit
242.616,142,655,-16,0,80,stand_sit
242.692,135,652,-16,0,78,stand_sit
242.725,129,649,8,0,78,stand_sit
242.807,129,649,8,0,79,stand_sit
242.904,124,647,24,0,80,stand_sit
242.929,124,644,-8,0,80,stand_sit
243.005,127,640,-8,0,79,stand_sit
243.074,127,640,-8,0,79,stand_sit
243.103,129,641,32,0,80,stand_sit
243.181,128,645,48,0,79,stand_sit
243.270,128,645,48,0,79,stand_sit
243.289,123,650,39,0,76,stand_sit
243.364,120,654,64,0,73,stand_sit
243.435,120,654,64,0,73,stand_sit
243.475,127,652,39,0,70,stand_sit
243.553,137,648,39,0,67,stand_sit
243.612,137,648,39,0,67,stand_sit
243.653,142,647,24,0,65,stand_sit
243.730,144,652,24,0,65,stand_sit
243.797,144,652,24,0,64,stand_sit
243.843,140,664,16,0,64,stand_sit
243.957,107,706,16,0,64,stand_sit
243.980,107,706,16,0,63,stand_sit
244.034,47,781,16,0,63,stand_sit
244.116,-28,836,16,0,62,stand_sit
244.172,-28,836,16,0,61,stand_sit
244.228,-112,885,16,0,61,stand_sit
244.291,-210,902,24,0,59,stand_sit
244.369,-288,912,24,0,59,stand_sit
244.413,-288,912,24,0,57,stand_sit
244.469,-338,933,32,0,54,stand_sit
244.549,-382,950,32,0,54,stand_sit
244.621,-421,964,32,0,53,stand_sit
244.661,-421,964,32,0,49,stand_sit
244.738,-454,976,32,0,49,stand_sit
244.772,-482,986,32,0,47,stand_sit
244.850,-482,986,32,0,43,stand_sit
244.914,-476,1006,56,0,43,stand_sit
244.955,-441,1038,39,0,40,stand_sit
245.022,-441,1038,39,0,40,stand_sit
245.097,-385,1070,8,0,37,stand_sit
245.137,-328,1103,-16,0,33,stand_sit
245.225,-199,1146,-32,0,33,stand_sit
245.280,-199,1146,-32,0,30,stand_sit
245.329,-104,1180,-24,0,30,stand_sit
245.396,-40,1185,-32,0,28,stand_sit
245.472,-40,1185,-32,0,25,stand_sit
245.535,11,1180,-32,0,25,stand_sit
245.596,81,1160,-39,0,23,stand_sit
245.660,81,1160,-39,0,23,stand_sit
245.717,149,1134,-39,0,20,stand_sit
245.766,212,1105,-39,0,20,stand_sit
245.840,212,1105,-39,0,20,stand_sit
245.877,237,1083,-24,0,19,stand_sit
245.967,242,1058,-39,0,18,stand_sit
246.032,242,1058,-39,0,18,stand_sit
246.073,234,1045,-32,0,17,stand_sit
246.146,235,1037,-48,0,16,stand_sit
246.208,235,1037,-48,0,16,stand_sit
246.253,221,1028,-32,0,16,stand_sit
246.330,209,1022,-32,0,16,stand_sit
246.399,183,1015,-32,0,16,stand_sit
246.437,183,1015,-32,0,15,stand_sit
246.518,155,1007,-39,0,15,stand_sit
246.608,136,991,-56,0,15,stand_sit
246.626,136,991,-56,0,15,stand_sit
246.713,92,946,-48,17,0,stand_sit
246.776,67,907,-48,0,15,stand_sit
246.817,29,865,-32,0,15,stand_sit
246.927,29,865,-32,0,16,stand_sit
246.959,-21,822,-24,0,16,stand_sit
247.007,-53,773,-16,0,16,stand_sit
247.071,-53,773,-16,0,17,stand_sit
247.144,-99,735,-32,0,17,stand_sit
247.191,-127,700,8,0,18,stand_sit
247.264,-116,692,-8,0,18,stand_sit
247.358,-116,692,-8,0,18,stand_sit
247.376,-72,699,24,0,17,stand_sit
247.454,-55,702,16,0,16,stand_sit
247.521,-55,702,16,0,16,stand_sit
247.562,-49,703,16,0,15,stand_sit
247.634,-40,705,24,0,15,stand_sit
247.736,-40,705,24,0,15,stand_sit
247.736,-42,703,24,0,15,stand_sit
247.806,-43,704,16,23,0,stand_sit
247.884,-43,704,16,0,16,stand_sit
247.933,-41,704,8,0,16,stand_sit
247.996,-43,703,8,0,17,stand_sit
248.100,-43,703,8,0,17,stand_sit
248.116,-41,704,0,0,20,stand_sit
248.187,-32,709,0,0,20,stand_sit
248.251,-32,709,0,0,20,stand_sit
248.291,-23,713,-8,0,22,stand_sit
248.368,-11,725,-16,0,23,stand_sit
248.449,-11,725,-16,0,23,stand_sit
248.482,-8,729,-8,0,23,stand_sit
248.562,-2,730,0,0,24,stand_sit
248.639,5,729,0,0,24,stand_sit
248.684,5,729,0,0,24,stand_sit
248.747,13,730,8,0,25,stand_sit
248.811,25,728,8,0,25,stand_sit
248.859,25,728,8,0,28,stand_sit
248.939,73,713,8,0,28,stand_sit
249.005,117,697,8,0,29,stand_sit
249.046,116,687,8,0,29,stand_sit
249.115,116,687,8,0,29,stand_sit
249.181,115,684,0,0,30,stand_sit
249.225,116,684,0,0,30,stand_sit
249.291,116,684,0,0,33,stand_sit
249.364,121,683,0,0,33,stand_sit
249.433,124,682,-16,0,35,stand_sit
249.476,124,682,-16,0,35,stand_sit
249.572,130,682,-8,0,35,stand_sit
249.585,134,684,-88,0,36,stand_sit
249.655,138,686,-88,0,36,stand_sit
249.735,138,686,-88,0,36,stand_sit
249.784,141,686,-24,0,36,stand_sit
249.845,138,685,-24,0,37,stand_sit
249.922,138,685,-24,0,37,stand_sit
249.976,130,683,0,0,37,stand_sit
250.039,100,678,8,0,37,stand_sit
250.107,100,678,8,0,40,stand_sit
250.146,69,673,8,0,40,stand_sit
250.211,51,670,24,0,40,stand_sit
250.281,51,670,24,0,41,stand_sit
250.332,35,677,39,0,41,stand_sit
250.409,33,689,32,20,0,stand_sit
250.474,33,689,32,0,43,stand_sit
250.515,37,690,-8,0,43,stand_sit
250.614,44,691,-8,16,0,stand_sit
250.659,44,691,-8,16,0,stand_sit
250.714,51,691,-8,0,42,stand_sit
250.794,58,692,-8,0,41,stand_sit
250.850,64,692,-8,0,41,stand_sit
250.888,64,692,-8,0,40,stand_sit
250.961,66,693,64,0,39,stand_sit
251.030,73,700,88,0,39,stand_sit
251.083,73,700,88,0,37,stand_sit
251.158,75,710,32,0,36,stand_sit
251.224,61,727,24,0,36,stand_sit
251.264,8,783,24,0,35,stand_sit
251.331,8,783,24,0,35,stand_sit
251.402,-39,833,24,0,34,stand_sit
251.444,-90,872,16,0,34,stand_sit
251.523,-90,872,16,0,34,stand_sit
251.593,-123,903,8,0,33,stand_sit
251.637,-103,910,8,0,33,stand_sit
251.709,-103,910,8,0,33,stand_sit
251.858,-81,919,8,0,32,stand_sit
251.858,-60,928,8,0,32,stand_sit
251.890,-42,935,8,0,31,stand_sit
251.953,-42,935,8,0,31,stand_sit
251.997,-22,943,0,0,30,stand_sit
252.067,-6,949,0,0,23,stand_sit
252.143,-6,949,0,0,23,stand_sit
252.210,11,954,-8,0,23,stand_sit
252.259,24,961,0,0,23,stand_sit
252.326,24,961,0,0,23,stand_sit
252.374,35,968,-16,0,22,stand_sit
252.449,45,974,-16,0,21,stand_sit
252.514,45,974,-16,0,21,stand_sit
252.585,54,981,-16,0,21,stand_sit
252.629,60,985,-48,0,21,stand_sit
252.710,60,985,-48,0,21,stand_sit
252.745,65,988,-48,0,21,stand_sit
252.822,65,989,-56,0,21,stand_sit
252.893,65,989,-56,0,21,stand_sit
252.931,64,988,-72,0,21,stand_sit
253.001,61,986,-72,0,21,stand_sit
253.069,58,984,-72,0,20,stand_sit
253.112,58,984,-72,0,20,stand_sit
253.185,57,977,-39,0,21,stand_sit
253.277,56,970,-32,0,21,stand_sit
253.300,56,970,-32,21,0,stand_sit
253.369,58,962,-32,0,21,stand_sit
253.458,65,951,-24,0,21,stand_sit
253.491,71,941,-24,0,21,stand_sit
253.574,71,941,-24,0,21,stand_sit
253.633,70,916,-24,0,21,stand_sit
253.669,72,907,8,0,21,stand_sit
253.747,72,907,8,0,21,stand_sit
253.810,76,901,16,0,21,stand_sit
253.853,76,895,16,0,21,stand_sit
253.929,76,895,16,0,21,stand_sit
254.012,79,891,0,0,21,stand_sit
254.034,80,888,8,0,21,stand_sit
254.111,76,884,16,0,21,stand_sit
254.202,76,884,16,0,20,stand_sit
254.229,68,880,24,0,20,stand_sit
254.309,53,875,24,0,21,stand_sit
254.367,53,875,24,0,21,stand_sit
254.413,34,867,24,0,20,stand_sit
254.515,-23,839,0,0,20,stand_sit
254.556,-23,839,0,0,20,stand_sit
254.624,-21,833,8,0,20,stand_sit
254.682,-15,831,8,0,22,stand_sit
254.756,-15,831,8,0,22,stand_sit
254.803,-3,832,-8,0,22,stand_sit
254.854,8,834,-8,0,23,stand_sit
254.942,8,834,-8,0,23,stand_sit
254.959,10,833,-16,19,0,stand_sit
255.062,15,831,-8,0,26,stand_sit
255.111,15,831,-8,0,26,stand_sit
255.170,21,832,-16,0,27,stand_sit
255.225,27,831,-16,0,27,stand_sit
255.298,27,831,-16,0,21,stand_sit
255.339,29,830,-24,0,21,stand_sit
255.408,18,826,-24,0,21,stand_sit
255.476,7,822,-16,0,21,stand_sit
255.518,7,822,-16,0,21,stand_sit
255.616,9,818,-16,0,26,stand_sit
255.700,15,814,-8,0,26,stand_sit
255.711,15,814,-8,0,30,stand_sit
255.946,26,808,-8,32,0,stand_sit
255.946,34,802,-8,32,0,stand_sit
255.946,37,797,0,24,0,stand_sit
256.058,37,797,0,0,42,stand_sit
256.058,39,792,8,0,42,stand_sit
256.086,43,786,8,34,0,stand_sit
256.148,43,786,8,0,47,stand_sit
256.243,50,782,16,0,47,stand_sit
256.254,59,778,16,0,48,stand_sit
256.327,59,778,16,0,48,stand_sit
256.410,66,776,24,29,0,stand_sit
256.457,72,775,16,22,0,stand_sit
256.540,76,775,16,22,0,stand_sit
256.592,76,775,16,0,53,stand_sit
256.625,75,778,8,0,53,stand_sit
256.738,76,779,0,0,54,stand_sit
256.781,76,779,0,0,55,stand_sit
256.861,78,780,-8,0,55,stand_sit
256.908,80,784,-8,0,56,stand_sit
256.956,80,784,-8,0,56,stand_sit
257.014,79,786,-32,0,56,stand_sit
257.076,74,784,-48,0,56,stand_sit
257.143,74,784,-48,0,56,stand_sit
257.189,68,780,-48,0,56,stand_sit
257.255,67,773,-24,0,55,stand_sit
257.334,67,773,-24,0,55,stand_sit
257.374,63,767,-16,0,56,stand_sit
257.444,53,761,16,0,56,stand_sit
257.550,53,761,16,0,56,stand_sit
257.561,44,755,-16,0,54,stand_sit
257.645,38,751,16,0,54,stand_sit
257.718,36,748,-24,0,53,stand_sit
257.743,36,748,-24,0,53,stand_sit
257.814,37,744,-24,0,53,stand_sit
257.896,41,738,-32,0,53,stand_sit
257.928,41,738,-32,0,53,stand_sit
258.010,44,737,24,0,53,stand_sit
258.083,44,738,32,0,53,stand_sit
258.135,43,742,32,0,53,stand_sit
258.194,43,742,32,0,53,stand_sit
258.274,48,744,88,0,53,stand_sit
258.308,54,745,88,0,52,stand_sit
258.370,54,745,88,0,52,stand_sit
258.472,59,750,64,0,52,stand_sit
258.484,59,759,48,0,52,stand_sit
258.566,56,770,39,0,51,stand_sit
258.631,56,770,39,0,51,stand_sit
258.806,54,786,24,0,48,stand_sit
258.806,52,804,24,0,47,stand_sit
258.825,52,804,24,0,47,stand_sit
258.853,50,819,8,0,46,stand_sit
258.949,53,832,8,0,46,stand_sit
259.009,53,832,8,0,43,stand_sit
259.043,54,847,8,0,43,stand_sit
259.114,49,862,8,0,43,stand_sit
259.182,49,862,8,0,42,stand_sit
259.243,34,878,8,0,42,stand_sit
259.295,19,896,0,0,42,stand_sit
259.384,19,896,0,0,41,stand_sit
259.411,-9,939,8,0,41,stand_sit
259.517,-12,982,0,0,41,stand_sit
259.567,-12,982,0,0,41,stand_sit
259.621,-6,992,0,0,39,stand_sit
259.692,0,997,-8,0,36,stand_sit
259.740,0,997,-8,0,36,stand_sit
259.796,5,1003,-8,0,31,stand_sit
259.848,12,1007,-8,0,27,stand_sit
259.929,15,1013,-16,0,27,stand_sit
259.969,15,1013,-16,0,21,stand_sit
265.224,14,1020,-24,0,21,free_5min
265.224,13,1027,-32,0,21,free_5min
265.224,13,1027,-32,0,21,free_5min
265.224,33,1031,-39,0,21,free_5min
265.224,58,1035,-39,0,20,free_5min
265.224,82,1039,-39,0,20,free_5min
265.224,82,1039,-39,0,20,free_5min
265.224,102,1038,-88,0,20,free_5min
265.224,110,1025,-72,0,20,free_5min
265.224,110,1025,-72,0,21,free_5min
265.224,112,1012,-39,0,21,free_5min
265.224,109,997,-39,0,21,free_5min
265.224,100,984,-32,0,21,free_5min
265.224,100,984,-32,0,21,free_5min
265.224,96,973,-24,0,21,free_5min
265.224,96,964,-24,0,21,free_5min
265.224,96,964,-24,0,21,free_5min
265.224,97,954,16,0,22,free_5min
265.224,96,944,-8,0,22,free_5min
265.224,96,944,-8,0,22,free_5min
265.224,99,934,-8,0,22,free_5min
265.224,99,923,-32,0,24,free_5min
265.224,99,923,-32,0,24,free_5min
265.224,88,912,-16,0,23,free_5min
265.224,77,903,16,0,23,free_5min
265.224,77,903,16,0,23,free_5min
265.224,64,894,16,0,23,free_5min
265.224,49,882,32,0,23,free_5min
265.224,49,882,32,0,23,free_5min
265.224,14,851,24,0,23,free_5min
265.224,12,838,0,0,23,free_5min
265.224,18,834,-8,0,24,free_5min
265.224,18,834,-8,0,24,free_5min
265.224,27,829,-16,0,24,free_5min
265.224,35,826,-24,0,24,free_5min
265.224,35,826,-24,24,0,free_5min
265.224,34,818,-32,0,24,free_5min
265.224,36,811,-8,0,24,free_5min
265.224,39,805,8,0,25,free_5min
265.224,39,805,8,0,24,free_5min
265.224,43,801,0,0,24,free_5min
265.224,45,801,8,0,24,free_5min
265.224,48,800,8,0,25,free_5min
265.224,48,800,8,0,25,free_5min
265.224,54,796,8,0,25,free_5min
265.224,62,793,8,0,25,free_5min
265.224,62,793,8,0,24,free_5min
265.224,68,788,8,0,33,free_5min
265.224,71,783,8,0,33,free_5min
265.224,71,783,8,0,32,free_5min
265.224,75,779,8,0,32,free_5min
265.224,78,775,8,0,32,free_5min
265.224,78,775,8,0,34,free_5min
265.224,81,773,16,0,34,free_5min
265.224,81,771,16,0,35,free_5min
265.224,81,771,16,0,35,free_5min
265.224,76,770,24,0,36,free_5min
265.224,74,770,16,0,37,free_5min
265.224,74,770,16,0,37,free_5min
265.224,76,769,16,31,0,free_5min
265.224,83,769,8,0,44,free_5min
265.224,83,769,8,0,44,free_5min
265.224,93,768,8,0,46,free_5min
265.224,100,768,8,0,48,free_5min
265.224,100,768,8,0,48,free_5min
265.224,103,769,8,25,0,free_5min
265.224,106,773,8,25,0,free_5min
265.224,105,776,0,0,54,free_5min
265.224,105,776,0,0,54,free_5min
265.224,105,773,-32,0,54,free_5min
265.224,107,763,-48,0,56,free_5min
265.224,107,763,-48,0,56,free_5min
265.224,112,755,-24,26,0,free_5min
265.224,116,750,-32,0,57,free_5min
265.224,119,749,-24,0,57,free_5min
265.224,119,749,-24,0,56,free_5min
265.224,121,748,-24,0,56,free_5min
265.224,122,748,-24,24,0,free_5min
265.224,124,748,-16,0,56,free_5min
265.224,124,748,-16,0,56,free_5min
265.224,125,747,-16,0,57,free_5min
265.224,126,744,-8,23,0,free_5min
265.224,126,744,-8,23,0,free_5min
265.224,126,739,0,0,58,free_5min
265.257,121,735,0,0,59,free_5min
265.332,121,735,0,0,59,free_5min
265.365,117,730,0,0,60,free_5min
265.432,113,727,8,0,60,free_5min
265.509,113,727,8,0,61,free_5min
265.542,110,725,0,0,63,free_5min
265.617,112,721,0,0,63,free_5min
265.694,112,721,0,0,65,free_5min
265.728,116,718,0,0,65,free_5min
265.805,120,718,0,0,66,free_5min
265.885,120,718,0,0,67,free_5min
265.917,127,715,0,0,67,free_5min
265.989,140,708,0,0,66,free_5min
266.065,152,700,0,0,66,free_5min
266.107,152,700,0,0,66,free_5min
266.183,157,695,0,0,66,free_5min
266.247,159,693,0,0,66,free_5min
266.293,159,693,0,0,67,free_5min
266.362,161,692,0,0,67,free_5min
266.436,163,691,0,0,67,free_5min
266.488,164,691,0,0,68,free_5min
266.550,164,691,0,0,68,free_5min
266.620,165,690,0,0,68,free_5min
266.677,166,688,0,0,69,free_5min
266.741,166,688,0,0,72,free_5min
266.825,166,688,0,0,72,free_5min
266.888,166,688,0,0,73,free_5min
266.933,165,690,0,0,73,free_5min
267.005,165,690,0,0,74,free_5min
267.058,163,696,0,0,76,free_5min
267.130,163,705,0,0,76,free_5min
267.191,163,705,0,0,77,free_5min
267.249,165,712,0,0,77,free_5min
267.320,165,716,0,0,77,free_5min
267.376,165,716,0,0,78,free_5min
267.410,154,719,0,0,78,free_5min
267.482,140,721,0,0,79,free_5min
267.564,140,721,0,0,79,free_5min
267.613,119,722,0,0,81,free_5min
267.683,96,728,0,0,79,free_5min
267.741,96,728,0,0,79,free_5min
267.815,76,754,0,0,78,free_5min
267.863,25,835,0,0,77,free_5min
267.933,25,835,0,0,77,free_5min
267.978,12,844,0,0,77,free_5min
268.053,11,841,0,0,75,free_5min
268.128,10,831,0,0,75,free_5min
268.173,10,831,0,0,73,free_5min
268.239,-9,795,0,0,73,free_5min
268.304,-32,767,0,0,73,free_5min
268.353,-32,767,0,0,73,free_5min
268.420,-52,749,0,0,73,free_5min
268.493,-59,738,0,0,74,free_5min
268.534,-71,719,0,0,74,free_5min
268.600,-71,719,0,0,73,free_5min
268.723,-67,707,0,0,74,free_5min
268.723,-55,689,0,0,74,free_5min
268.804,-44,675,0,0,74,free_5min
268.863,-44,675,0,0,74,free_5min
268.918,-41,659,0,0,75,free_5min
268.970,-42,639,0,0,75,free_5min
269.048,-42,639,0,0,75,free_5min
269.096,-48,614,0,0,74,free_5min
269.178,-50,591,0,0,73,free_5min
269.230,-50,591,0,0,73,free_5min
269.281,-50,584,0,0,72,free_5min
269.352,-37,580,0,0,72,free_5min
269.415,-37,580,0,0,72,free_5min
269.478,-26,576,0,0,72,free_5min
269.526,-23,571,0,0,72,free_5min
269.596,-23,571,0,0,71,free_5min
269.666,-25,564,0,0,70,free_5min
269.728,-25,559,0,0,70,free_5min
269.788,-25,559,0,0,70,free_5min
269.821,-27,555,0,0,70,free_5min
269.903,-24,552,0,0,68,free_5min
269.981,-24,552,0,0,67,free_5min
270.004,-25,547,0,0,67,free_5min
270.091,-30,542,0,0,66,free_5min
270.170,-30,542,0,0,66,free_5min
270.200,-33,539,0,0,66,free_5min
270.264,-31,541,0,0,66,free_5min
270.342,-32,545,0,0,66,free_5min
270.382,-32,545,0,0,68,free_5min
270.455,-29,550,0,0,67,free_5min
270.523,-22,554,0,0,67,free_5min
270.564,-22,554,0,0,66,free_5min
270.661,-16,558,0,0,65,free_5min
270.720,-7,563,0,0,65,free_5min
270.751,-1,567,0,0,65,free_5min
270.831,-1,567,0,0,65,free_5min
270.898,3,570,0,0,66,free_5min
270.946,9,574,0,0,67,free_5min
271.021,9,574,0,0,67,free_5min
271.079,13,577,0,0,66,free_5min
271.125,14,580,0,0,66,free_5min
271.197,12,587,0,0,65,free_5min
271.282,12,587,0,0,65,free_5min
271.306,11,594,0,0,63,free_5min
271.387,12,599,0,0,62,free_5min
271.450,12,599,0,0,62,free_5min
271.489,15,605,0,0,60,free_5min
271.565,18,609,0,0,60,free_5min
271.650,18,609,0,0,60,free_5min
271.680,21,611,0,0,59,free_5min
271.780,22,611,0,0,58,free_5min
271.830,22,611,0,0,58,free_5min
271.860,22,612,0,0,57,free_5min
271.945,23,614,0,0,57,free_5min
272.013,23,614,0,0,57,free_5min
272.047,23,616,0,0,58,free_5min
272.129,22,619,0,0,58,free_5min
272.195,22,619,0,0,58,free_5min
272.228,25,623,0,0,58,free_5min
272.305,27,625,-8,0,59,free_5min
272.372,27,625,-8,0,60,free_5min
272.410,25,624,-8,0,60,free_5min
272.493,26,626,0,0,61,free_5min
272.588,26,625,-8,0,61,free_5min
272.606,26,625,-8,24,0,free_5min
272.677,24,623,-8,0,67,free_5min
272.746,23,619,-8,0,67,free_5min
272.785,23,619,-8,0,70,free_5min
272.893,24,616,0,0,71,free_5min
272.951,25,617,0,0,71,free_5min
272.970,24,617,0,0,71,free_5min
273.051,24,617,0,0,72,free_5min
273.120,23,619,0,0,72,free_5min
273.173,21,620,0,0,74,free_5min
273.236,21,620,0,0,74,free_5min
273.300,19,620,0,0,74,free_5min
273.342,16,620,0,0,77,free_5min
273.414,16,620,0,0,77,free_5min
273.493,15,620,0,0,79,free_5min
273.521,18,623,0,0,79,free_5min
273.599,22,627,0,0,82,free_5min
273.702,22,627,0,40,0,free_5min
273.719,26,631,0,40,0,free_5min
273.790,30,634,-8,0,88,free_5min
273.884,30,634,-8,0,88,free_5min
273.929,33,638,0,0,91,free_5min
273.966,37,641,0,22,0,free_5min
274.037,37,641,0,22,0,free_5min
274.107,38,640,0,0,94,free_5min
274.156,35,635,8,0,95,free_5min
274.233,35,635,8,0,95,free_5min
274.266,31,631,8,0,94,free_5min
274.356,30,635,0,21,0,free_5min
274.431,30,635,0,21,0,free_5min
274.448,27,636,24,0,93,free_5min
274.542,21,635,24,0,93,free_5min
274.594,21,635,24,0,94,free_5min
274.657,18,633,0,0,94,free_5min
274.779,23,627,0,0,94,free_5min
274.779,23,627,0,0,93,free_5min
274.853,28,620,24,0,93,free_5min
274.964,32,614,-32,0,90,free_5min
274.982,30,610,-32,0,87,free_5min
275.016,30,610,-32,0,87,free_5min
275.081,31,608,-24,0,87,free_5min
275.159,28,604,-39,0,87,free_5min
275.240,28,599,0,0,87,free_5min
275.285,28,599,0,0,87,free_5min
275.355,35,593,0,0,87,free_5min
275.393,40,587,-8,0,87,free_5min
275.448,40,587,-8,0,87,free_5min
275.525,45,581,0,0,87,free_5min
275.564,49,576,-8,0,90,free_5min
275.635,49,576,-8,0,90,free_5min
275.708,54,570,8,0,90,free_5min
275.811,60,566,-8,0,91,free_5min
275.834,64,562,-8,0,91,free_5min
275.901,64,562,-8,0,93,free_5min
275.931,68,557,0,0,93,free_5min
276.014,71,551,0,0,92,free_5min
276.086,71,551,0,0,92,free_5min
276.120,75,546,0,0,92,free_5min
276.192,78,541,0,0,93,free_5min
276.341,78,541,0,0,93,free_5min
276.341,79,536,0,0,92,free_5min
276.389,80,530,0,0,91,free_5min
276.453,80,530,0,0,91,free_5min
276.499,83,527,0,0,91,free_5min
276.560,86,523,0,0,88,free_5min
276.642,86,523,0,0,88,free_5min
276.706,90,518,0,0,86,free_5min
276.756,90,513,0,0,85,free_5min
276.820,90,513,0,0,85,free_5min
276.862,90,504,0,0,86,free_5min
276.938,90,497,0,0,86,free_5min
277.016,90,497,0,0,84,free_5min
277.060,90,493,16,0,82,free_5min
277.113,90,492,-8,0,82,free_5min
277.200,91,490,8,0,82,free_5min
277.229,91,490,8,0,82,free_5min
277.306,95,489,0,0,83,free_5min
277.378,95,488,24,0,80,free_5min
277.413,95,488,24,0,80,free_5min
277.524,97,489,8,0,78,free_5min
277.565,101,489,8,0,78,free_5min
277.604,105,488,8,32,0,free_5min
277.673,105,488,8,0,76,free_5min
277.750,107,488,16,0,76,free_5min
277.791,109,486,24,0,74,free_5min
277.869,109,486,24,0,74,free_5min
277.938,111,486,24,0,74,free_5min
277.978,113,489,8,0,74,free_5min
278.063,113,489,8,32,0,free_5min
278.116,115,497,32,32,0,free_5min
278.161,115,507,24,0,73,free_5min
278.224,115,519,16,0,73,free_5min
278.302,115,519,16,33,0,free_5min
278.343,116,530,16,24,0,free_5min
278.409,121,539,0,24,0,free_5min
278.542,121,539,0,0,68,free_5min
278.542,127,544,-8,0,68,free_5min
278.606,131,550,-8,22,0,free_5min
278.669,131,550,-8,22,0,free_5min
278.722,137,560,-8,0,64,free_5min
278.792,141,569,-16,24,0,free_5min
278.863,141,569,-16,24,0,free_5min
278.896,143,575,-8,0,64,free_5min
279.010,143,582,0,0,63,free_5min
279.038,143,582,0,0,63,free_5min
279.115,141,590,-8,0,61,free_5min
279.158,134,595,-24,0,59,free_5min
279.227,134,595,-24,0,59,free_5min
279.272,121,597,-24,0,60,free_5min
279.375,107,596,-8,0,59,free_5min
279.430,104,599,-8,0,59,free_5min
279.452,104,599,-8,0,62,free_5min
279.541,104,602,-8,0,62,free_5min
279.599,105,606,0,24,0,free_5min
279.639,105,606,0,23,0,free_5min
279.727,103,607,-8,23,0,free_5min
279.794,94,606,0,0,65,free_5min
279.824,80,602,0,0,65,free_5min
279.912,80,602,0,0,65,free_5min
279.978,69,599,0,0,66,free_5min
280.009,26,584,0,0,66,free_5min
280.117,26,584,0,0,67,free_5min
280.154,-15,566,0,0,67,free_5min
280.195,-52,545,0,0,68,free_5min
280.263,-52,545,0,0,69,free_5min
280.353,-73,529,0,0,69,free_5min
280.377,-78,523,-8,34,0,free_5min
280.455,-75,530,-24,0,71,free_5min
280.531,-75,530,-24,0,71,free_5min
280.570,-72,536,-32,0,70,free_5min
280.632,-71,540,-32,0,70,free_5min
280.710,-71,540,-32,31,0,free_5min
280.754,-66,543,-24,23,0,free_5min
280.819,-61,546,-16,23,0,free_5min
280.891,-61,546,-16,0,69,free_5min
280.958,-57,551,-8,0,69,free_5min
281.010,-50,553,-8,0,71,free_5min
281.080,-50,553,-8,0,71,free_5min
281.115,-36,548,-8,0,71,free_5min
281.191,10,527,0,0,71,free_5min
281.269,10,527,0,0,71,free_5min
281.299,61,507,0,0,70,free_5min
281.379,146,471,-8,0,71,free_5min
281.457,146,471,-8,0,71,free_5min
281.490,160,477,-8,0,71,free_5min
281.555,148,483,-8,0,69,free_5min
281.638,148,483,-8,0,69,free_5min
281.681,138,485,-8,0,69,free_5min
281.747,130,484,0,0,70,free_5min
281.829,126,484,0,0,70,free_5min
281.867,126,484,0,0,69,free_5min
281.938,126,486,8,0,69,free_5min
282.014,124,491,0,0,72,free_5min
282.049,124,491,0,0,76,free_5min
282.115,120,493,0,0,76,free_5min
282.196,108,492,0,0,82,free_5min
282.232,93,488,0,0,82,free_5min
282.311,93,488,0,0,89,free_5min
282.378,58,481,0,56,0,free_5min
282.424,34,478,0,56,0,free_5min
282.487,34,478,0,38,0,free_5min
282.568,17,475,0,38,0,free_5min
282.604,12,474,0,0,100,free_5min
282.685,6,474,0,0,100,free_5min
282.751,6,474,0,0,100,free_5min
282.805,1,473,0,0,100,free_5min
282.858,-5,472,0,0,100,free_5min
282.925,-5,472,0,0,100,free_5min
282.971,-12,471,0,0,100,free_5min
283.052,-19,469,0,0,100,free_5min
283.136,-19,469,0,0,100,free_5min
283.155,-23,470,0,0,100,free_5min
283.246,-29,470,0,0,100,free_5min
283.324,-29,470,0,0,100,free_5min
283.342,-38,466,0,0,100,free_5min
283.418,-49,461,0,0,100,free_5min
283.493,-49,461,0,0,100,free_5min
283.526,-60,456,0,0,100,free_5min
283.605,-68,452,0,0,100,free_5min
283.695,-68,452,0,0,100,free_5min
283.718,-75,449,0,0,100,free_5min
283.789,-77,449,0,0,100,free_5min
283.869,-77,449,0,0,100,free_5min
283.919,-82,448,0,0,100,free_5min
283.970,-87,445,0,0,100,free_5min
284.046,-93,441,0,0,100,free_5min
284.085,-93,441,0,0,100,free_5min
284.153,-97,438,0,0,100,free_5min
284.246,-100,435,0,0,100,free_5min
284.322,-100,435,0,0,100,free_5min
284.351,-101,433,0,0,100,free_5min
284.435,-100,436,0,0,100,free_5min
284.455,-98,441,0,0,100,free_5min
284.550,-98,441,0,0,100,free_5min
284.626,-98,443,0,0,100,free_5min
284.653,-101,441,0,0,100,free_5min
284.709,-101,441,0,0,100,free_5min
284.786,-102,440,-8,0,100,free_5min
284.866,-103,440,0,0,100,free_5min
284.894,-103,440,0,0,100,free_5min
284.966,-103,440,0,0,100,free_5min
285.021,-103,444,0,0,100,free_5min
285.094,-101,448,0,0,100,free_5min
285.171,-101,448,0,0,100,free_5min
285.194,-100,450,0,0,100,free_5min
285.267,-102,448,0,0,100,free_5min
285.344,-102,448,0,0,100,free_5min
285.390,-105,444,0,0,100,free_5min
285.467,-109,439,0,0,100,free_5min
285.534,-109,439,0,0,100,free_5min
285.571,-109,434,-8,0,100,free_5min
285.639,-109,433,0,0,100,free_5min
285.716,-109,433,0,0,100,free_5min
285.755,-110,429,0,0,100,free_5min
285.821,-113,427,0,0,100,free_5min
285.891,-113,427,0,0,100,free_5min
285.932,-115,427,0,0,100,free_5min
286.032,-114,430,0,0,100,free_5min
286.076,-114,430,0,0,100,free_5min
286.117,-115,431,-8,0,100,free_5min
286.194,-119,428,0,0,100,free_5min
286.277,-120,427,0,0,100,free_5min
286.317,-120,427,0,0,100,free_5min
286.387,-124,423,0,0,100,free_5min
286.457,-126,422,8,0,100,free_5min
286.530,-126,422,8,0,100,free_5min
286.571,-128,419,16,0,100,free_5min
286.635,-126,417,8,0,100,free_5min
286.686,-118,421,8,0,100,free_5min
286.752,-118,421,8,0,100,free_5min
286.819,-108,426,8,0,100,free_5min
286.872,-98,433,16,0,100,free_5min
286.931,-98,433,16,0,100,free_5min
287.001,-87,438,16,36,0,free_5min
287.052,-75,444,16,54,0,free_5min
287.126,-53,466,24,54,0,free_5min
287.192,-53,466,24,39,0,free_5min
287.235,-37,478,16,39,0,free_5min
287.301,-37,483,16,42,0,free_5min
287.443,-37,483,16,0,100,free_5min
287.443,-34,489,16,0,100,free_5min
287.493,-31,496,16,0,100,free_5min
287.574,-31,496,16,0,100,free_5min
287.624,-32,503,16,0,100,free_5min
287.685,-31,510,8,0,100,free_5min
287.760,-31,510,8,0,100,free_5min
287.797,-28,516,16,0,100,free_5min
287.864,-28,526,0,0,100,free_5min
287.969,-28,526,0,0,100,free_5min
287.988,-24,539,8,0,100,free_5min
288.055,-19,549,0,0,100,free_5min
288.123,-19,549,0,0,100,free_5min
288.157,-12,564,0,0,100,free_5min
288.226,0,603,0,0,100,free_5min
288.305,0,603,0,0,100,free_5min
288.345,6,621,0,0,100,free_5min
288.420,9,620,0,0,100,free_5min
288.487,9,620,0,0,100,free_5min
288.532,13,618,0,0,100,free_5min
288.596,14,617,0,0,100,free_5min
288.696,15,614,0,0,100,free_5min
288.728,15,614,0,0,100,free_5min
288.796,15,611,0,0,100,free_5min
288.863,22,607,0,0,100,free_5min
288.896,22,607,0,0,97,free_5min
288.980,25,604,0,0,94,free_5min
289.072,11,610,0,0,94,free_5min
289.089,-1,619,0,0,92,free_5min
289.188,-1,619,0,0,90,free_5min
289.226,-8,628,0,0,90,free_5min
289.355,-14,636,0,0,88,free_5min
289.355,-14,636,0,0,86,free_5min
289.445,-22,646,0,0,86,free_5min
289.464,-34,658,0,0,85,free_5min
289.767,-63,689,0,0,85,free_5min
289.767,-63,689,0,0,84,free_5min
289.767,-73,703,0,0,83,free_5min
289.767,-72,702,0,0,83,free_5min
289.786,-72,702,0,0,82,free_5min
289.822,-69,694,0,0,82,free_5min
289.898,-59,683,0,0,80,free_5min
289.988,-59,683,0,0,78,free_5min
290.031,-27,657,0,0,78,free_5min
290.077,-3,646,0,0,79,free_5min
290.172,-3,646,0,0,79,free_5min
290.225,13,640,0,0,80,free_5min
290.267,29,636,0,0,80,free_5min
290.342,29,636,0,0,80,free_5min
290.383,44,633,0,0,80,free_5min
290.485,59,643,0,0,78,free_5min
290.541,59,643,0,0,78,free_5min
290.583,74,649,0,0,77,free_5min
290.647,89,658,-8,28,0,free_5min
290.712,89,658,-8,28,0,free_5min
290.752,93,665,-8,0,81,free_5min
290.827,97,660,0,0,81,free_5min
290.905,100,659,-8,0,78,free_5min
290.964,100,659,-8,0,78,free_5min
291.007,107,656,-8,0,79,free_5min
291.128,113,657,0,0,76,free_5min
291.128,116,657,-8,0,76,free_5min
291.208,116,657,-8,0,72,free_5min
291.289,120,657,-8,0,69,free_5min
291.319,120,656,0,0,69,free_5min
291.396,120,656,0,0,70,free_5min
291.451,122,655,0,0,70,free_5min
291.492,123,657,0,0,71,free_5min
291.574,123,657,0,37,0,free_5min
291.649,122,656,0,37,0,free_5min
291.686,120,651,0,23,0,free_5min
291.781,121,646,0,0,83,free_5min
291.845,121,646,0,0,83,free_5min
291.878,125,641,0,0,83,free_5min
291.937,133,636,-8,0,83,free_5min
292.005,133,636,-8,0,84,free_5min
292.044,138,633,-8,0,87,free_5min
292.116,139,631,-16,0,87,free_5min
292.203,139,631,-16,0,86,free_5min
292.237,139,630,-16,0,86,free_5min
292.324,137,632,-8,0,85,free_5min
292.379,137,632,-8,0,85,free_5min
292.414,134,638,-8,0,85,free_5min
292.490,129,643,-8,0,85,free_5min
292.566,129,643,-8,0,85,free_5min
292.605,119,643,-8,0,86,free_5min
292.690,111,641,-8,0,88,free_5min
292.754,111,641,-8,0,88,free_5min
292.788,104,638,-8,0,88,free_5min
292.873,98,631,0,0,88,free_5min
292.928,98,631,0,0,88,free_5min
292.978,90,622,0,0,87,free_5min
293.044,85,613,0,0,85,free_5min
293.137,85,613,0,0,85,free_5min
293.156,82,608,8,0,85,free_5min
293.236,76,608,8,0,85,free_5min
293.307,73,609,-8,0,84,free_5min
293.356,73,609,-8,0,85,free_5min
293.421,74,609,-16,0,85,free_5min
293.526,73,609,-8,0,85,free_5min
293.526,74,607,-24,0,85,free_5min
293.608,74,607,-24,0,85,free_5min
293.686,73,609,-16,0,89,free_5min
293.739,74,609,-8,0,89,free_5min
293.785,74,609,-8,0,90,free_5min
293.858,74,608,-8,0,90,free_5min
293.918,73,602,0,0,90,free_5min
293.976,73,602,0,0,90,free_5min
294.094,73,599,0,0,90,free_5min
294.094,73,594,0,0,89,free_5min
294.174,75,590,0,0,88,free_5min
294.352,75,590,0,0,88,free_5min
294.352,79,587,0,0,87,free_5min
294.352,82,582,0,0,86,free_5min
294.417,82,582,0,0,86,free_5min
294.471,87,576,0,0,85,free_5min
294.523,91,570,0,0,85,free_5min
294.602,91,570,0,0,84,free_5min
294.641,95,565,-8,0,81,free_5min
294.706,98,562,0,0,81,free_5min
294.778,98,562,0,0,78,free_5min
294.827,103,560,0,0,78,free_5min
295.082,107,557,0,0,78,free_5min
295.082,107,557,0,0,78,free_5min
295.082,111,552,0,0,73,free_5min
295.082,115,548,0,0,71,free_5min
295.149,115,548,0,0,71,free_5min
295.197,120,544,0,0,72,free_5min
295.268,126,540,0,0,73,free_5min
295.345,130,537,0,0,73,free_5min
295.391,130,537,0,0,72,free_5min
295.479,136,534,0,0,71,free_5min
295.528,141,529,0,0,71,free_5min
295.598,141,529,0,0,68,free_5min
295.645,142,523,0,0,65,free_5min
295.753,143,520,0,0,65,free_5min
295.753,147,518,8,0,66,free_5min
295.898,147,518,8,0,66,free_5min
295.898,151,515,8,0,68,free_5min
295.938,152,512,8,0,70,free_5min
296.011,152,512,8,0,70,free_5min
296.081,152,512,8,0,68,free_5min
296.127,148,509,16,0,68,free_5min
296.198,148,509,16,0,69,free_5min
296.309,145,506,16,0,69,free_5min
296.309,138,506,24,0,69,free_5min
296.380,135,510,16,0,68,free_5min
296.454,135,510,16,0,68,free_5min
296.564,135,517,16,0,68,free_5min
296.564,133,525,16,0,68,free_5min
296.640,133,525,16,0,68,free_5min
296.679,132,534,8,0,68,free_5min
296.757,132,539,0,0,68,free_5min
296.835,132,539,0,0,68,free_5min
296.896,129,542,16,0,67,free_5min
296.990,128,545,8,0,66,free_5min
297.017,128,545,8,0,66,free_5min
297.045,126,547,8,0,65,free_5min
297.122,120,550,8,0,65,free_5min
297.193,120,550,8,0,66,free_5min
297.245,117,553,24,0,66,free_5min
297.331,114,552,48,0,66,free_5min
297.385,114,552,48,0,64,free_5min
297.424,110,551,48,0,64,free_5min
297.506,108,550,24,0,64,free_5min
297.610,109,549,16,0,64,free_5min
297.610,109,549,16,0,64,free_5min
297.688,115,551,-8,0,64,free_5min
297.755,119,553,-8,0,64,free_5min
297.806,119,553,-8,0,64,free_5min
297.880,118,559,-16,0,65,free_5min
297.943,117,565,-16,0,65,free_5min
298.022,116,569,-16,0,64,free_5min
298.071,116,569,-16,0,61,free_5min
298.152,117,571,-16,0,61,free_5min
298.164,115,572,-16,0,60,free_5min
298.233,115,572,-16,0,60,free_5min
298.347,117,575,-8,0,60,free_5min
298.347,119,578,-8,0,58,free_5min
298.450,119,578,-8,0,58,free_5min
298.506,122,582,-8,0,57,free_5min
298.570,127,592,0,0,57,free_5min
298.621,130,599,0,0,58,free_5min
298.679,130,599,0,0,57,free_5min
298.718,131,605,0,0,57,free_5min
298.785,130,608,0,0,57,free_5min
298.870,130,608,0,0,57,free_5min
298.936,128,608,0,0,58,free_5min
299.003,124,607,0,0,59,free_5min
299.049,124,607,0,0,59,free_5min
299.087,122,605,0,0,61,free_5min
299.219,124,604,0,0,65,free_5min
299.248,124,604,0,0,65,free_5min
299.285,127,602,0,0,69,free_5min
299.367,130,599,0,0,72,free_5min
299.448,130,599,0,0,72,free_5min
299.470,133,598,0,0,72,free_5min
299.552,135,599,0,0,72,free_5min
299.601,135,599,0,0,75,free_5min
299.667,135,597,8,0,77,free_5min
299.712,135,598,8,0,77,free_5min
299.797,139,600,8,0,80,free_5min
299.836,139,600,8,0,80,free_5min
299.905,146,600,8,0,78,free_5min
299.979,151,601,0,0,76,free_5min
300.034,151,601,0,0,76,free_5min
300.084,152,602,8,0,77,free_5min
300.161,150,605,0,0,77,free_5min
300.255,143,606,8,0,75,free_5min
300.275,143,606,8,0,76,free_5min
300.354,135,610,0,0,76,free_5min
300.389,124,610,0,0,76,free_5min
300.460,124,610,0,0,76,free_5min
300.586,112,609,-8,0,76,free_5min
300.586,101,605,-8,0,77,free_5min
300.664,101,605,-8,0,75,free_5min
300.728,61,591,0,0,75,free_5min
300.761,20,579,0,0,74,free_5min
300.822,-20,569,0,0,74,free_5min
300.894,-20,569,0,0,74,free_5min
300.971,-49,560,0,0,75,free_5min
301.014,-79,552,0,0,75,free_5min
301.084,-79,552,0,0,75,free_5min
301.136,-108,543,8,0,75,free_5min
301.210,-127,535,0,0,75,free_5min
301.291,-127,535,0,0,75,free_5min
301.308,-115,537,0,0,76,free_5min
301.379,-110,538,8,0,76,free_5min
301.504,-110,538,8,0,76,free_5min
301.504,-103,543,8,0,78,free_5min
301.597,-98,548,8,0,78,free_5min
301.647,-98,548,8,0,78,free_5min
301.681,-89,552,0,0,78,free_5min
301.754,-83,556,0,0,78,free_5min
301.836,-83,556,0,0,78,free_5min
301.870,-82,556,0,0,78,free_5min
301.939,-79,557,0,0,79,free_5min
302.016,-79,557,0,0,79,free_5min
302.056,-74,556,0,0,80,free_5min
302.117,-69,558,0,0,80,free_5min
302.228,-58,560,0,0,81,free_5min
302.259,-58,560,0,0,80,free_5min
302.307,-48,564,0,0,80,free_5min
302.384,-24,573,0,0,80,free_5min
302.425,-24,573,0,0,80,free_5min
302.500,7,577,0,0,81,free_5min
302.575,35,582,0,0,81,free_5min
302.604,51,586,0,0,79,free_5min
302.687,51,586,0,0,78,free_5min
302.778,63,593,0,0,78,free_5min
302.797,67,593,0,0,77,free_5min
302.880,67,593,0,0,77,free_5min
302.935,74,590,0,0,77,free_5min
302.979,79,588,0,0,76,free_5min
303.044,79,588,0,0,75,free_5min
303.126,80,588,0,0,75,free_5min
303.162,74,589,0,0,72,free_5min
303.234,65,591,0,0,72,free_5min
303.303,65,591,0,0,68,free_5min
303.344,52,590,0,0,64,free_5min
303.428,41,587,0,0,64,free_5min
303.518,41,587,0,0,64,free_5min
303.568,33,586,0,0,64,free_5min
303.603,22,585,0,0,62,free_5min
303.710,22,585,0,0,59,free_5min
303.748,15,584,0,0,59,free_5min
303.798,8,584,0,0,57,free_5min
303.856,8,584,0,0,57,free_5min
303.900,-2,584,0,0,58,free_5min
303.994,-9,582,0,0,60,free_5min
304.049,-9,582,0,0,60,free_5min
304.098,0,581,0,21,0,free_5min
304.216,9,585,0,0,65,free_5min
304.234,9,585,0,0,65,free_5min
304.778,22,588,0,0,64,free_5min
304.778,33,595,0,0,65,free_5min
304.778,33,595,0,0,65,free_5min
304.778,44,599,-8,0,65,free_5min
304.778,53,600,-8,0,65,free_5min
304.778,61,602,-8,0,65,free_5min
304.778,61,602,-8,0,68,free_5min
304.778,70,605,-8,0,68,free_5min
304.790,75,608,-8,0,70,free_5min
304.833,75,608,-8,0,70,free_5min
304.905,78,611,-8,0,71,free_5min
304.980,82,612,-8,0,71,free_5min
305.013,82,607,-8,0,71,free_5min
305.085,82,607,-8,0,73,free_5min
305.230,86,602,-8,0,73,free_5min
305.230,92,602,0,0,75,free_5min
305.265,92,602,0,0,76,free_5min
305.343,96,600,0,0,76,free_5min
305.830,97,599,0,0,76,free_5min
305.830,98,602,8,0,76,free_5min
305.830,98,602,8,0,76,free_5min
305.830,94,603,8,0,76,free_5min
305.830,93,604,8,0,77,free_5min
305.830,93,604,8,0,77,free_5min
305.830,100,605,8,21,0,free_5min
305.830,106,607,8,21,0,free_5min
305.892,106,607,8,17,0,free_5min
305.987,115,609,0,0,74,free_5min
306.010,127,612,8,0,74,free_5min
306.085,127,612,8,0,72,free_5min
306.147,141,614,0,0,72,free_5min
306.189,158,617,0,0,72,free_5min
306.305,158,617,0,0,72,free_5min
306.305,173,622,0,0,72,free_5min
306.384,187,626,0,0,74,free_5min
306.481,187,626,0,0,74,free_5min
306.521,199,627,0,0,75,free_5min
306.563,207,627,0,0,75,free_5min
306.637,207,627,0,0,75,free_5min
306.675,209,626,0,0,76,free_5min
306.763,213,625,0,0,77,free_5min
306.825,219,626,0,0,77,free_5min
306.866,219,626,0,0,79,free_5min
306.940,223,628,0,0,79,free_5min
307.031,227,631,0,0,80,free_5min
307.043,227,631,0,0,81,free_5min
307.128,232,633,0,0,81,free_5min
307.197,238,633,0,0,81,free_5min
307.282,242,634,0,0,81,free_5min
307.310,242,634,0,0,82,free_5min
307.384,245,634,0,0,82,free_5min
307.444,248,634,0,0,82,free_5min
307.502,248,634,0,0,81,free_5min
307.566,255,637,0,0,82,free_5min
307.661,256,642,0,0,82,free_5min
307.680,259,641,0,0,84,free_5min
307.755,259,641,0,0,84,free_5min
307.789,262,640,0,0,85,free_5min
307.865,262,643,0,0,84,free_5min
307.951,262,643,0,0,84,free_5min
308.000,261,652,0,0,84,free_5min
308.158,262,662,0,0,80,free_5min
308.158,262,662,0,0,80,free_5min
308.177,263,674,0,0,80,free_5min
308.265,258,685,0,0,80,free_5min
308.313,258,685,0,0,80,free_5min
308.349,255,692,0,0,81,free_5min
308.447,254,693,0,0,81,free_5min
308.506,254,693,0,0,82,free_5min
308.542,252,693,0,0,82,free_5min
308.606,254,691,0,23,0,free_5min
308.674,254,691,0,0,82,free_5min
308.744,257,687,0,0,82,free_5min
308.797,260,683,0,0,84,free_5min
308.913,260,683,0,0,84,free_5min
308.913,260,681,-8,23,0,free_5min
308.974,255,682,8,0,86,free_5min
309.045,250,683,-8,0,86,free_5min
309.084,250,683,-8,0,85,free_5min
309.158,248,683,-8,0,86,free_5min
309.230,244,684,0,0,86,free_5min
309.278,244,684,0,0,85,free_5min
309.343,241,684,-8,0,86,free_5min
309.418,237,681,0,0,86,free_5min
309.467,236,680,0,0,87,free_5min
309.565,236,680,0,0,88,free_5min
309.618,239,683,0,0,88,free_5min
309.647,240,685,0,0,88,free_5min
309.731,240,685,0,0,88,free_5min
309.795,240,687,16,0,87,free_5min
309.829,238,691,8,0,87,free_5min
309.921,230,692,8,0,87,free_5min
310.014,230,692,8,0,87,free_5min
310.014,213,688,8,0,87,free_5min
310.095,165,680,8,0,87,free_5min
310.220,165,680,8,0,87,free_5min
310.220,122,674,8,0,87,free_5min
310.284,95,670,8,0,86,free_5min
310.348,95,670,8,0,86,free_5min
310.381,83,659,0,0,85,free_5min
310.455,83,658,0,0,84,free_5min
310.534,83,658,0,0,84,free_5min
310.604,86,660,0,0,85,free_5min
310.653,85,665,0,0,85,free_5min
310.737,85,665,0,0,85,free_5min
310.754,82,668,0,0,83,free_5min
310.823,82,670,-8,0,83,free_5min
310.898,82,670,-8,0,80,free_5min
310.932,87,672,0,0,78,free_5min
311.011,94,668,-8,0,78,free_5min
311.082,94,668,-8,0,77,free_5min
311.143,103,664,-8,0,77,free_5min
311.216,109,662,-8,0,75,free_5min
311.268,109,662,-8,0,75,free_5min
311.305,109,662,-8,0,75,free_5min
311.382,110,661,-8,0,74,free_5min
311.464,110,660,-16,0,74,free_5min
311.500,110,660,-16,0,73,free_5min
311.574,111,657,-16,0,71,free_5min
311.640,113,655,-8,0,71,free_5min
311.685,113,656,-16,0,69,free_5min
311.751,113,656,-16,0,68,free_5min
311.827,114,656,-8,0,68,free_5min
311.869,116,654,-16,0,69,free_5min
311.955,116,654,-16,0,70,free_5min
312.033,117,650,-8,0,70,free_5min
312.078,117,645,-8,0,72,free_5min
312.119,117,645,-8,0,72,free_5min
312.199,118,638,-8,0,74,free_5min
312.233,118,632,0,0,74,free_5min
312.310,118,630,0,0,75,free_5min
312.375,118,630,0,0,74,free_5min
312.438,115,626,0,0,74,free_5min
312.491,113,619,0,0,74,free_5min
312.571,113,619,0,0,74,free_5min
312.604,111,612,0,0,73,free_5min
312.691,108,608,0,0,73,free_5min
312.751,108,608,0,0,73,free_5min
312.785,105,602,0,0,72,free_5min
312.866,104,596,0,0,71,free_5min
312.933,104,596,0,0,71,free_5min
312.968,104,593,0,0,71,free_5min
313.046,104,592,0,0,71,free_5min
313.116,104,592,0,0,71,free_5min
313.157,101,593,0,0,70,free_5min
313.251,98,596,0,0,70,free_5min
313.312,98,596,0,0,70,free_5min
313.348,98,595,0,0,70,free_5min
313.421,99,593,0,0,70,free_5min
313.486,99,593,0,0,71,free_5min
313.529,100,591,8,0,71,free_5min
313.607,103,590,8,16,0,free_5min
313.687,108,594,16,0,70,free_5min
313.719,108,594,16,0,70,free_5min
313.799,112,598,24,0,70,free_5min
313.867,112,600,16,0,70,free_5min
313.901,112,600,16,0,71,free_5min
313.990,109,602,16,0,70,free_5min
314.044,109,603,8,0,70,free_5min
314.109,112,603,8,0,69,free_5min
314.159,112,603,8,0,69,free_5min
314.286,115,602,8,0,69,free_5min
314.286,122,603,8,0,70,free_5min
314.413,122,603,8,22,0,free_5min
314.413,127,607,32,22,0,free_5min
314.456,129,611,16,0,70,free_5min
314.527,133,612,16,0,70,free_5min
314.599,133,612,16,0,70,free_5min
314.643,137,617,8,0,70,free_5min
314.721,138,629,-8,0,70,free_5min
314.783,138,629,-8,0,70,free_5min
314.825,136,639,0,0,70,free_5min
314.896,134,648,0,0,70,free_5min
314.996,134,648,0,0,70,free_5min
315.008,131,658,0,0,70,free_5min
315.089,130,670,0,0,69,free_5min
315.160,130,670,0,0,69,free_5min
315.193,129,683,0,0,69,free_5min
315.270,126,714,0,0,67,free_5min
315.348,126,714,0,0,67,free_5min
315.379,118,732,0,0,66,free_5min
315.465,113,735,0,0,65,free_5min
315.526,113,735,0,0,65,free_5min
315.573,107,737,0,0,64,free_5min
315.655,104,737,0,0,63,free_5min
315.715,104,737,0,0,63,free_5min
315.759,105,737,8,0,64,free_5min
315.829,112,734,8,0,64,free_5min
315.900,120,731,0,0,61,free_5min
315.947,120,731,0,0,59,free_5min
316.014,127,730,24,0,59,free_5min
316.109,133,731,8,0,58,free_5min
316.166,133,731,8,0,58,free_5min
316.217,137,732,8,0,58,free_5min
316.271,140,732,8,0,59,free_5min
316.315,147,731,0,0,59,free_5min
316.387,147,731,0,0,61,free_5min
316.464,154,729,0,0,61,free_5min
316.498,158,728,0,0,61,free_5min
316.572,158,728,0,0,62,free_5min
316.641,155,729,-8,0,62,free_5min
316.707,155,731,8,0,63,free_5min
316.756,155,733,8,0,63,free_5min
316.828,155,733,8,0,63,free_5min
316.874,150,734,8,0,63,free_5min
316.957,147,739,8,0,63,free_5min
317.015,147,739,8,0,63,free_5min
317.063,148,741,16,0,61,free_5min
317.124,152,741,0,0,61,free_5min
317.230,152,741,0,0,62,free_5min
317.246,155,742,8,0,62,free_5min
317.350,146,742,8,0,62,free_5min
317.395,146,742,8,0,61,free_5min
317.429,138,744,0,0,61,free_5min
317.500,133,746,0,0,62,free_5min
317.564,133,746,0,0,62,free_5min
317.612,123,748,0,0,60,free_5min
317.706,115,749,0,0,61,free_5min
317.761,115,749,0,0,61,free_5min
317.795,105,750,0,0,62,free_5min
317.876,94,751,0,0,62,free_5min
317.955,94,751,0,0,62,free_5min
317.985,77,749,0,0,62,free_5min
318.049,36,744,0,0,64,free_5min
318.131,9,744,0,0,64,free_5min
318.160,9,744,0,0,65,free_5min
318.280,0,749,0,0,65,free_5min
318.317,0,751,0,0,65,free_5min
318.365,0,751,0,0,65,free_5min
318.419,4,753,0,0,65,free_5min
318.494,9,759,0,0,67,free_5min
318.589,14,769,0,0,67,free_5min
318.612,14,769,0,0,67,free_5min
318.681,21,782,0,0,67,free_5min
318.721,46,812,0,0,67,free_5min
318.810,46,812,0,0,67,free_5min
318.881,69,817,0,0,67,free_5min
318.911,89,809,0,0,67,free_5min
318.979,89,809,0,0,68,free_5min
319.060,102,797,0,0,68,free_5min
319.083,107,784,0,0,68,free_5min
319.159,109,779,0,0,68,free_5min
319.268,109,779,0,0,68,free_5min
319.282,106,780,0,0,69,free_5min
319.345,92,788,0,0,70,free_5min
319.419,92,788,0,0,70,free_5min
319.453,82,790,-8,0,70,free_5min
319.532,60,791,0,0,70,free_5min
319.604,60,791,0,0,71,free_5min
319.649,27,782,-8,0,70,free_5min
319.718,4,777,-8,0,70,free_5min
319.804,4,777,-8,0,70,free_5min
319.837,-18,770,-16,0,70,free_5min
319.927,-31,763,-8,0,70,free_5min
319.973,-31,763,-8,0,70,free_5min
320.041,-40,755,-8,0,70,free_5min
320.090,-12,748,-16,38,0,free_5min
320.221,-12,748,-16,38,0,free_5min
320.221,0,745,-16,26,0,free_5min
320.269,10,742,-24,0,69,free_5min
320.348,10,742,-24,0,69,free_5min
320.397,16,739,-24,22,0,free_5min
320.473,25,733,-16,59,0,free_5min
320.534,37,726,-24,59,0,free_5min
320.576,37,726,-24,50,0,free_5min
320.652,60,708,-24,0,65,free_5min
320.715,73,696,-16,0,65,free_5min
320.753,73,696,-16,0,64,free_5min
320.852,76,692,-16,0,64,free_5min
320.926,76,687,-16,0,63,free_5min
320.938,76,682,-16,0,63,free_5min
321.047,76,682,-16,0,63,free_5min
321.089,77,676,-8,0,64,free_5min
321.130,83,672,-8,0,64,free_5min
321.202,83,672,-8,0,63,free_5min
321.279,87,669,0,0,63,free_5min
321.317,91,668,0,0,63,free_5min
321.452,87,666,0,0,62,free_5min
321.452,87,666,0,0,62,free_5min
321.508,83,664,0,0,61,free_5min
321.563,81,661,0,0,59,free_5min
321.639,81,661,0,0,59,free_5min
321.699,75,659,0,0,58,free_5min
321.755,69,655,0,0,56,free_5min
321.837,69,655,0,0,56,free_5min
321.866,47,641,0,0,54,free_5min
321.960,25,626,0,0,53,free_5min
322.016,25,626,0,0,53,free_5min
322.063,10,616,0,0,52,free_5min
322.127,-3,607,0,0,52,free_5min
322.199,-3,607,0,0,50,free_5min
322.258,-19,597,0,0,49,free_5min
322.312,-39,586,0,0,49,free_5min
322.385,-39,586,0,0,48,free_5min
322.427,-62,572,0,0,48,free_5min
322.496,-82,557,0,0,45,free_5min
322.566,-82,557,0,0,46,free_5min
322.617,-96,543,0,0,46,free_5min
322.686,-107,531,0,0,48,free_5min
322.794,-117,520,0,0,48,free_5min
322.794,-117,520,0,0,49,free_5min
322.861,-130,507,0,0,50,free_5min
322.944,-142,501,0,0,50,free_5min
322.996,-142,501,0,0,52,free_5min
323.052,-154,495,0,0,53,free_5min
323.137,-166,486,0,0,53,free_5min
323.190,-178,477,0,0,53,free_5min
323.244,-178,477,0,0,54,free_5min
323.323,-190,455,8,0,54,free_5min
323.367,-202,441,0,0,55,free_5min
323.421,-202,441,0,0,55,free_5min
323.506,-202,435,0,0,55,free_5min
323.595,-196,429,0,0,55,free_5min
323.606,-196,429,0,0,57,free_5min
323.677,-193,431,0,0,58,free_5min
323.741,-194,433,0,0,58,free_5min
323.814,-198,433,0,0,58,free_5min
323.867,-198,433,0,0,59,free_5min
323.910,-204,430,0,0,59,free_5min
323.975,-210,427,0,0,59,free_5min
324.055,-210,427,0,0,59,free_5min
324.088,-217,422,0,0,59,free_5min
324.166,-222,419,0,0,59,free_5min
324.234,-222,419,0,0,59,free_5min
324.284,-224,421,0,0,60,free_5min
324.353,-224,424,0,0,61,free_5min
324.419,-224,424,0,0,61,free_5min
324.457,-225,425,0,0,59,free_5min
324.574,-228,425,0,0,58,free_5min
324.603,-228,425,0,0,58,free_5min
324.651,-228,424,0,0,57,free_5min
324.732,-228,421,0,0,57,free_5min
324.790,-228,421,0,0,57,free_5min
324.835,-229,418,0,0,57,free_5min
324.916,-234,415,0,0,57,free_5min
324.998,-238,413,0,0,57,free_5min
325.015,-238,413,0,0,57,free_5min
325.090,-242,412,0,0,55,free_5min
325.182,-242,412,0,0,55,free_5min
325.202,-242,412,0,0,55,free_5min
325.296,-241,412,0,0,54,free_5min
325.361,-241,413,0,0,54,free_5min
325.385,-240,411,-8,0,53,free_5min
325.459,-240,411,-8,0,52,free_5min
325.535,-242,410,0,0,52,free_5min
325.597,-242,409,0,0,50,free_5min
325.643,-242,409,0,0,49,free_5min
325.718,-242,410,0,0,49,free_5min
325.786,-240,411,0,0,48,free_5min
325.831,-241,409,0,0,48,free_5min
325.908,-241,409,0,0,47,free_5min
325.941,-240,410,0,0,46,free_5min
326.025,-239,410,0,0,46,free_5min
326.099,-239,410,0,0,45,free_5min
326.159,-237,410,0,0,45,free_5min
326.201,-231,410,0,0,44,free_5min
326.284,-231,410,0,0,44,free_5min
326.318,-226,411,0,0,44,free_5min
326.389,-225,412,0,0,42,free_5min
326.498,-225,412,0,0,42,free_5min
326.498,-225,414,0,0,40,free_5min
326.586,-225,415,0,0,39,free_5min
326.644,-225,415,0,0,39,free_5min
326.683,-225,415,0,0,39,free_5min
326.750,-225,414,0,0,38,free_5min
326.846,-225,414,0,0,38,free_5min
326.877,-224,412,8,0,38,free_5min
326.949,-224,410,0,0,37,free_5min
327.025,-224,410,0,0,37,free_5min
327.049,-224,409,0,0,37,free_5min
327.131,-226,412,0,0,37,free_5min
327.198,-227,413,0,0,36,free_5min
327.249,-227,413,0,0,36,free_5min
327.316,-229,414,0,0,36,free_5min
327.393,-230,416,0,0,36,free_5min
327.423,-230,416,0,0,36,free_5min
327.506,-231,415,0,0,37,free_5min
327.594,-234,416,0,0,37,free_5min
327.613,-234,416,0,0,37,free_5min
327.713,-233,419,0,0,37,free_5min
327.779,-230,424,0,0,37,free_5min
327.823,-224,428,0,0,36,free_5min
327.892,-224,428,0,0,35,free_5min
327.957,-212,437,0,0,35,free_5min
327.991,-201,452,0,0,36,free_5min
328.057,-165,502,8,0,35,free_5min
328.131,-165,502,8,0,35,free_5min
328.172,-120,544,0,0,34,free_5min
328.243,-65,621,0,0,33,free_5min
328.341,-65,621,0,0,33,free_5min
328.392,1,665,0,0,33,free_5min
328.445,83,678,0,0,33,free_5min
328.515,83,678,0,0,33,free_5min
328.539,167,681,0,0,33,free_5min
328.620,218,670,0,0,33,free_5min
328.709,218,670,0,0,33,free_5min
328.722,262,654,0,0,33,free_5min
328.796,226,662,0,0,33,free_5min
328.871,226,662,0,0,42,free_5min
328.916,221,663,0,0,42,free_5min
328.992,221,665,0,0,45,free_5min
329.057,221,665,0,0,45,free_5min
329.109,223,665,0,0,49,free_5min
329.160,224,663,0,0,50,free_5min
329.246,224,663,0,0,50,free_5min
329.284,219,656,0,0,51,free_5min
329.354,214,650,0,0,52,free_5min
329.423,208,643,0,0,52,free_5min
329.484,208,643,0,0,52,free_5min
329.539,189,620,0,0,54,free_5min
329.609,179,603,0,0,54,free_5min
329.649,179,603,0,0,56,free_5min
329.722,194,590,0,0,56,free_5min
329.802,219,579,0,0,58,free_5min
329.846,241,566,0,0,59,free_5min
329.911,241,566,0,0,59,free_5min
330.009,250,554,0,0,60,free_5min
330.028,248,555,0,0,60,free_5min
330.126,248,555,0,0,61,free_5min
330.182,245,558,0,0,61,free_5min
330.216,243,562,0,0,61,free_5min
330.285,243,569,0,0,61,free_5min
330.352,243,569,0,0,61,free_5min
330.404,242,574,0,0,61,free_5min
330.481,240,574,0,0,62,free_5min
330.587,240,574,0,0,62,free_5min
330.587,238,569,0,0,63,free_5min
330.664,234,563,0,0,63,free_5min
330.723,234,563,0,0,63,free_5min
330.794,228,559,0,0,62,free_5min
330.844,212,558,0,0,61,free_5min
330.918,212,558,0,0,61,free_5min
330.950,207,558,0,0,61,free_5min
331.028,203,563,0,0,61,free_5min
331.093,203,563,0,0,61,free_5min
331.156,198,570,0,0,61,free_5min
331.203,191,575,0,0,61,free_5min
331.301,191,575,0,0,60,free_5min
331.325,187,578,0,0,60,free_5min
331.426,181,582,0,0,60,free_5min
331.470,181,582,0,0,60,free_5min
331.500,172,585,0,0,61,free_5min
331.600,134,577,-8,0,60,free_5min
331.676,99,560,0,0,60,free_5min
331.721,99,560,0,0,60,free_5min
331.777,66,544,-8,0,60,free_5min
331.853,25,513,8,0,60,free_5min
331.888,25,513,8,0,60,free_5min
331.950,16,499,8,0,60,free_5min
332.029,27,505,0,0,60,free_5min
332.068,36,512,8,0,61,free_5min
332.160,36,512,8,0,62,free_5min
332.210,19,505,8,0,62,free_5min
332.296,14,500,0,0,62,free_5min
332.323,14,500,0,0,62,free_5min
332.408,11,496,0,0,62,free_5min
332.426,15,500,0,0,62,free_5min
332.514,15,500,0,0,62,free_5min
332.629,20,507,0,0,64,free_5min
332.629,26,517,0,0,64,free_5min
332.692,25,524,0,0,68,free_5min
332.764,25,524,0,0,68,free_5min
332.798,21,531,0,0,72,free_5min
332.872,22,535,0,0,73,free_5min
332.963,22,535,0,0,73,free_5min
332.985,29,542,0,0,73,free_5min
333.060,36,549,0,0,72,free_5min
333.152,36,549,0,0,72,free_5min
333.193,41,551,0,0,72,free_5min
333.244,46,556,0,0,73,free_5min
333.337,46,556,0,0,73,free_5min
333.367,50,560,0,0,76,free_5min
333.429,55,562,0,0,76,free_5min
333.511,55,562,0,0,78,free_5min
333.542,59,564,0,0,80,free_5min
333.645,61,564,0,0,80,free_5min
333.704,61,564,0,0,82,free_5min
333.722,63,563,0,0,82,free_5min
333.795,63,561,-8,0,83,free_5min
333.875,63,561,-8,0,82,free_5min
333.908,65,561,0,0,82,free_5min
333.996,68,561,0,0,81,free_5min
334.079,69,562,0,0,81,free_5min
334.098,69,562,0,0,83,free_5min
334.170,67,560,-8,0,88,free_5min
334.240,55,555,-8,0,88,free_5min
334.295,55,555,-8,0,90,free_5min
334.351,42,549,-8,0,92,free_5min
334.448,36,548,0,0,92,free_5min
334.484,38,545,0,0,92,free_5min
334.549,38,545,0,0,93,free_5min
334.615,38,541,0,0,93,free_5min
334.655,41,542,-8,0,96,free_5min
334.721,41,542,-8,0,96,free_5min
334.807,43,542,0,35,0,free_5min
334.842,42,541,0,0,100,free_5min
334.916,42,541,0,0,100,free_5min
334.979,42,539,0,0,100,free_5min
335.050,43,539,0,0,100,free_5min
335.108,45,539,0,38,0,free_5min
335.198,45,539,0,38,0,free_5min
335.209,50,542,0,0,100,free_5min
335.276,55,546,0,0,100,free_5min
335.344,55,546,0,0,100,free_5min
335.413,60,549,0,0,100,free_5min
335.468,62,548,0,0,100,free_5min
335.546,62,548,0,0,100,free_5min
335.577,63,544,0,0,100,free_5min
335.656,64,543,0,0,100,free_5min
335.729,64,543,0,0,100,free_5min
335.768,63,543,-8,0,100,free_5min
335.850,59,543,0,0,100,free_5min
335.912,59,543,0,0,100,free_5min
335.972,56,542,0,0,100,free_5min
336.037,56,540,0,0,100,free_5min
336.091,56,540,0,0,100,free_5min
336.137,58,538,0,0,100,free_5min
336.207,56,536,0,0,100,free_5min
336.281,54,532,0,0,100,free_5min
336.314,54,532,0,0,100,free_5min
336.413,52,528,0,0,100,free_5min
336.466,48,524,0,0,100,free_5min
336.519,48,524,0,0,100,free_5min
336.574,47,521,0,0,100,free_5min
336.660,47,518,0,0,100,free_5min
336.714,47,515,0,0,100,free_5min
336.766,47,515,0,0,100,free_5min
336.840,47,513,0,0,100,free_5min
336.873,47,510,0,0,100,free_5min
336.943,47,510,0,0,100,free_5min
337.019,47,508,0,0,100,free_5min
337.058,48,507,0,0,100,free_5min
337.126,48,507,0,0,100,free_5min
337.210,50,506,0,0,100,free_5min
337.240,52,506,0,0,100,free_5min
337.330,53,506,0,0,100,free_5min
337.421,53,506,0,0,100,free_5min
337.432,54,507,0,0,100,free_5min
337.502,56,508,0,0,100,free_5min
337.573,56,508,0,0,100,free_5min
337.663,58,509,0,0,100,free_5min
337.686,59,510,0,0,100,free_5min
337.781,59,510,0,0,100,free_5min
337.792,60,510,0,0,100,free_5min
337.881,61,510,0,0,100,free_5min
337.940,61,510,0,0,100,free_5min
338.090,61,509,0,0,100,free_5min
338.090,62,509,0,0,100,free_5min
338.138,62,509,0,0,100,free_5min
338.189,62,510,0,21,0,free_5min
338.255,62,511,0,0,100,free_5min
338.341,62,511,0,0,100,free_5min
338.384,65,516,8,32,0,free_5min
338.432,66,521,8,32,0,free_5min
338.509,67,521,8,0,100,free_5min
338.543,67,521,8,0,100,free_5min
338.627,66,517,0,0,100,free_5min
338.722,64,510,0,0,100,free_5min
338.722,64,510,0,0,100,free_5min
338.823,55,502,8,0,100,free_5min
338.878,47,497,8,0,100,free_5min
338.908,47,497,8,0,100,free_5min
338.982,38,492,8,0,100,free_5min
339.058,38,491,8,0,100,free_5min
339.094,40,493,-8,0,100,free_5min
339.175,40,493,-8,0,100,free_5min
339.240,42,496,0,0,100,free_5min
339.309,46,499,8,0,100,free_5min
339.359,46,499,8,0,100,free_5min
339.427,50,500,0,0,100,free_5min
339.474,55,502,0,0,100,free_5min
339.552,63,507,-8,0,100,free_5min
339.624,63,507,-8,0,100,free_5min
339.654,71,513,0,0,100,free_5min
339.732,80,519,0,0,100,free_5min
339.811,80,519,0,0,100,free_5min
339.835,78,521,0,0,100,free_5min
339.907,68,520,0,0,100,free_5min
339.975,68,520,0,0,100,free_5min
340.070,53,516,0,0,100,free_5min
340.098,42,515,0,0,100,free_5min
340.163,42,515,0,0,100,free_5min
340.225,28,515,0,0,100,free_5min
340.279,19,516,0,0,100,free_5min
340.354,19,516,0,0,100,free_5min
340.414,15,521,0,0,100,free_5min
340.481,9,525,0,0,100,free_5min
340.536,9,525,0,0,100,free_5min
340.583,8,526,0,0,100,free_5min
340.646,15,531,-8,0,100,free_5min
340.737,53,535,0,0,100,free_5min
340.767,53,535,0,0,100,free_5min
340.832,88,519,8,0,100,free_5min
340.905,167,476,8,0,100,free_5min
340.956,167,476,8,0,97,free_5min
341.035,240,444,0,0,97,free_5min
341.115,278,441,0,0,94,free_5min
341.142,278,441,0,0,90,free_5min
341.267,298,456,0,0,90,free_5min
341.278,300,469,0,0,87,free_5min
341.323,296,484,0,0,87,free_5min
341.434,296,484,0,0,85,free_5min
341.497,284,497,0,0,85,free_5min
341.548,281,503,0,0,82,free_5min
341.575,281,503,0,0,80,free_5min
341.646,281,511,0,0,80,free_5min
341.686,277,526,0,0,79,free_5min
341.775,273,527,8,0,77,free_5min
341.836,273,527,8,0,77,free_5min
341.881,269,534,0,0,77,free_5min
341.944,264,538,0,0,77,free_5min
342.016,264,538,0,0,77,free_5min
342.083,256,561,0,0,76,free_5min
342.139,219,633,0,0,73,free_5min
342.215,219,633,0,0,73,free_5min
342.248,180,701,0,0,70,free_5min
342.332,150,693,0,0,70,free_5min
342.407,150,693,0,0,68,free_5min
342.428,151,688,0,0,68,free_5min
342.530,154,681,8,0,71,free_5min
342.574,154,681,8,0,73,free_5min
342.635,161,667,8,0,73,free_5min
342.697,167,658,0,0,77,free_5min
342.770,167,658,0,0,77,free_5min
342.845,169,650,8,44,0,free_5min
342.874,181,638,0,0,82,free_5min
342.973,181,638,0,0,82,free_5min
342.993,186,631,0,0,80,free_5min
343.071,185,629,8,0,78,free_5min
343.138,181,626,0,0,78,free_5min
343.169,181,626,0,0,76,free_5min
343.249,176,623,0,0,74,free_5min
343.334,170,619,0,0,74,free_5min
343.368,170,619,0,0,76,free_5min
343.428,154,603,0,0,76,free_5min
343.516,149,592,0,0,78,free_5min
343.548,143,593,-8,0,78,free_5min
343.616,143,593,-8,0,78,free_5min
343.690,142,594,-8,0,80,free_5min
343.728,146,597,-8,0,80,free_5min
343.800,146,597,-8,0,84,free_5min
343.875,155,598,-8,0,86,free_5min
343.916,164,598,8,0,86,free_5min
343.989,166,594,0,0,85,free_5min
344.098,166,594,0,0,85,free_5min
344.117,172,592,0,0,86,free_5min
344.189,178,591,0,0,89,free_5min
344.252,178,591,0,0,89,free_5min
344.307,183,592,0,0,91,free_5min
344.367,191,593,0,0,92,free_5min
344.444,191,593,0,0,92,free_5min
344.473,196,593,0,0,93,free_5min
344.554,196,593,0,0,94,free_5min
344.614,196,593,0,0,94,free_5min
344.657,190,587,0,0,94,free_5min
344.907,183,584,0,0,94,free_5min
344.907,183,584,0,0,94,free_5min
344.907,178,580,0,0,94,free_5min
344.924,175,577,0,0,94,free_5min
344.988,175,577,0,0,94,free_5min
345.035,175,576,0,0,94,free_5min
345.102,176,575,0,0,94,free_5min
345.171,176,575,0,0,94,free_5min
345.219,181,574,0,0,94,free_5min
345.291,184,574,0,0,94,free_5min
345.362,181,576,0,0,94,free_5min
345.392,181,576,0,0,95,free_5min
345.972,178,583,0,23,0,free_5min
345.972,178,589,0,23,0,free_5min
345.972,178,589,0,0,100,free_5min
345.972,181,592,0,0,100,free_5min
345.972,182,592,0,0,100,free_5min
345.972,183,590,0,0,100,free_5min
345.972,183,590,0,0,100,free_5min
345.972,186,587,0,0,100,free_5min
345.972,185,586,0,0,100,free_5min
346.044,185,586,0,0,100,free_5min
346.136,179,586,0,0,100,free_5min
346.136,167,584,0,0,100,free_5min
346.215,156,583,0,0,100,free_5min
346.294,156,583,0,0,100,free_5min
346.349,149,584,0,0,100,free_5min
346.435,143,586,0,0,100,free_5min
346.476,143,586,0,0,100,free_5min
346.509,138,588,0,0,100,free_5min
346.605,134,589,0,0,100,free_5min
346.654,134,589,0,0,100,free_5min
346.698,130,590,0,0,100,free_5min
346.765,125,585,-8,0,100,free_5min
346.841,125,585,-8,0,100,free_5min
346.897,120,580,0,0,100,free_5min
346.962,114,579,0,0,100,free_5min
347.048,114,579,0,0,100,free_5min
347.073,110,580,0,0,100,free_5min
347.143,107,583,0,0,100,free_5min
347.243,107,583,0,0,100,free_5min
347.258,105,587,0,0,100,free_5min
347.368,104,592,0,0,100,free_5min
347.398,104,592,0,0,100,free_5min
347.444,106,602,0,0,100,free_5min
347.519,107,609,0,0,100,free_5min
347.603,104,612,0,0,100,free_5min
347.623,104,612,0,0,100,free_5min
347.694,101,612,0,0,100,free_5min
347.778,98,610,0,0,100,free_5min
347.816,98,610,0,0,100,free_5min
347.896,96,607,0,0,100,free_5min
347.959,93,606,0,0,100,free_5min
348.017,91,606,0,0,100,free_5min
348.069,91,606,0,28,0,free_5min
348.155,91,607,0,28,0,free_5min
348.184,91,608,8,0,100,free_5min
348.250,91,608,8,0,100,free_5min
348.375,88,607,8,0,100,free_5min
348.375,90,608,8,0,100,free_5min
348.433,88,609,0,0,100,free_5min
348.547,88,609,0,0,100,free_5min
348.547,87,612,0,0,100,free_5min
348.634,87,619,0,0,100,free_5min
348.695,87,619,0,0,100,free_5min
348.733,88,623,8,0,100,free_5min
348.804,89,624,8,0,100,free_5min
348.874,89,624,8,0,100,free_5min
348.922,93,623,0,0,100,free_5min
348.990,97,620,0,0,100,free_5min
349.096,97,620,0,0,100,free_5min
349.108,101,620,-16,0,100,free_5min
349.201,102,621,0,0,100,free_5min
349.250,102,621,0,0,100,free_5min
349.292,105,621,0,0,100,free_5min
349.368,106,620,0,32,0,free_5min
349.458,106,620,0,32,0,free_5min
349.471,105,616,0,0,100,free_5min
349.594,107,613,-8,0,100,free_5min
349.621,107,613,-8,0,100,free_5min
349.658,104,610,8,0,100,free_5min
349.730,104,610,-8,0,100,free_5min
349.805,105,608,-8,0,100,free_5min
349.841,105,608,-8,0,100,free_5min
349.928,104,606,0,0,100,free_5min
349.998,103,609,8,0,100,free_5min
350.040,103,609,8,0,100,free_5min
350.156,106,618,0,0,100,free_5min
350.212,108,625,0,0,100,free_5min
350.232,112,636,0,0,100,free_5min
350.299,112,636,0,0,100,free_5min
350.372,112,645,0,0,100,free_5min
350.424,111,648,0,0,100,free_5min
350.482,111,648,0,0,100,free_5min
350.622,113,647,0,0,100,free_5min
350.622,116,649,0,0,100,free_5min
350.662,118,651,0,0,100,free_5min
350.826,118,651,0,0,100,free_5min
350.826,117,648,0,0,100,free_5min
350.845,116,649,0,0,99,free_5min
350.948,116,649,0,0,99,free_5min
350.959,112,643,0,0,98,free_5min
351.063,108,636,0,0,98,free_5min
351.107,108,636,0,0,98,free_5min
351.155,104,629,0,0,98,free_5min
351.211,101,621,0,0,98,free_5min
351.284,101,621,0,0,98,free_5min
351.336,100,614,0,0,98,free_5min
351.398,102,608,0,0,99,free_5min
351.484,102,608,0,0,98,free_5min
351.515,107,605,0,0,98,free_5min
351.582,111,605,0,0,97,free_5min
351.654,111,605,0,0,97,free_5min
351.694,114,601,0,0,96,free_5min
351.775,114,596,0,0,95,free_5min
351.856,114,596,0,0,95,free_5min
351.878,118,590,0,0,94,free_5min
351.982,123,584,0,0,91,free_5min
352.023,128,579,0,0,91,free_5min
352.089,128,579,0,0,91,free_5min
352.141,130,577,0,0,92,free_5min
352.212,131,577,0,0,92,free_5min
352.253,131,577,0,0,90,free_5min
352.381,131,578,0,0,90,free_5min
352.401,133,579,0,0,87,free_5min
352.454,135,579,0,0,85,free_5min
352.537,135,579,0,0,85,free_5min
352.591,138,579,0,0,85,free_5min
352.622,142,579,0,0,85,free_5min
352.706,142,579,0,0,83,free_5min
352.778,141,581,0,0,79,free_5min
352.846,133,585,0,0,79,free_5min
352.896,127,588,8,0,77,free_5min
352.965,127,588,8,0,77,free_5min
353.001,123,586,8,0,78,free_5min
353.096,120,584,8,0,74,free_5min
353.217,120,584,8,0,74,free_5min
353.217,118,582,8,0,70,free_5min
353.257,117,580,8,0,70,free_5min
353.343,117,580,8,0,70,free_5min
353.375,117,578,8,0,67,free_5min
353.455,120,580,16,0,68,free_5min
353.546,120,580,16,0,68,free_5min
353.546,125,583,8,0,69,free_5min
353.639,131,585,8,0,69,free_5min
353.703,131,585,8,0,71,free_5min
353.733,135,585,0,25,0,free_5min
353.816,136,582,0,25,0,free_5min
353.881,136,582,0,0,75,free_5min
353.921,137,583,0,0,75,free_5min
353.996,136,582,8,0,77,free_5min
354.064,136,582,8,0,77,free_5min
354.141,137,580,8,0,78,free_5min
354.173,136,583,8,0,79,free_5min
354.253,130,587,16,0,79,free_5min
354.327,130,587,16,0,79,free_5min
354.365,120,589,16,0,79,free_5min
354.436,113,592,8,0,79,free_5min
354.489,113,592,8,0,77,free_5min
354.565,101,594,24,0,76,free_5min
354.627,89,595,24,0,76,free_5min
354.678,79,596,16,0,75,free_5min
354.738,79,596,16,0,75,free_5min
354.823,80,599,8,0,75,free_5min
354.900,85,602,8,0,75,free_5min
354.927,85,602,8,0,75,free_5min
355.017,93,602,8,26,0,free_5min
355.036,105,602,8,0,79,free_5min
355.110,105,602,8,0,79,free_5min
355.188,119,601,0,0,81,free_5min
355.229,130,601,8,0,81,free_5min
355.312,136,603,8,24,0,free_5min
355.369,136,603,8,24,0,free_5min
355.415,142,606,8,0,80,free_5min
355.473,149,609,0,31,0,free_5min
355.571,149,609,0,31,0,free_5min
355.585,158,611,0,25,0,free_5min
355.663,166,613,0,21,0,free_5min
355.737,166,613,0,21,0,free_5min
355.767,170,615,0,0,84,free_5min
355.848,166,616,0,0,84,free_5min
355.923,166,616,0,0,84,free_5min
355.967,164,617,0,0,85,free_5min
356.075,165,619,0,0,85,free_5min
356.124,165,619,0,0,85,free_5min
356.144,167,623,0,0,84,free_5min
356.211,168,628,0,0,84,free_5min
356.281,168,628,0,0,84,free_5min
356.337,168,632,0,0,84,free_5min
356.399,168,635,0,0,84,free_5min
356.477,172,635,0,0,85,free_5min
356.519,172,635,0,0,85,free_5min
356.591,176,635,0,27,0,free_5min
356.677,180,635,0,27,0,free_5min
356.699,180,635,0,24,0,free_5min
356.780,184,635,0,0,89,free_5min
356.851,190,635,0,0,89,free_5min
356.894,193,636,-8,0,89,free_5min
356.991,193,636,-8,0,90,free_5min
357.035,188,638,-8,0,90,free_5min
357.097,168,638,-8,0,90,free_5min
357.143,168,638,-8,0,91,free_5min
357.215,149,636,-8,0,91,free_5min
357.269,91,627,-8,0,89,free_5min
357.325,91,627,-8,0,89,free_5min
357.434,37,616,0,0,91,free_5min
357.455,-15,604,0,0,91,free_5min
357.530,-46,597,0,0,91,free_5min
357.586,-46,597,0,0,90,free_5min
357.620,-42,593,0,0,90,free_5min
357.700,-30,595,0,0,88,free_5min
357.772,-30,595,0,0,87,free_5min
357.817,10,610,0,0,87,free_5min
357.891,42,625,0,0,88,free_5min
357.971,42,625,0,0,88,free_5min
357.990,93,625,0,0,88,free_5min
358.074,142,627,0,0,88,free_5min
358.141,142,627,0,0,88,free_5min
358.201,188,628,0,0,87,free_5min
358.252,206,628,-8,0,87,free_5min
358.321,206,628,-8,0,87,free_5min
358.420,231,621,0,0,87,free_5min
358.455,257,605,0,0,88,free_5min
358.510,257,605,0,0,88,free_5min
358.571,280,597,0,0,87,free_5min
358.634,283,618,0,0,87,free_5min
358.700,283,618,0,0,87,free_5min
358.757,291,645,-8,0,88,free_5min
358.848,295,662,-8,0,88,free_5min
358.960,279,678,0,0,88,free_5min
358.960,279,678,0,0,88,free_5min
359.003,269,704,0,0,85,free_5min
359.070,251,720,0,0,81,free_5min
359.106,251,720,0,0,81,free_5min
359.217,241,722,8,0,79,free_5min
359.255,244,709,0,0,79,free_5min
359.289,244,705,8,0,77,free_5min
359.364,244,705,8,0,74,free_5min
359.481,243,698,8,0,74,free_5min
359.481,244,691,8,0,72,free_5min
359.554,244,691,8,0,70,free_5min
359.629,244,689,8,0,70,free_5min
359.674,241,689,0,0,68,free_5min
359.744,241,689,0,0,67,free_5min
359.806,236,692,-8,0,67,free_5min
359.848,234,698,0,0,66,free_5min
359.924,229,711,-8,0,66,free_5min
359.990,229,711,-8,0,65,free_5min
360.044,226,724,-8,0,65,free_5min
360.109,214,736,-8,0,64,free_5min
360.183,214,736,-8,0,65,free_5min
360.214,209,743,-16,0,65,free_5min
360.293,207,745,-8,0,65,free_5min
360.370,207,745,-8,0,65,free_5min
360.406,206,743,-8,0,65,free_5min
360.489,207,739,-8,0,64,free_5min
360.555,207,739,-8,0,64,free_5min
360.622,206,733,-8,0,60,free_5min
360.661,207,728,-8,0,59,free_5min
360.730,207,728,-8,0,59,free_5min
360.776,205,723,-8,0,59,free_5min
360.854,202,723,-24,0,59,free_5min
360.926,202,723,-24,0,59,free_5min
360.979,200,720,-16,0,58,free_5min
361.053,196,716,-16,0,58,free_5min
361.115,194,711,-8,0,60,free_5min
361.157,194,711,-8,0,60,free_5min
361.214,192,706,-8,0,60,free_5min
361.285,189,702,-8,0,61,free_5min
361.384,189,702,-8,0,61,free_5min
361.401,185,696,-8,0,58,free_5min
361.476,177,690,-8,0,59,free_5min
361.518,167,685,-8,0,59,free_5min
361.584,167,685,-8,0,59,free_5min
361.675,159,682,-8,0,59,free_5min
361.699,147,679,-8,0,58,free_5min
361.777,147,679,-8,0,57,free_5min
361.845,132,675,0,0,57,free_5min
361.878,91,669,0,0,55,free_5min
361.956,91,669,0,0,53,free_5min
362.029,58,650,0,0,53,free_5min
362.072,40,637,0,0,52,free_5min
362.149,39,641,0,0,52,free_5min
362.236,39,641,0,0,52,free_5min
362.247,43,649,0,0,52,free_5min
362.328,48,654,8,0,52,free_5min
362.395,48,654,8,0,52,free_5min
362.442,53,654,8,0,52,free_5min
362.509,57,651,16,0,52,free_5min
362.584,57,651,16,0,53,free_5min
362.630,57,648,32,0,53,free_5min
362.701,58,644,24,0,53,free_5min
362.766,58,644,24,0,52,free_5min
362.839,59,642,32,0,52,free_5min
362.910,61,642,32,0,51,free_5min
362.955,61,642,32,0,51,free_5min
363.010,64,644,24,0,48,free_5min
363.125,70,646,8,0,48,free_5min
363.144,70,646,8,0,48,free_5min
363.185,81,646,8,0,47,free_5min
363.251,91,647,24,0,48,free_5min
363.328,91,647,24,0,48,free_5min
363.362,102,647,8,0,50,free_5min
363.432,112,649,0,0,50,free_5min
363.510,120,652,-8,0,50,free_5min
363.553,120,652,-8,0,49,free_5min
363.638,125,657,-8,0,49,free_5min
363.703,125,659,-8,0,49,free_5min
363.737,125,659,-8,0,50,free_5min
363.812,123,662,-16,0,50,free_5min
363.886,121,667,-16,0,49,free_5min
363.920,115,671,-16,0,49,free_5min
363.993,115,671,-16,0,49,free_5min
364.082,108,673,-8,0,49,free_5min
364.110,102,673,-8,0,49,free_5min
364.191,102,673,-8,0,48,free_5min
364.252,97,669,-8,0,48,free_5min
364.290,90,667,-8,0,47,free_5min
364.490,83,665,-8,0,47,free_5min
364.490,83,665,-8,0,47,free_5min
364.490,74,662,-8,0,45,free_5min
364.556,63,661,0,0,46,free_5min
364.653,63,661,0,0,46,free_5min
364.671,55,658,0,0,46,free_5min
364.737,44,658,0,0,46,free_5min
364.814,44,658,0,0,46,free_5min
364.856,36,660,-8,0,47,free_5min
364.922,24,666,-8,0,47,free_5min
364.993,24,666,-8,0,47,free_5min
365.035,15,673,-8,0,46,free_5min
365.114,13,674,-8,0,46,free_5min
365.183,13,674,-8,31,0,free_5min
365.216,15,671,-8,31,0,free_5min
365.293,13,663,-8,46,0,free_5min
365.360,13,663,-8,46,0,free_5min
365.414,5,655,-8,22,0,free_5min
365.492,0,650,0,0,62,free_5min
365.550,0,650,0,0,62,free_5min
365.592,-10,644,0,0,66,free_5min
365.658,-19,640,0,24,0,free_5min
365.732,-17,632,0,24,0,free_5min
365.777,-17,632,0,0,72,free_5min
365.845,-12,620,0,0,75,free_5min
365.923,-3,610,0,0,75,free_5min
365.956,-3,610,0,0,77,free_5min
366.035,7,610,0,0,77,free_5min
366.102,13,611,0,0,79,free_5min
366.146,18,609,0,0,81,free_5min
366.217,18,609,0,0,81,free_5min
366.293,20,604,0,0,81,free_5min
366.332,16,601,0,0,81,free_5min
366.399,16,601,0,0,81,free_5min
366.476,12,599,0,0,81,free_5min
366.521,10,601,0,0,81,free_5min
366.588,12,606,0,0,80,free_5min
366.665,12,606,0,0,80,free_5min
366.712,15,615,0,0,80,free_5min
366.774,19,622,0,0,81,free_5min
366.841,19,622,0,0,81,free_5min
366.894,23,614,8,0,81,free_5min
366.953,26,605,0,0,82,free_5min
367.027,26,605,0,0,82,free_5min
367.069,23,603,0,0,84,free_5min
367.145,17,601,0,0,85,free_5min
367.212,17,601,0,0,85,free_5min
367.257,12,598,0,0,85,free_5min
367.335,18,589,0,0,85,free_5min
367.401,18,589,0,0,84,free_5min
367.434,27,582,0,0,85,free_5min
367.513,38,579,0,0,85,free_5min
367.582,38,579,0,0,85,free_5min
367.620,51,578,0,0,85,free_5min
367.699,57,578,0,0,85,free_5min
367.775,57,578,0,0,84,free_5min
367.805,64,576,0,0,84,free_5min
367.882,70,568,8,0,83,free_5min
367.961,70,568,8,0,83,free_5min
367.995,75,558,0,0,81,free_5min
368.068,83,548,0,0,82,free_5min
368.137,87,537,0,0,82,free_5min
368.182,87,537,0,0,82,free_5min
368.252,85,533,0,0,83,free_5min
368.320,84,526,0,0,83,free_5min
368.374,84,526,0,0,85,free_5min
368.445,76,521,0,0,86,free_5min
368.508,68,521,0,0,86,free_5min
368.552,67,530,0,0,85,free_5min
368.631,67,530,0,0,85,free_5min
368.709,65,538,0,0,85,free_5min
368.743,68,551,0,0,85,free_5min
368.808,68,551,0,0,85,free_5min
368.884,72,564,0,0,85,free_5min
368.917,78,578,0,0,85,free_5min
368.995,79,587,0,0,84,free_5min
369.062,79,587,0,0,82,free_5min
369.116,74,584,0,0,82,free_5min
369.175,71,574,0,0,79,free_5min
369.253,71,574,0,0,79,free_5min
369.296,75,560,0,0,75,free_5min
369.374,91,511,0,0,71,free_5min
369.433,91,511,0,0,71,free_5min
369.475,91,497,0,0,67,free_5min
369.553,91,487,0,0,62,free_5min
369.628,91,487,0,0,62,free_5min
369.662,92,479,0,0,60,free_5min
369.735,92,473,0,0,58,free_5min
369.802,92,473,0,0,58,free_5min
369.857,87,469,0,0,58,free_5min
369.914,70,466,0,0,58,free_5min
369.990,70,466,0,0,56,free_5min
370.035,25,470,0,0,56,free_5min
370.113,6,486,0,0,55,free_5min
370.171,6,486,0,0,54,free_5min
370.212,-18,501,0,0,54,free_5min
370.291,-32,520,0,0,56,free_5min
370.359,-44,532,0,0,56,free_5min
370.405,-44,532,0,0,58,free_5min
370.468,-54,534,0,0,57,free_5min
370.555,-59,538,0,0,57,free_5min
370.598,-59,538,0,0,58,free_5min
370.668,-60,535,-8,0,60,free_5min
370.731,-62,533,8,0,60,free_5min
370.776,-68,527,8,0,61,free_5min
370.851,-68,527,8,0,61,free_5min
370.929,-74,523,8,0,61,free_5min
370.963,-75,524,8,0,60,free_5min
371.030,-75,524,8,0,60,free_5min
371.107,-75,526,0,0,60,free_5min
371.140,-77,528,0,0,59,free_5min
371.216,-77,528,0,0,59,free_5min
371.289,-83,532,0,0,57,free_5min
371.322,-89,536,0,0,57,free_5min
371.395,-95,536,0,0,57,free_5min
371.472,-95,536,0,0,57,free_5min
371.506,-102,534,0,0,57,free_5min
371.583,-108,534,0,0,57,free_5min
371.662,-108,534,0,0,57,free_5min
371.706,-110,536,0,0,58,free_5min
371.784,-111,538,0,0,59,free_5min
371.840,-111,538,0,0,59,free_5min
371.886,-112,538,0,0,61,free_5min
371.953,-114,539,0,0,60,free_5min
372.030,-114,539,0,0,60,free_5min
372.064,-118,538,0,0,59,free_5min
372.141,-126,535,8,0,59,free_5min
372.208,-126,535,8,0,59,free_5min
372.256,-136,530,0,0,58,free_5min
372.320,-144,526,0,0,58,free_5min
372.396,-144,526,0,0,58,free_5min
372.440,-145,529,0,0,58,free_5min
372.510,-144,531,-8,0,58,free_5min
372.586,-144,531,-8,0,57,free_5min
372.627,-144,532,0,0,57,free_5min
372.695,-149,531,-8,0,56,free_5min
372.773,-151,532,0,0,57,free_5min
372.807,-151,532,0,0,57,free_5min
372.879,-138,533,0,0,57,free_5min
372.955,-122,534,0,0,57,free_5min
373.012,-124,531,0,0,58,free_5min
373.069,-124,531,0,0,57,free_5min
373.147,-127,528,0,0,57,free_5min
373.180,-134,525,-8,0,57,free_5min
373.257,-134,525,-8,0,57,free_5min
373.328,-139,525,0,0,57,free_5min
373.369,-146,524,0,0,57,free_5min
373.434,-146,524,0,0,57,free_5min
373.511,-149,523,0,0,57,free_5min
373.544,-149,524,0,0,58,free_5min
373.623,-150,523,0,0,58,free_5min
373.700,-150,523,0,0,58,free_5min
373.737,-151,523,0,0,58,free_5min
373.814,-149,523,0,0,58,free_5min
373.879,-149,523,0,0,57,free_5min
373.923,-145,526,0,0,57,free_5min
374.000,-144,529,0,0,58,free_5min
374.069,-144,529,0,0,58,free_5min
374.103,-148,530,0,0,59,free_5min
374.180,-149,532,0,0,59,free_5min
374.259,-149,532,0,0,59,free_5min
374.282,-145,535,0,0,58,free_5min
374.360,-143,538,0,0,57,free_5min
374.435,-143,538,0,0,57,free_5min
374.469,-137,540,0,0,58,free_5min
374.548,-130,546,0,0,58,free_5min
374.612,-130,546,0,0,58,free_5min
374.669,-127,556,0,0,56,free_5min
374.729,-125,563,0,0,55,free_5min
374.806,-130,564,0,0,55,free_5min
374.846,-130,564,0,0,55,free_5min
374.925,-137,556,0,0,55,free_5min
374.993,-148,545,0,0,55,free_5min
375.038,-148,545,0,0,54,free_5min
375.105,-158,533,0,0,54,free_5min
375.183,-161,522,0,0,54,free_5min
375.219,-156,517,0,0,54,free_5min
375.293,-156,517,0,0,55,free_5min
375.360,-142,519,0,0,55,free_5min
375.402,-107,530,0,0,54,free_5min
375.473,-107,530,0,0,53,free_5min
375.549,-90,540,0,0,53,free_5min
375.593,-85,549,0,0,52,free_5min
375.659,-85,549,0,0,51,free_5min
375.735,-70,569,0,0,51,free_5min
375.768,-54,580,0,0,50,free_5min
375.848,-47,582,0,0,49,free_5min
375.915,-47,582,0,0,49,free_5min
375.959,-35,574,0,0,51,free_5min
376.026,-14,553,0,0,51,free_5min
376.105,-14,553,0,0,53,free_5min
376.148,0,529,0,0,56,free_5min
376.219,-7,524,0,0,56,free_5min
376.282,-7,524,0,0,59,free_5min
376.323,-8,524,8,0,59,free_5min
376.399,-5,525,8,0,62,free_5min
376.476,-5,525,8,0,65,free_5min
376.509,0,523,8,0,65,free_5min
376.586,7,514,16,0,70,free_5min
376.651,7,514,16,0,70,free_5min
376.699,20,504,8,0,76,free_5min
376.773,48,476,8,0,82,free_5min
376.840,48,476,8,0,82,free_5min
376.883,76,446,8,0,87,free_5min
376.952,101,420,8,0,93,free_5min
377.030,101,420,8,0,93,free_5min
377.074,123,396,8,0,99,free_5min
377.140,144,375,8,0,100,free_5min
377.218,159,354,0,0,100,free_5min
377.251,159,354,0,0,100,free_5min
377.339,163,348,0,0,100,free_5min
377.404,168,341,0,0,100,free_5min
377.440,168,341,0,34,0,free_5min
377.515,175,340,0,34,0,free_5min
377.592,179,345,0,56,0,free_5min
377.625,181,354,0,56,0,free_5min
377.694,181,354,0,45,0,free_5min
377.791,177,364,8,34,0,free_5min
377.813,172,374,0,34,0,free_5min
377.880,172,374,0,42,0,free_5min
377.958,161,384,8,42,0,free_5min
377.990,151,394,0,0,100,free_5min
378.068,150,403,8,0,100,free_5min
378.144,150,403,8,0,100,free_5min
378.181,152,405,8,0,100,free_5min
378.255,154,409,8,0,100,free_5min
378.321,154,409,8,0,100,free_5min
378.368,162,410,0,0,100,free_5min
378.438,170,413,8,0,100,free_5min
378.512,170,413,8,0,100,free_5min
378.551,179,415,8,0,100,free_5min
378.623,179,423,8,0,100,free_5min
378.697,179,423,8,0,100,free_5min
378.744,177,430,48,23,0,free_5min
378.807,178,438,8,23,0,free_5min
378.886,178,438,8,0,100,free_5min
378.929,181,447,16,0,100,free_5min
379.006,185,456,16,28,0,free_5min
379.078,185,456,16,21,0,free_5min
379.109,187,469,16,21,0,free_5min
379.187,191,480,16,0,100,free_5min
379.266,191,480,16,0,100,free_5min
379.299,197,489,16,0,100,free_5min
379.367,204,501,16,0,100,free_5min
379.445,206,512,16,0,100,free_5min
379.483,206,512,16,0,100,free_5min
379.549,203,528,24,0,100,free_5min
379.634,200,565,24,0,100,free_5min
379.668,200,565,24,0,100,free_5min
379.738,196,597,16,0,100,free_5min
379.808,178,630,32,0,100,free_5min
379.856,169,664,8,0,100,free_5min
379.920,169,664,8,0,100,free_5min
380.034,170,683,0,0,100,free_5min
380.034,183,696,0,0,100,free_5min
380.113,183,696,0,0,100,free_5min
380.192,190,698,0,0,100,free_5min
380.226,197,696,0,0,100,free_5min
380.294,202,698,0,0,100,free_5min
380.372,202,698,0,0,100,free_5min
380.405,206,697,0,0,100,free_5min
380.485,213,699,0,0,100,free_5min
380.550,213,699,0,0,100,free_5min
380.595,225,704,0,0,100,free_5min
380.665,238,711,0,0,100,free_5min
380.738,238,711,0,0,100,free_5min
380.779,246,719,0,0,100,free_5min
380.870,255,728,0,0,98,free_5min
380.925,255,728,0,0,98,free_5min
380.972,270,753,0,0,92,free_5min
381.037,276,760,0,0,87,free_5min
381.114,276,760,0,0,87,free_5min
381.147,285,768,0,0,84,free_5min
381.260,296,779,0,0,84,free_5min
381.293,296,779,0,0,81,free_5min
381.347,321,809,0,0,77,free_5min
381.411,299,821,-8,0,77,free_5min
381.493,299,821,-8,0,72,free_5min
381.524,279,832,0,0,72,free_5min
381.613,256,837,-8,0,67,free_5min
381.663,240,844,-8,0,62,free_5min
381.707,240,844,-8,0,62,free_5min
381.775,214,855,-8,0,58,free_5min
381.852,178,870,-8,0,58,free_5min
381.904,178,870,-8,0,56,free_5min
381.967,153,871,-24,0,54,free_5min
382.051,121,869,-8,0,54,free_5min
382.084,126,862,-8,0,54,free_5min
382.146,126,862,-8,0,51,free_5min
382.227,142,854,-8,0,51,free_5min
382.308,149,852,-8,0,48,free_5min
382.327,149,852,-8,0,45,free_5min
382.411,156,852,-8,0,45,free_5min
382.442,161,854,-8,0,45,free_5min
382.526,165,853,0,0,45,free_5min
382.599,165,853,0,0,42,free_5min
382.641,169,851,0,0,42,free_5min
382.699,177,846,0,18,0,free_5min
382.770,177,846,0,0,39,free_5min
382.815,184,844,8,0,39,free_5min
382.892,193,838,0,0,39,free_5min
382.970,193,838,0,0,39,free_5min
383.004,202,835,-8,0,40,free_5min
383.082,214,831,0,18,0,free_5min
383.146,214,831,0,18,0,free_5min
383.190,241,817,0,0,42,free_5min
383.257,258,804,0,0,42,free_5min
383.331,258,804,0,0,42,free_5min
383.378,262,801,0,0,42,free_5min
383.443,264,802,0,0,42,free_5min
383.513,264,802,0,0,42,free_5min
383.565,266,805,0,0,43,free_5min
383.635,268,807,0,0,43,free_5min
383.698,268,807,0,0,43,free_5min
383.740,269,806,0,0,44,free_5min
383.814,267,804,0,0,44,free_5min
383.915,260,802,0,0,44,free_5min
383.931,260,802,0,0,44,free_5min
383.996,235,790,0,0,43,free_5min
384.081,158,747,0,0,43,free_5min
384.112,158,747,0,0,43,free_5min
384.190,171,710,0,0,44,free_5min
384.260,203,702,0,0,44,free_5min
384.303,309,686,0,0,45,free_5min
384.368,309,686,0,0,45,free_5min
384.448,405,681,0,0,45,free_5min
384.482,391,700,0,0,46,free_5min
384.559,391,700,0,0,45,free_5min
384.638,360,726,0,0,45,free_5min
384.672,340,727,8,0,45,free_5min
384.735,340,727,8,0,45,free_5min
384.819,332,730,0,0,45,free_5min
384.860,337,734,0,0,45,free_5min
384.923,345,742,0,0,45,free_5min
385.025,345,742,0,0,45,free_5min
385.042,344,751,0,0,45,free_5min
385.110,325,760,0,0,45,free_5min
385.189,325,760,0,0,44,free_5min
385.239,300,770,0,0,44,free_5min
385.335,294,779,0,0,43,free_5min
385.396,294,779,0,0,43,free_5min
385.445,284,784,0,0,43,free_5min
385.488,289,786,0,0,42,free_5min
385.557,289,786,0,0,42,free_5min
385.614,291,788,-8,0,43,free_5min
385.671,292,798,-8,0,43,free_5min
385.736,292,798,-8,0,43,free_5min
385.783,289,800,-16,0,41,free_5min
385.851,290,795,-16,0,41,free_5min
385.926,290,795,-16,0,41,free_5min
385.962,280,788,-24,0,40,free_5min
386.081,280,784,-16,0,40,free_5min
386.167,281,780,-16,0,40,free_5min
386.167,281,780,-16,0,39,free_5min
386.235,283,776,-16,0,39,free_5min
386.308,287,765,-16,0,39,free_5min
386.339,287,765,-16,24,0,free_5min
386.443,294,763,-8,24,0,free_5min
386.484,292,763,0,0,43,free_5min
386.536,291,761,-8,0,43,free_5min
386.597,291,761,-8,21,0,free_5min
386.670,293,758,-8,0,42,free_5min
386.712,293,752,-16,0,42,free_5min
386.778,293,752,-16,0,43,free_5min
386.847,291,747,-8,0,43,free_5min
386.893,288,737,-24,0,44,free_5min
386.974,284,729,-8,0,46,free_5min
387.076,284,729,-8,0,46,free_5min
387.076,279,725,-8,0,43,free_5min
387.160,275,721,-8,23,0,free_5min
387.242,275,721,-8,23,0,free_5min
387.282,267,717,-8,27,0,free_5min
387.350,260,718,-8,0,50,free_5min
387.411,260,718,-8,0,50,free_5min
387.457,256,717,-8,24,0,free_5min
387.521,252,715,-8,24,0,free_5min
387.608,252,715,-8,16,0,free_5min
387.636,250,712,-8,0,54,free_5min
387.718,246,711,-8,0,54,free_5min
387.784,246,711,-8,0,52,free_5min
387.826,247,709,-8,0,52,free_5min
387.893,244,708,-8,0,53,free_5min
387.967,244,708,-8,0,53,free_5min
388.012,246,705,0,0,53,free_5min
388.080,244,702,-8,0,52,free_5min
388.278,244,702,-8,0,52,free_5min
388.278,239,703,0,0,52,free_5min
388.278,235,704,0,0,51,free_5min
388.332,234,698,0,0,51,free_5min
388.372,234,698,0,0,52,free_5min
388.464,230,689,0,0,52,free_5min
388.550,225,682,0,0,52,free_5min
388.561,225,682,0,0,53,free_5min
388.634,223,683,0,0,57,free_5min
388.704,219,690,0,0,57,free_5min
388.762,219,707,8,26,0,free_5min
388.820,219,707,8,26,0,free_5min
388.942,218,724,8,0,61,free_5min
388.942,198,729,8,0,62,free_5min
389.056,198,729,8,0,62,free_5min
389.088,194,727,8,0,64,free_5min
389.121,193,719,8,0,64,free_5min
389.206,194,714,8,0,66,free_5min
389.282,194,714,8,0,66,free_5min
389.308,195,708,0,0,66,free_5min
389.406,194,706,8,0,69,free_5min
389.457,194,706,8,0,69,free_5min
389.499,193,711,0,27,0,free_5min
389.568,191,714,0,21,0,free_5min
389.646,191,714,0,21,0,free_5min
389.683,194,714,0,0,76,free_5min
389.758,195,712,0,0,78,free_5min
389.820,195,712,0,0,78,free_5min
389.885,198,712,0,0,78,free_5min
389.936,202,716,0,0,79,free_5min
390.046,202,716,0,0,79,free_5min
390.046,202,721,-8,0,79,free_5min
390.150,189,722,-8,0,79,free_5min
390.203,189,722,-8,0,80,free_5min
390.249,174,718,0,0,80,free_5min
390.314,163,714,0,0,80,free_5min
390.409,163,714,0,0,78,free_5min
390.420,161,712,0,0,78,free_5min
390.501,166,707,0,0,79,free_5min
390.578,171,703,0,0,79,free_5min
390.614,171,703,0,0,79,free_5min
390.708,161,699,8,0,79,free_5min
390.755,150,696,8,0,79,free_5min
390.815,150,696,8,0,78,free_5min
390.857,139,694,8,0,77,free_5min
390.939,125,687,8,0,77,free_5min
391.002,114,680,0,0,76,free_5min
391.154,114,680,0,0,76,free_5min
391.154,105,677,0,0,76,free_5min
391.171,103,675,0,0,76,free_5min
391.247,103,675,0,0,74,free_5min
391.307,103,674,0,0,74,free_5min
391.348,109,672,0,0,71,free_5min
391.417,115,673,0,0,71,free_5min
391.509,115,673,0,0,69,free_5min
391.531,117,673,-8,0,69,free_5min
391.600,116,673,0,0,67,free_5min
391.680,116,673,0,0,69,free_5min
391.728,112,670,0,0,69,free_5min
391.786,103,665,0,0,71,free_5min
391.856,103,665,0,0,71,free_5min
391.905,87,659,0,0,70,free_5min
391.990,45,651,-8,0,70,free_5min
392.065,45,651,-8,0,70,free_5min
392.087,0,637,-8,0,71,free_5min
392.158,-41,629,-8,0,71,free_5min
392.228,-41,629,-8,0,71,free_5min
392.267,-104,618,-8,0,71,free_5min
392.364,-125,613,0,0,73,free_5min
392.425,-125,613,0,0,73,free_5min
392.453,-131,596,-8,0,75,free_5min
392.530,-132,592,-8,0,75,free_5min
392.594,-132,592,-8,0,75,free_5min
392.639,-136,590,-8,0,72,free_5min
392.729,-138,587,-8,0,72,free_5min
392.779,-141,584,-8,0,70,free_5min
392.930,-141,584,-8,0,70,free_5min
392.930,-144,578,0,0,70,free_5min
392.977,-152,571,0,0,69,free_5min
393.026,-152,571,0,0,69,free_5min
393.085,-158,565,0,0,69,free_5min
393.173,-166,555,-8,0,69,free_5min
393.195,-168,552,-8,0,69,free_5min
393.280,-168,552,-8,32,0,free_5min
393.387,-166,551,0,32,0,free_5min
393.387,-153,551,8,0,73,free_5min
393.467,-153,551,8,0,71,free_5min
393.544,-141,553,0,0,71,free_5min
393.579,-132,557,0,32,0,free_5min
393.653,-125,561,0,32,0,free_5min
393.751,-125,561,0,32,0,free_5min
393.751,-114,565,0,22,0,free_5min
393.847,-107,569,0,22,0,free_5min
393.894,-107,569,0,0,83,free_5min
393.943,-98,571,0,36,0,free_5min
394.017,-90,574,0,36,0,free_5min
394.078,-90,574,0,25,0,free_5min
394.130,-87,574,8,25,0,free_5min
394.196,-81,574,8,33,0,free_5min
394.289,-81,574,8,0,96,free_5min
394.301,-75,572,0,0,96,free_5min
394.380,-67,573,0,0,97,free_5min
394.461,-67,573,0,0,97,free_5min
394.498,-61,579,0,0,100,free_5min
394.569,-55,582,0,24,0,free_5min
394.642,-55,582,0,24,0,free_5min
394.682,-49,584,0,0,100,free_5min
394.749,-44,587,0,0,100,free_5min
394.829,-44,587,0,0,100,free_5min
394.857,-39,594,0,31,0,free_5min
394.952,-39,603,0,35,0,free_5min
395.006,-39,603,0,35,0,free_5min
395.057,-38,608,0,35,0,free_5min
395.130,-31,608,-8,35,0,free_5min
395.195,-27,609,-8,23,0,free_5min
395.241,-27,609,-8,21,0,free_5min
395.306,-23,610,-8,21,0,free_5min
395.381,-17,612,-8,0,100,free_5min
395.438,-13,614,-8,0,100,free_5min
395.491,-13,614,-8,0,100,free_5min
395.569,-7,616,0,37,0,free_5min
395.608,-2,618,0,37,0,free_5min
395.675,-2,618,0,38,0,free_5min
395.744,0,620,0,38,0,free_5min
395.794,-1,618,0,32,0,free_5min
395.879,-1,618,0,0,100,free_5min
395.943,0,617,0,0,100,free_5min
395.977,1,613,0,0,100,free_5min
396.044,1,607,0,0,100,free_5min
396.117,1,607,0,0,100,free_5min
396.158,0,602,-8,32,0,free_5min
396.234,-4,597,-16,32,0,free_5min
396.303,-4,597,-16,32,0,free_5min
396.351,-9,594,-16,0,100,free_5min
396.415,-11,594,-16,0,100,free_5min
396.490,-11,594,-16,0,100,free_5min
396.534,-7,597,-16,0,100,free_5min
396.603,-3,600,-16,0,100,free_5min
396.673,-3,600,-16,0,100,free_5min
396.724,-6,593,-16,0,100,free_5min
396.777,-11,587,-16,0,100,free_5min
396.855,-11,587,-16,0,100,free_5min
396.888,-18,577,-16,0,100,free_5min
396.967,-23,568,-8,0,100,free_5min
397.055,-23,568,-8,0,100,free_5min
397.090,-28,561,-8,0,100,free_5min
397.156,-33,552,0,0,100,free_5min
397.276,-33,552,0,0,100,free_5min
397.276,-36,544,8,0,100,free_5min
397.346,-40,536,8,0,100,free_5min
397.425,-43,528,8,0,100,free_5min
397.459,-43,528,8,0,100,free_5min
397.531,-46,522,8,0,100,free_5min
397.605,-47,516,0,0,100,free_5min
397.645,-47,516,0,0,100,free_5min
397.715,-48,511,0,0,100,free_5min
397.787,-48,509,0,0,100,free_5min
397.823,-48,506,0,0,100,free_5min
397.901,-48,506,0,0,100,free_5min
397.996,-48,504,0,0,100,free_5min
398.026,-48,505,0,0,100,free_5min
398.080,-48,505,0,0,100,free_5min
398.169,-47,508,0,0,100,free_5min
398.195,-41,511,0,0,100,free_5min
398.262,-41,511,0,0,100,free_5min
398.370,-36,513,0,0,100,free_5min
398.391,-32,516,0,0,100,free_5min
398.470,-29,518,0,0,100,free_5min
398.523,-29,518,0,0,100,free_5min
398.582,-27,518,0,0,99,free_5min
398.633,-25,514,0,0,97,free_5min
398.703,-25,514,0,0,97,free_5min
398.744,-28,510,8,0,97,free_5min
398.827,-31,507,0,0,97,free_5min
398.909,-31,507,0,0,93,free_5min
398.938,-30,506,0,0,93,free_5min
399.006,-29,510,24,0,90,free_5min
399.082,-29,510,24,0,85,free_5min
399.124,-24,512,16,0,85,free_5min
399.196,-22,514,56,0,83,free_5min
399.284,-22,514,56,0,82,free_5min
399.304,-17,518,32,0,82,free_5min
399.380,-9,523,32,21,0,free_5min
399.451,-9,523,32,21,0,free_5min
399.498,-4,528,24,0,77,free_5min
399.572,5,535,16,0,75,free_5min
399.634,12,542,16,0,75,free_5min
399.688,12,542,16,0,72,free_5min
399.752,21,547,0,25,0,free_5min
399.826,29,544,0,25,0,free_5min
400.159,29,544,0,0,68,free_5min
400.159,33,538,0,22,0,free_5min
400.159,37,530,0,22,0,free_5min
400.159,43,527,0,30,0,free_5min
400.159,43,527,0,30,0,free_5min
400.189,47,528,0,38,0,free_5min
400.237,48,532,0,38,0,free_5min
400.298,48,532,0,24,0,free_5min
400.373,48,539,0,0,74,free_5min
400.430,49,545,0,0,74,free_5min
400.483,49,545,0,21,0,free_5min
400.560,58,563,0,21,0,free_5min
400.605,78,575,0,0,78,free_5min
400.678,90,578,0,0,81,free_5min
400.744,90,578,0,0,81,free_5min
400.807,80,581,0,0,86,free_5min
400.862,72,585,0,0,90,free_5min
400.951,72,585,0,0,90,free_5min
400.970,65,590,0,0,94,free_5min
401.041,60,596,0,0,95,free_5min
401.115,60,596,0,0,95,free_5min
401.157,55,597,-8,0,97,free_5min
401.234,45,600,-16,0,97,free_5min
401.327,45,600,-16,0,98,free_5min
401.341,35,601,-8,0,100,free_5min
401.419,24,601,0,0,100,free_5min
401.485,24,601,0,0,100,free_5min
401.531,14,601,0,0,100,free_5min
401.597,8,602,0,0,100,free_5min
401.670,8,602,0,0,100,free_5min
401.722,3,603,0,0,100,free_5min
401.785,-1,606,0,0,100,free_5min
401.860,-1,606,0,0,100,free_5min
401.897,-4,608,0,0,100,free_5min
401.974,-4,610,0,0,100,free_5min
402.053,3,611,0,0,100,free_5min
402.093,3,611,0,0,100,free_5min
402.189,10,614,0,0,100,free_5min
402.232,8,619,8,0,100,free_5min
402.267,8,619,8,0,100,free_5min
402.335,7,624,0,0,100,free_5min
402.422,1,629,0,0,100,free_5min
402.471,-6,628,0,0,100,free_5min
402.559,-6,628,0,0,100,free_5min
402.595,-13,626,8,0,100,free_5min
402.634,-19,626,8,0,100,free_5min
402.752,-19,626,8,0,100,free_5min
402.778,-26,629,0,0,100,free_5min
402.826,-30,631,0,0,100,free_5min
402.889,-30,631,0,0,100,free_5min
402.970,-28,637,0,0,100,free_5min
403.008,-22,641,0,0,100,free_5min
403.100,-9,635,0,0,100,free_5min
403.151,-9,635,0,0,100,free_5min
403.209,7,626,0,0,100,free_5min
403.268,18,618,0,0,100,free_5min
403.373,18,618,0,0,100,free_5min
403.384,24,615,0,0,100,free_5min
403.456,29,611,0,0,100,free_5min
403.539,29,611,0,0,100,free_5min
403.590,29,607,0,0,100,free_5min
403.642,16,603,0,0,100,free_5min
403.706,16,603,0,0,100,free_5min
403.749,-20,598,0,0,100,free_5min
403.816,-45,598,0,0,100,free_5min
403.903,-45,598,0,0,100,free_5min
403.933,-55,597,0,0,100,free_5min
404.023,-51,596,0,0,100,free_5min
404.080,-51,596,0,0,100,free_5min
404.119,-46,595,0,0,100,free_5min
404.185,-41,594,0,0,100,free_5min
404.264,-36,594,0,0,100,free_5min
404.300,-36,594,0,0,100,free_5min
404.376,-33,596,0,0,100,free_5min
404.511,-32,598,0,0,100,free_5min
404.511,-32,598,0,0,100,free_5min
404.565,-32,601,-8,0,100,free_5min
404.637,-35,604,0,0,100,free_5min
404.667,-35,604,0,0,100,free_5min
404.746,-36,606,0,0,100,free_5min
404.828,-37,607,0,0,100,free_5min
404.857,-33,602,8,0,100,free_5min
404.923,-33,602,8,0,100,free_5min
405.001,-30,599,0,0,100,free_5min
405.046,-25,599,0,0,100,free_5min
405.133,-25,599,0,0,100,free_5min
405.194,-21,606,0,0,100,free_5min
405.227,-19,611,0,0,100,free_5min
405.303,-17,614,0,0,100,free_5min
405.376,-17,614,0,0,100,free_5min
405.420,-15,618,0,0,100,free_5min
405.617,-14,621,0,0,100,free_5min
405.617,-14,621,0,0,100,free_5min
405.617,-12,621,8,0,100,free_5min
405.669,-4,611,0,0,100,free_5min
405.744,-4,611,0,0,100,free_5min
405.788,2,597,0,0,100,free_5min
405.854,-3,594,0,0,100,free_5min
405.969,-3,594,0,0,100,free_5min
405.969,-8,593,0,0,100,free_5min
406.043,-9,595,0,0,98,free_5min
406.109,-9,595,0,0,98,free_5min
406.147,-8,598,0,0,97,free_5min
406.248,-6,600,0,0,97,free_5min
406.324,-6,600,0,0,95,free_5min
406.340,-3,601,0,0,95,free_5min
406.421,0,602,0,0,95,free_5min
406.485,0,602,0,0,93,free_5min
406.565,9,601,0,0,93,free_5min
406.596,17,601,0,0,90,free_5min
406.679,20,604,0,0,86,free_5min
406.706,20,604,0,0,86,free_5min
406.798,25,606,0,0,84,free_5min
406.851,31,609,0,0,84,free_5min
407.004,31,609,0,0,81,free_5min
407.004,34,613,0,0,78,free_5min
407.035,36,616,0,0,78,free_5min
407.086,36,616,0,0,76,free_5min
407.151,38,618,0,0,75,free_5min
407.217,40,620,0,0,75,free_5min
407.261,43,620,0,0,74,free_5min
407.356,43,620,0,0,73,free_5min
407.413,46,622,0,0,73,free_5min
407.459,48,624,0,0,72,free_5min
407.529,48,624,0,0,72,free_5min
407.692,51,628,0,0,71,free_5min
407.692,53,633,0,0,71,free_5min
407.712,55,638,0,0,71,free_5min
407.778,55,638,0,0,73,free_5min
407.813,57,643,0,0,73,free_5min
407.902,58,648,0,0,74,free_5min
407.961,58,648,0,0,74,free_5min
408.011,60,651,0,0,74,free_5min
408.071,60,656,0,0,74,free_5min
408.150,60,656,0,0,74,free_5min
408.189,60,660,0,0,73,free_5min
408.260,61,664,0,0,72,free_5min
408.340,61,664,0,0,72,free_5min
408.376,62,668,0,0,70,free_5min
408.451,64,670,0,0,69,free_5min
408.521,64,670,0,0,69,free_5min
408.579,66,673,0,0,67,free_5min
408.629,68,675,0,0,67,free_5min
408.699,68,675,0,0,65,free_5min
408.737,69,676,0,0,64,free_5min
408.815,70,676,0,0,64,free_5min
408.896,70,676,0,0,62,free_5min
408.928,71,675,0,0,62,free_5min
408.994,73,676,0,0,60,free_5min
409.076,75,672,0,0,59,free_5min
409.112,75,672,0,0,59,free_5min
409.282,79,670,0,29,0,free_5min
409.282,82,670,0,29,0,free_5min
409.315,82,670,0,0,61,free_5min
409.373,81,671,8,0,61,free_5min
409.456,84,672,0,0,61,free_5min
409.484,84,670,8,23,0,free_5min
409.562,84,670,8,32,0,free_5min
409.630,86,668,0,32,0,free_5min
409.715,86,668,8,0,65,free_5min
409.744,86,668,8,0,64,free_5min
409.810,89,668,0,0,64,free_5min
409.891,89,669,8,0,66,free_5min
409.927,89,669,8,0,66,free_5min
410.027,91,665,0,0,66,free_5min
410.059,93,661,0,0,65,free_5min
410.105,95,660,8,0,65,free_5min
410.183,95,660,8,0,66,free_5min
410.220,96,660,8,0,66,free_5min
410.308,98,654,8,0,65,free_5min
410.373,98,654,8,0,65,free_5min
410.468,101,653,48,0,65,free_5min
410.487,104,655,39,0,66,free_5min
410.571,104,655,39,0,66,free_5min
410.674,108,662,16,0,66,free_5min
410.674,113,669,8,0,67,free_5min
410.738,113,669,8,0,67,free_5min
410.774,116,676,8,0,68,free_5min
410.869,121,687,0,0,69,free_5min
410.924,121,687,0,0,69,free_5min
410.959,127,694,0,0,70,free_5min
411.038,136,697,-24,0,70,free_5min
411.103,136,697,-24,0,70,free_5min
411.180,145,698,-24,0,70,free_5min
411.222,150,701,-8,0,70,free_5min
411.293,150,701,-8,0,71,free_5min
411.331,157,707,0,0,71,free_5min
411.479,161,713,0,0,71,free_5min
411.479,164,718,0,0,71,free_5min
411.517,164,718,0,0,71,free_5min
411.594,165,722,0,0,71,free_5min
411.676,162,724,-8,0,69,free_5min
411.705,154,725,-8,0,69,free_5min
411.833,154,725,-8,0,67,free_5min
411.871,146,726,-8,0,67,free_5min
411.899,140,726,0,0,65,free_5min
411.962,140,726,0,0,63,free_5min
412.045,141,726,8,0,63,free_5min
412.079,143,727,0,0,62,free_5min
412.142,143,727,0,0,62,free_5min
412.250,145,728,0,0,62,free_5min
412.291,149,729,0,0,63,free_5min
412.349,158,728,0,0,63,free_5min
412.407,158,728,0,0,62,free_5min
412.465,164,728,0,0,62,free_5min
412.522,175,725,0,0,62,free_5min
412.586,175,725,0,0,63,free_5min
412.624,184,724,0,0,63,free_5min
412.733,190,724,0,0,64,free_5min
412.778,190,724,0,0,64,free_5min
412.809,197,729,0,0,64,free_5min
412.880,202,734,0,0,64,free_5min
412.962,202,734,0,0,64,free_5min
412.998,208,740,0,0,64,free_5min
413.091,218,747,0,0,63,free_5min
413.169,218,747,0,0,63,free_5min
413.183,230,755,0,0,58,free_5min
413.257,264,778,0,0,57,free_5min
413.322,264,778,0,0,57,free_5min
413.375,301,810,0,0,56,free_5min
413.627,328,832,0,0,51,free_5min
413.627,334,842,0,0,51,free_5min
413.627,334,842,0,0,48,free_5min
413.627,339,854,0,0,48,free_5min
413.708,345,859,0,0,47,free_5min
413.750,345,859,0,0,46,free_5min
413.816,353,870,0,0,46,free_5min
413.884,375,890,0,0,44,free_5min
413.928,400,932,0,0,44,free_5min
414.008,400,932,0,0,44,free_5min
414.073,415,962,0,0,43,free_5min
414.115,394,929,0,0,43,free_5min
414.183,394,929,0,0,41,free_5min
414.257,388,918,0,0,41,free_5min
414.304,384,908,0,0,40,free_5min
414.366,384,908,0,0,40,free_5min
414.444,379,901,0,0,40,free_5min
414.477,377,899,0,0,38,free_5min
414.556,375,900,0,0,38,free_5min
414.676,375,900,0,0,38,free_5min
414.676,378,904,0,0,37,free_5min
414.764,377,908,0,0,37,free_5min
414.810,377,908,0,0,37,free_5min
414.855,371,906,0,0,36,free_5min
414.925,367,904,0,0,36,free_5min
415.006,367,904,0,0,35,free_5min
415.061,369,900,8,0,36,free_5min
415.137,372,894,0,0,36,free_5min
415.176,372,894,0,0,36,free_5min
415.234,379,883,0,0,36,free_5min
415.343,387,870,0,0,35,free_5min
415.371,387,870,0,0,35,free_5min
415.420,391,856,0,0,35,free_5min
415.485,393,841,0,0,34,free_5min
415.552,393,841,0,0,34,free_5min
415.606,389,828,0,0,33,free_5min
415.673,385,823,0,0,33,free_5min
415.746,384,822,0,0,33,free_5min
415.789,384,822,0,0,33,free_5min
415.858,385,821,0,0,33,free_5min
415.939,385,821,0,0,33,free_5min
415.973,385,821,0,0,32,free_5min
416.047,386,817,8,0,30,free_5min
416.130,385,812,8,0,30,free_5min
416.163,382,809,0,0,23,free_5min
416.227,382,809,0,0,23,free_5min
416.322,380,806,0,0,22,free_5min
416.341,380,804,0,0,22,free_5min
416.419,380,804,0,0,22,free_5min
416.492,380,802,0,0,22,free_5min
416.522,376,802,0,0,22,free_5min
416.600,376,802,0,0,21,free_5min
416.676,373,802,0,0,21,free_5min
416.730,370,799,0,0,21,free_5min
416.799,368,794,0,0,21,free_5min
416.885,368,794,0,0,21,free_5min
416.910,366,788,0,0,21,free_5min
416.977,365,782,0,0,21,free_5min
417.053,365,782,0,0,21,free_5min
417.075,364,779,0,0,21,free_5min
417.283,361,774,0,0,20,free_5min
417.283,361,774,0,0,20,free_5min
417.283,356,770,0,0,20,free_5min
417.377,354,765,0,0,19,free_5min
417.407,354,765,0,0,19,free_5min
417.454,349,758,0,0,19,free_5min
417.534,348,753,0,0,19,free_5min
417.631,348,753,0,0,19,free_5min
417.654,348,752,0,0,18,free_5min
417.713,352,748,0,0,18,free_5min
417.798,352,748,0,0,19,free_5min
417.820,361,747,0,0,19,free_5min
417.899,370,746,0,0,19,free_5min
417.978,382,746,0,0,21,free_5min
418.012,382,746,0,0,21,free_5min
418.099,383,744,-8,0,23,free_5min
418.179,380,747,-8,0,23,free_5min
418.191,380,747,-8,0,24,free_5min
418.265,369,752,-8,0,25,free_5min
418.340,354,753,-8,0,25,free_5min
418.375,292,748,-8,0,27,free_5min
418.454,292,748,-8,0,31,free_5min
418.523,179,730,0,0,31,free_5min
418.572,149,748,-8,0,31,free_5min
418.642,149,748,-8,34,0,free_5min
418.714,156,750,-8,34,0,free_5min
418.746,171,742,-8,0,37,free_5min
418.817,171,742,-8,0,37,free_5min
418.900,175,740,-8,0,38,free_5min
418.927,180,740,-8,0,38,free_5min
419.002,181,738,0,0,38,free_5min
419.078,181,738,0,0,38,free_5min
419.113,185,736,8,0,38,free_5min
419.239,184,734,-8,0,38,free_5min
419.328,184,734,-8,0,38,free_5min
419.328,186,731,-8,0,39,free_5min
419.370,189,729,-8,0,40,free_5min
419.464,189,729,-8,0,40,free_5min
419.494,197,726,-8,0,41,free_5min
419.579,204,721,0,0,41,free_5min
419.631,204,721,0,0,41,free_5min
419.733,206,718,0,0,42,free_5min
419.744,202,715,0,0,44,free_5min
419.821,202,715,0,0,44,free_5min
419.864,199,713,0,0,46,free_5min
419.941,197,711,0,0,47,free_5min
420.013,197,711,0,0,47,free_5min
420.082,192,706,0,0,49,free_5min
420.142,192,704,0,0,49,free_5min
420.186,192,704,0,0,50,free_5min
420.232,191,705,0,0,50,free_5min
420.308,195,703,0,0,51,free_5min
420.387,199,700,0,0,51,free_5min
420.410,199,700,0,0,51,free_5min
420.488,205,696,0,0,52,free_5min
420.565,208,691,8,0,52,free_5min
420.598,208,691,8,0,53,free_5min
420.777,209,686,8,0,55,free_5min
420.777,211,680,8,0,55,free_5min
420.790,215,678,0,0,56,free_5min
420.858,215,678,0,0,56,free_5min
420.936,220,676,0,0,56,free_5min
420.970,228,674,0,0,58,free_5min
421.048,228,674,0,0,58,free_5min
421.113,235,674,0,0,58,free_5min
421.162,239,676,0,0,60,free_5min
421.225,241,678,0,0,60,free_5min
421.302,241,678,0,0,63,free_5min
421.347,241,679,0,0,65,free_5min
421.580,240,682,0,0,65,free_5min
421.580,240,682,0,0,65,free_5min
421.580,241,689,0,0,65,free_5min
421.601,243,698,0,0,65,free_5min
421.683,243,698,0,0,66,free_5min
421.728,246,702,0,0,66,free_5min
421.784,246,701,0,0,66,free_5min
421.860,246,701,0,0,66,free_5min
421.892,242,703,0,0,65,free_5min
421.986,236,705,0,0,63,free_5min
422.258,236,705,0,0,63,free_5min
422.258,229,707,0,0,62,free_5min
422.258,224,708,0,0,61,free_5min
422.258,224,708,0,0,61,free_5min
422.276,225,707,0,0,61,free_5min
422.346,226,705,0,0,60,free_5min
422.409,226,705,0,0,60,free_5min
422.457,220,702,0,0,58,free_5min
422.556,208,704,0,0,58,free_5min
422.614,198,705,0,0,59,free_5min
422.647,198,705,0,17,0,free_5min
422.740,190,704,0,17,0,free_5min
422.789,180,706,0,0,57,free_5min
422.823,180,706,0,0,57,free_5min
422.899,170,710,0,0,56,free_5min
422.975,163,718,0,0,57,free_5min
423.008,157,730,0,0,57,free_5min
423.282,157,730,0,0,57,free_5min
423.282,154,742,0,0,57,free_5min
423.282,160,752,0,0,57,free_5min
423.282,160,752,0,0,57,free_5min
423.341,163,758,0,0,57,free_5min
423.380,166,757,0,0,57,free_5min
423.459,170,756,0,0,57,free_5min
423.522,170,756,0,0,57,free_5min
423.567,172,755,0,0,57,free_5min
423.646,176,754,0,0,56,free_5min
423.715,176,754,0,0,56,free_5min
423.791,183,751,0,0,54,free_5min
423.862,193,747,0,0,54,free_5min
423.961,193,747,0,0,51,free_5min
423.961,201,743,0,0,50,free_5min
424.010,204,744,0,0,50,free_5min
424.093,204,744,0,0,49,free_5min
424.149,204,746,0,0,49,free_5min
424.247,205,746,0,0,48,free_5min
424.268,205,746,0,0,47,free_5min
424.303,209,744,0,0,47,free_5min
424.386,211,742,0,0,47,free_5min
424.458,211,742,0,0,47,free_5min
424.487,208,743,0,0,47,free_5min
424.575,206,752,0,0,48,free_5min
424.660,206,752,0,0,48,free_5min
424.691,208,758,0,0,48,free_5min
424.772,209,765,0,0,47,free_5min
424.832,211,772,0,0,47,free_5min
424.858,211,772,0,0,48,free_5min
424.936,209,774,0,0,47,free_5min
425.054,207,778,0,0,47,free_5min
425.054,207,778,0,0,48,free_5min
425.124,209,782,0,0,48,free_5min
425.202,215,779,0,0,45,free_5min
425.230,219,776,0,0,42,free_5min
425.306,219,776,0,0,42,free_5min
425.377,219,771,0,0,41,free_5min
425.418,218,766,0,0,41,free_5min
425.498,218,766,0,0,42,free_5min
425.567,217,762,-8,0,42,free_5min
425.614,215,762,-8,0,43,free_5min
425.691,214,762,0,0,43,free_5min
425.751,214,762,0,0,43,free_5min
425.806,215,762,0,0,45,free_5min
425.865,218,760,0,21,0,free_5min
425.946,218,760,0,21,0,free_5min
425.991,219,757,0,21,0,free_5min
426.047,218,755,8,0,50,free_5min
426.139,218,755,8,0,50,free_5min
426.168,214,755,8,0,52,free_5min
426.249,211,754,8,0,51,free_5min
426.312,211,754,8,0,51,free_5min
426.347,211,751,8,0,51,free_5min
426.433,211,748,16,0,51,free_5min
426.490,211,748,16,0,51,free_5min
426.561,216,743,8,0,51,free_5min
426.645,220,741,8,23,0,free_5min
426.679,220,741,8,0,51,free_5min
426.713,219,740,8,0,51,free_5min
426.803,221,742,8,0,51,free_5min
426.856,221,742,8,0,51,free_5min
426.907,220,745,8,0,50,free_5min
427.004,223,747,-8,0,50,free_5min
427.046,225,748,0,0,50,free_5min
427.084,225,748,0,0,50,free_5min
427.184,224,749,0,0,52,free_5min
427.226,212,750,-8,0,52,free_5min
427.281,212,750,-8,0,52,free_5min
427.351,201,752,0,0,53,free_5min
427.428,188,753,0,0,53,free_5min
427.462,179,755,0,0,53,free_5min
427.530,179,755,0,0,53,free_5min
427.605,176,758,0,0,54,free_5min
427.649,178,758,0,0,56,free_5min
427.725,178,758,0,0,56,free_5min
427.792,180,758,0,0,58,free_5min
427.844,172,753,0,0,58,free_5min
427.903,167,750,0,0,60,free_5min
427.988,167,750,0,0,61,free_5min
428.021,166,749,0,0,61,free_5min
428.122,168,747,0,0,62,free_5min
428.174,168,747,0,0,62,free_5min
428.202,173,744,0,0,62,free_5min
428.285,183,743,0,0,62,free_5min
428.349,183,743,0,0,62,free_5min
428.386,201,767,0,0,62,free_5min
428.490,260,846,0,0,62,free_5min
428.535,260,846,0,0,62,free_5min
428.565,388,984,0,0,62,free_5min
428.641,509,1099,0,0,61,free_5min
428.721,509,1099,0,0,61,free_5min
428.751,520,1035,0,0,61,free_5min
428.893,510,954,0,0,61,free_5min
428.912,510,954,0,0,60,free_5min
428.935,470,872,0,0,60,free_5min
429.056,304,805,0,0,60,free_5min
429.090,304,805,0,0,60,free_5min
429.122,155,744,0,0,60,free_5min
429.203,45,671,8,0,60,free_5min
429.278,-56,596,8,0,60,free_5min
429.313,-56,596,8,0,60,free_5min
429.379,-131,540,0,0,61,free_5min
429.474,-113,519,0,0,61,free_5min
429.497,-113,519,0,0,61,free_5min
429.571,-116,521,0,0,60,free_5min
429.644,-90,540,0,0,60,free_5min
429.682,-85,564,0,0,59,free_5min
429.769,-85,564,0,0,57,free_5min
429.843,-81,571,8,0,57,free_5min
429.873,-72,560,8,0,56,free_5min
429.938,-72,560,8,0,53,free_5min
430.023,-41,528,0,0,53,free_5min
430.060,-15,497,0,0,53,free_5min
430.146,-28,489,0,0,53,free_5min
430.195,-28,489,0,0,52,free_5min
430.240,-29,493,0,0,52,free_5min
430.307,-31,503,8,0,52,free_5min
430.425,-31,503,8,0,52,free_5min
430.425,-35,514,0,0,52,free_5min
430.499,-39,525,0,0,52,free_5min
430.579,-39,525,0,0,50,free_5min
430.603,-39,534,0,0,50,free_5min
430.684,-38,542,0,0,49,free_5min
430.766,-38,542,0,0,49,free_5min
430.788,-37,550,0,0,48,free_5min
430.874,-36,558,0,0,49,free_5min
430.941,-36,558,0,0,49,free_5min
430.978,-29,567,0,0,48,free_5min
431.049,-16,581,0,0,48,free_5min
431.134,-16,581,0,0,48,free_5min
431.180,1,598,0,0,46,free_5min
431.233,71,652,0,0,45,free_5min
431.311,71,652,0,0,45,free_5min
431.343,199,731,0,0,43,free_5min
431.422,309,814,0,0,43,free_5min
431.493,309,814,0,0,42,free_5min
431.544,397,874,0,0,42,free_5min
431.620,423,854,0,0,39,free_5min
431.679,429,830,0,0,37,free_5min
431.721,429,830,0,0,37,free_5min
431.799,441,764,0,0,35,free_5min
431.877,470,686,0,0,34,free_5min
431.916,499,596,0,0,34,free_5min
431.975,499,596,0,0,33,free_5min
432.062,506,529,8,0,33,free_5min
432.093,508,465,8,0,32,free_5min
432.160,508,465,8,0,32,free_5min
432.279,513,427,0,0,32,free_5min
432.279,514,440,0,0,32,free_5min
432.358,514,440,0,0,31,free_5min
432.430,527,466,0,0,31,free_5min
432.457,541,500,0,0,30,free_5min
432.536,544,518,0,0,30,free_5min
432.610,544,518,0,0,24,free_5min
432.653,541,537,0,0,23,free_5min
432.711,544,560,0,0,23,free_5min
432.826,544,560,0,0,23,free_5min
432.826,575,620,0,0,23,free_5min
432.942,615,699,0,0,22,free_5min
432.974,615,699,0,0,22,free_5min
433.009,691,829,0,0,22,free_5min
433.096,732,912,0,0,21,free_5min
433.151,732,912,0,0,21,free_5min
433.207,732,939,0,0,21,free_5min
433.291,716,937,0,0,31,free_5min
433.340,716,937,0,0,31,free_5min
433.384,694,929,0,0,31,free_5min
433.462,667,915,0,0,31,free_5min
433.571,667,915,0,0,31,free_5min
433.571,648,903,0,0,32,free_5min
433.659,628,897,0,0,32,free_5min
433.715,628,897,0,0,32,free_5min
433.771,604,891,0,0,32,free_5min
433.830,583,882,8,0,32,free_5min
433.903,563,880,0,0,32,free_5min
433.942,563,880,0,0,32,free_5min
434.024,544,880,0,0,32,free_5min
434.083,533,879,0,0,32,free_5min
434.123,533,879,0,0,32,free_5min
434.200,527,883,0,0,32,free_5min
434.278,521,879,0,0,32,free_5min
434.322,521,881,0,0,32,free_5min
434.382,521,881,0,0,31,free_5min
434.454,526,883,0,0,31,free_5min
434.498,532,885,0,0,31,free_5min
434.567,532,885,0,0,30,free_5min
434.646,537,894,0,0,30,free_5min
434.681,534,895,0,0,30,free_5min
434.758,530,890,0,0,30,free_5min
434.825,530,890,0,0,30,free_5min
434.868,528,877,0,0,30,free_5min
434.947,526,860,0,0,30,free_5min
435.026,526,860,0,0,30,free_5min
435.050,520,843,0,0,30,free_5min
435.123,515,835,0,0,30,free_5min
435.195,515,835,0,0,31,free_5min
435.245,509,830,0,0,32,free_5min
435.307,501,825,0,0,32,free_5min
435.385,501,825,0,0,34,free_5min
435.429,488,821,0,0,34,free_5min
435.499,475,820,0,0,35,free_5min
435.577,475,820,0,22,0,free_5min
435.607,456,820,-8,22,0,free_5min
435.717,437,820,-8,0,40,free_5min
435.783,437,820,-8,0,40,free_5min
435.794,421,821,0,0,41,free_5min
435.876,403,820,-8,0,42,free_5min
435.993,388,820,-8,0,42,free_5min
435.993,388,820,-8,0,44,free_5min
436.060,376,820,-8,0,44,free_5min
436.128,369,818,-8,0,44,free_5min
436.170,369,818,-8,0,45,free_5min
436.239,365,819,0,0,45,free_5min
436.314,362,820,-8,0,45,free_5min
436.392,364,822,0,0,48,free_5min
436.422,364,822,0,0,48,free_5min
436.498,365,824,-8,0,50,free_5min
436.550,365,825,0,0,53,free_5min
436.610,365,825,0,0,53,free_5min
436.683,360,822,-8,0,54,free_5min
436.732,350,817,-8,0,54,free_5min
436.795,350,817,-8,29,0,free_5min
436.863,341,812,0,32,0,free_5min
436.921,335,807,0,32,0,free_5min
436.982,332,804,0,21,0,free_5min
437.059,332,804,0,21,0,free_5min
437.090,329,799,0,23,0,free_5min
437.168,325,795,0,0,65,free_5min
437.235,325,795,0,0,65,free_5min
437.282,319,793,0,0,64,free_5min
437.348,315,792,0,0,65,free_5min
437.424,315,792,0,0,65,free_5min
437.462,312,791,0,0,67,free_5min
437.542,310,789,0,0,69,free_5min
437.606,310,789,0,0,69,free_5min
437.650,309,787,0,0,71,free_5min
437.728,308,785,0,0,71,free_5min
437.807,308,785,0,0,72,free_5min
437.841,307,785,0,0,73,free_5min
437.907,300,783,0,0,73,free_5min
437.986,300,783,0,0,74,free_5min
438.020,293,779,0,0,74,free_5min
438.097,286,774,0,0,74,free_5min
438.173,278,770,0,0,75,free_5min
438.224,278,770,0,0,75,free_5min
438.277,270,767,0,0,76,free_5min
438.371,261,766,0,0,76,free_5min
438.394,261,766,0,0,79,free_5min
438.466,253,767,0,0,81,free_5min
438.542,247,770,0,0,81,free_5min
438.575,240,773,0,0,84,free_5min
438.649,240,773,0,0,86,free_5min
438.732,232,775,0,0,86,free_5min
438.763,223,777,0,0,88,free_5min
438.842,223,777,0,0,90,free_5min
438.913,211,778,0,0,90,free_5min
438.954,196,775,0,0,92,free_5min
439.022,196,775,0,0,92,free_5min
439.088,175,770,0,0,93,free_5min
439.133,120,755,0,0,93,free_5min
439.209,81,747,0,0,94,free_5min
439.276,81,747,0,0,95,free_5min
439.313,54,743,0,0,95,free_5min
439.388,30,739,0,0,95,free_5min
439.465,30,739,0,0,95,free_5min
439.525,23,737,0,0,97,free_5min
439.577,22,737,0,0,97,free_5min
439.645,22,737,0,0,97,free_5min
439.680,24,737,0,0,98,free_5min
439.756,27,735,0,0,100,free_5min
439.824,27,735,0,0,100,free_5min
439.881,33,734,0,0,100,free_5min
439.952,41,731,0,0,100,free_5min
440.016,41,731,0,0,100,free_5min
440.061,55,726,0,0,100,free_5min
440.126,72,719,0,0,100,free_5min
440.214,72,719,0,0,100,free_5min
440.247,129,695,0,0,100,free_5min
440.315,168,688,0,0,100,free_5min
440.392,168,688,0,0,100,free_5min
440.426,173,689,0,0,100,free_5min
440.504,164,687,0,0,100,free_5min
440.574,147,682,0,0,100,free_5min
440.618,147,682,0,0,100,free_5min
440.689,86,660,0,0,100,free_5min
440.765,27,643,0,0,100,free_5min
440.806,27,643,0,0,100,free_5min
440.882,-55,625,0,0,99,free_5min
440.939,-93,631,0,0,99,free_5min
440.983,-113,631,0,0,97,free_5min
441.061,-113,631,0,0,96,free_5min
441.138,-121,634,0,0,96,free_5min
441.172,-131,622,0,0,96,free_5min
441.239,-131,622,0,0,97,free_5min
441.317,-130,621,0,0,97,free_5min
441.350,-129,624,0,0,97,free_5min
441.427,-129,624,0,0,97,free_5min
441.495,-121,635,0,0,95,free_5min
441.540,-109,647,0,0,94,free_5min
441.608,-91,657,0,0,94,free_5min
441.687,-91,657,0,0,94,free_5min
441.716,-70,664,0,0,94,free_5min
441.802,-46,669,0,0,93,free_5min
441.873,-46,669,0,0,93,free_5min
441.915,-14,670,0,0,93,free_5min
441.997,36,668,0,0,93,free_5min
442.068,36,668,0,0,93,free_5min
442.098,49,657,0,0,93,free_5min
442.175,60,656,0,0,93,free_5min
442.250,60,656,0,0,93,free_5min
442.279,58,663,0,0,92,free_5min
442.362,52,665,0,0,91,free_5min
442.441,52,665,0,0,91,free_5min
442.466,43,665,0,0,90,free_5min
442.568,35,662,0,24,0,free_5min
442.613,35,662,0,24,0,free_5min
442.664,31,661,0,24,0,free_5min
442.729,33,660,0,24,0,free_5min
442.805,36,661,0,21,0,free_5min
442.846,36,661,0,0,95,free_5min
442.916,39,663,0,0,95,free_5min
442.995,44,664,0,0,97,free_5min
443.024,44,664,0,0,97,free_5min
443.104,48,667,-8,24,0,free_5min
443.165,54,668,0,0,99,free_5min
443.213,63,669,0,0,99,free_5min
443.321,63,669,0,0,98,free_5min
443.351,96,668,0,0,98,free_5min
443.403,120,666,-8,0,96,free_5min
443.470,120,666,-8,0,95,free_5min
443.538,134,661,-8,0,95,free_5min
443.572,139,664,-8,0,95,free_5min
443.652,139,664,-8,0,94,free_5min
443.719,137,666,-8,0,94,free_5min
443.767,129,668,0,0,92,free_5min
443.832,122,675,0,0,92,free_5min
443.917,122,675,0,0,91,free_5min
443.948,120,681,0,0,89,free_5min
444.016,124,687,0,0,89,free_5min
444.096,124,687,0,0,86,free_5min
444.183,135,694,0,0,84,free_5min
444.210,150,704,0,0,84,free_5min
444.278,150,704,0,0,81,free_5min
444.319,166,738,0,0,81,free_5min
444.387,217,829,0,0,78,free_5min
444.469,217,829,0,0,78,free_5min
444.503,295,964,0,0,79,free_5min
444.579,230,933,0,0,80,free_5min
444.646,230,933,0,0,80,free_5min
444.692,187,906,0,0,80,free_5min
444.757,97,840,0,0,80,free_5min
444.834,97,840,0,0,80,free_5min
444.871,20,765,0,0,80,free_5min
444.946,69,720,0,0,78,free_5min
445.021,69,720,0,0,78,free_5min
445.055,124,676,0,0,77,free_5min
445.130,88,651,0,0,77,free_5min
445.197,33,648,0,0,77,free_5min
445.260,33,648,0,0,77,free_5min
445.311,-29,652,0,0,77,free_5min
445.404,-52,653,0,0,76,free_5min
445.744,-52,653,0,0,76,free_5min
445.744,-51,656,0,0,75,free_5min
445.744,-40,659,0,0,74,free_5min
445.744,-29,657,0,0,74,free_5min
445.744,-29,657,0,0,73,free_5min
445.756,-18,659,0,0,73,free_5min
445.807,-10,660,0,0,74,free_5min
445.875,-10,660,0,0,74,free_5min
445.945,-4,660,0,0,74,free_5min
445.988,1,658,0,0,75,free_5min
446.233,6,653,0,0,75,free_5min
446.233,6,653,0,0,75,free_5min
446.233,30,642,0,0,75,free_5min
446.251,74,633,0,0,76,free_5min
446.370,74,633,0,0,76,free_5min
446.370,112,629,0,0,76,free_5min
446.421,129,622,0,0,76,free_5min
446.503,129,622,0,0,75,free_5min
446.537,149,620,0,0,71,free_5min
446.614,163,623,0,0,71,free_5min
446.691,163,623,0,0,66,free_5min
446.723,177,626,0,0,66,free_5min
446.904,184,626,0,0,63,free_5min
446.904,184,626,0,0,64,free_5min
446.904,184,626,0,0,64,free_5min
446.979,182,626,0,0,61,free_5min
447.057,182,626,0,0,61,free_5min
447.102,180,625,0,0,58,free_5min
447.174,177,624,0,0,56,free_5min
447.237,177,624,0,0,56,free_5min
447.734,178,621,0,0,57,free_5min
447.734,180,621,0,0,57,free_5min
447.734,181,624,0,0,57,free_5min
447.734,181,624,0,0,56,free_5min
447.734,182,632,0,0,55,free_5min
447.734,181,643,0,0,55,free_5min
447.734,181,643,0,0,53,free_5min
447.734,170,658,0,0,53,free_5min
447.797,157,676,0,0,52,free_5min
447.840,97,734,0,0,52,free_5min
447.910,97,734,0,0,52,free_5min
447.984,-14,843,0,0,52,free_5min
448.026,-75,880,0,0,52,free_5min
448.093,-75,880,0,0,52,free_5min
448.165,-37,833,0,0,53,free_5min
448.218,-14,809,8,0,53,free_5min
448.289,19,791,-8,0,53,free_5min
448.353,19,791,-8,0,53,free_5min
448.398,67,765,0,0,56,free_5min
448.484,90,749,0,25,0,free_5min
448.536,90,749,0,25,0,free_5min
448.579,100,739,0,0,59,free_5min
448.656,107,725,0,0,59,free_5min
448.734,107,725,0,0,59,free_5min
448.768,115,720,0,0,60,free_5min
448.834,135,717,0,0,62,free_5min
448.912,135,717,0,0,62,free_5min
448.958,146,707,0,0,62,free_5min
449.018,159,711,0,0,62,free_5min
449.096,159,711,0,0,63,free_5min
449.138,174,705,0,0,67,free_5min
449.205,180,702,0,0,67,free_5min
449.284,180,702,0,0,71,free_5min
449.318,183,699,0,0,71,free_5min
449.398,183,697,0,0,73,free_5min
449.463,183,697,0,0,73,free_5min
449.499,187,692,0,0,74,free_5min
449.577,208,672,0,0,75,free_5min
449.661,225,658,0,0,75,free_5min
449.683,225,658,0,0,77,free_5min
449.765,222,646,0,0,77,free_5min
449.851,190,629,0,0,77,free_5min
449.883,190,629,0,0,78,free_5min
449.945,127,607,0,0,78,free_5min
450.019,9,568,0,0,78,free_5min
450.067,11,579,0,0,78,free_5min
450.135,11,579,0,0,80,free_5min
450.209,36,601,0,0,80,free_5min
450.252,70,634,0,0,82,free_5min
450.332,70,634,0,0,82,free_5min
450.405,137,704,0,0,83,free_5min
450.459,95,715,0,0,85,free_5min
450.511,51,715,0,0,85,free_5min
450.600,51,715,0,0,86,free_5min
450.624,29,711,0,0,86,free_5min
450.700,4,705,0,0,86,free_5min
450.767,4,705,0,0,86,free_5min
450.821,-9,697,0,0,87,free_5min
450.907,-18,690,0,0,86,free_5min
450.947,-18,690,0,0,86,free_5min
450.987,-21,689,0,0,86,free_5min
451.055,-24,689,0,0,86,free_5min
451.130,-24,689,0,0,86,free_5min
451.173,-28,690,0,0,85,free_5min
451.245,-30,692,0,0,85,free_5min
451.315,-30,692,0,0,85,free_5min
451.363,-36,692,0,0,85,free_5min
451.438,-43,690,0,0,85,free_5min
451.510,-43,690,0,0,86,free_5min
451.541,-48,686,0,0,87,free_5min
451.609,-43,682,0,0,87,free_5min
451.683,-43,682,0,0,88,free_5min
451.729,-30,680,0,0,88,free_5min
451.798,-11,681,0,0,89,free_5min
451.867,4,685,0,0,91,free_5min
451.906,4,685,0,0,91,free_5min
452.001,17,684,-8,0,91,free_5min
452.069,34,676,0,0,91,free_5min
452.103,34,676,0,0,91,free_5min
452.176,71,650,0,0,90,free_5min
452.250,42,634,0,0,90,free_5min
452.283,30,630,0,0,91,free_5min
452.363,30,630,0,0,89,free_5min
452.429,-6,629,0,0,89,free_5min
452.470,-27,636,0,0,87,free_5min
452.559,-27,636,0,0,85,free_5min
452.628,-6,645,0,0,85,free_5min
452.657,4,647,0,0,85,free_5min
452.724,4,647,0,0,85,free_5min
452.810,16,650,0,0,84,free_5min
452.849,30,650,0,0,82,free_5min
452.906,47,646,0,0,82,free_5min
452.988,47,646,0,0,82,free_5min
453.068,103,629,0,0,82,free_5min
453.094,117,624,0,0,81,free_5min
453.173,117,624,0,0,79,free_5min
453.204,119,623,0,0,79,free_5min
453.281,113,625,0,0,77,free_5min
453.365,113,625,0,0,77,free_5min
453.399,105,627,0,0,77,free_5min
453.471,80,626,0,0,79,free_5min
453.567,80,626,0,0,79,free_5min
453.585,57,614,0,0,79,free_5min
453.663,45,604,0,0,77,free_5min
453.742,45,604,0,0,77,free_5min
453.760,53,607,0,0,75,free_5min
453.845,55,608,0,0,74,free_5min
453.906,55,608,0,0,74,free_5min
453.971,57,608,0,0,73,free_5min
454.051,62,608,0,0,73,free_5min
454.096,62,608,0,0,72,free_5min
454.143,70,606,0,0,70,free_5min
454.208,81,603,0,0,70,free_5min
454.278,94,600,0,0,67,free_5min
454.326,94,600,0,0,67,free_5min
454.404,104,596,0,0,64,free_5min
454.467,116,593,0,0,63,free_5min
454.510,127,592,0,0,63,free_5min
454.587,127,592,0,0,62,free_5min
454.649,135,593,0,0,62,free_5min
454.693,139,597,0,0,61,free_5min
454.769,139,597,0,0,61,free_5min
454.847,142,600,0,0,61,free_5min
454.878,145,603,0,0,61,free_5min
454.945,145,603,0,0,61,free_5min
455.026,146,606,0,0,61,free_5min
455.057,149,609,0,0,62,free_5min
455.128,151,613,0,0,62,free_5min
455.204,151,613,0,0,62,free_5min
455.245,150,616,0,0,61,free_5min
455.363,150,618,0,0,61,free_5min
455.393,150,618,0,0,60,free_5min
455.443,154,618,-8,0,60,free_5min
455.504,159,619,0,0,60,free_5min
455.577,159,619,0,0,59,free_5min
455.610,164,622,0,0,59,free_5min
455.685,168,625,0,0,58,free_5min
455.790,168,625,0,0,58,free_5min
455.807,172,628,0,0,58,free_5min
455.872,177,630,0,0,57,free_5min
455.949,177,630,0,0,57,free_5min
455.990,182,632,0,0,56,free_5min
456.070,188,633,0,0,55,free_5min
456.132,188,633,0,0,55,free_5min
456.178,193,636,0,0,54,free_5min
456.242,192,637,0,0,53,free_5min
456.319,192,637,0,0,53,free_5min
456.359,189,638,0,0,53,free_5min
456.435,192,637,0,0,53,free_5min
456.517,195,637,0,0,53,free_5min
456.540,195,637,0,0,53,free_5min
456.634,196,639,0,0,53,free_5min
456.700,196,640,0,0,54,free_5min
456.729,196,640,0,0,54,free_5min
456.804,198,642,0,0,55,free_5min
456.949,199,642,0,0,55,free_5min
456.949,202,642,0,0,55,free_5min
456.992,202,642,0,0,55,free_5min
457.064,206,641,0,0,55,free_5min
457.113,211,639,0,0,53,free_5min
457.172,211,639,0,0,52,free_5min
457.250,216,638,0,0,52,free_5min
457.282,221,637,0,0,51,free_5min
457.360,226,637,0,0,50,free_5min
457.437,226,637,0,0,50,free_5min
457.471,227,637,0,0,49,free_5min
457.544,224,637,0,0,47,free_5min
457.619,224,637,0,0,47,free_5min
457.674,216,635,0,0,46,free_5min
457.750,200,632,0,0,46,free_5min
457.795,200,632,0,0,45,free_5min
457.840,184,630,0,0,44,free_5min
457.909,160,631,0,0,44,free_5min
457.988,160,631,0,0,44,free_5min
458.029,153,630,0,0,44,free_5min
458.096,148,633,0,0,44,free_5min
458.171,148,633,0,0,46,free_5min
458.217,140,636,0,0,46,free_5min
458.289,130,634,0,0,50,free_5min
458.369,130,634,0,0,50,free_5min
458.392,121,633,0,0,53,free_5min
458.480,113,628,0,0,54,free_5min
458.547,113,628,0,0,54,free_5min
458.581,107,624,0,0,55,free_5min
458.654,112,627,0,22,0,free_5min
458.726,119,630,0,22,0,free_5min
458.772,119,630,0,0,56,free_5min
458.846,125,633,0,0,57,free_5min
458.917,131,635,0,0,57,free_5min
458.958,131,635,0,21,0,free_5min
459.024,135,637,0,21,0,free_5min
459.096,136,637,0,31,0,free_5min
459.149,130,639,-8,21,0,free_5min
459.209,130,639,-8,21,0,free_5min
459.296,126,641,0,0,65,free_5min
459.319,125,641,0,0,65,free_5min
459.397,125,641,0,31,0,free_5min
459.463,124,642,0,24,0,free_5min
459.509,128,642,0,24,0,free_5min
459.584,132,643,0,0,72,free_5min
459.653,132,643,0,0,72,free_5min
459.690,138,648,-8,22,0,free_5min
459.767,141,652,0,0,76,free_5min
459.841,141,652,0,0,76,free_5min
459.875,144,652,0,0,77,free_5min
459.953,143,652,0,0,77,free_5min
460.023,143,652,0,0,77,free_5min
460.127,144,651,0,0,78,free_5min
460.147,145,645,0,0,79,free_5min
460.211,145,645,0,0,79,free_5min
460.265,148,642,0,0,80,free_5min
460.345,150,637,0,0,80,free_5min
460.399,150,637,0,0,79,free_5min
460.446,152,636,0,0,79,free_5min
460.514,151,637,0,0,79,free_5min
460.672,151,637,0,0,79,free_5min
460.672,150,643,0,0,79,free_5min
460.689,149,649,0,0,81,free_5min
460.775,149,649,0,0,81,free_5min
460.806,152,656,0,0,81,free_5min
460.883,156,670,-8,0,80,free_5min
460.959,157,680,0,0,80,free_5min
460.993,157,680,0,0,80,free_5min
461.067,141,717,0,0,81,free_5min
461.134,123,733,0,0,81,free_5min
461.176,123,733,0,0,81,free_5min
461.247,95,743,0,0,81,free_5min
461.320,53,752,0,0,81,free_5min
461.365,15,769,0,0,80,free_5min
461.444,15,769,0,0,80,free_5min
461.571,-42,779,0,0,80,free_5min
461.571,-59,790,0,0,79,free_5min
461.644,-59,790,0,0,79,free_5min
461.689,-61,793,0,0,79,free_5min
461.751,-60,793,0,0,79,free_5min
461.816,-60,793,0,0,79,free_5min
461.881,-63,793,0,0,80,free_5min
461.927,-65,794,0,0,80,free_5min
461.988,-64,794,0,0,80,free_5min
462.058,-64,794,0,0,80,free_5min
462.104,-62,794,0,0,79,free_5min
462.174,-59,793,0,0,77,free_5min
462.248,-59,793,0,0,77,free_5min
462.294,-56,792,0,0,75,free_5min
462.369,-49,788,0,0,73,free_5min
462.440,-49,788,0,0,73,free_5min
462.489,-39,783,0,0,72,free_5min
462.544,-30,778,0,0,72,free_5min
462.657,-30,778,0,0,72,free_5min
462.676,-21,773,0,0,69,free_5min
462.758,-13,769,0,0,69,free_5min
462.809,-13,769,0,0,69,free_5min
462.842,-7,764,0,0,68,free_5min
462.922,-1,758,0,0,68,free_5min
463.003,-1,758,0,0,64,free_5min
463.033,5,754,0,0,64,free_5min
463.096,10,753,0,0,63,free_5min
463.174,16,755,0,0,61,free_5min
463.219,16,755,0,0,61,free_5min
463.288,25,752,0,0,61,free_5min
463.388,31,749,0,0,61,free_5min
463.399,31,749,0,0,58,free_5min
463.470,39,741,0,0,56,free_5min
463.574,49,736,0,0,56,free_5min
463.586,49,736,0,0,54,free_5min
463.658,60,730,0,0,52,free_5min
463.734,70,724,0,0,52,free_5min
463.774,88,715,0,0,50,free_5min
463.933,88,715,0,0,49,free_5min
463.933,89,713,0,0,49,free_5min
463.950,91,710,0,0,50,free_5min
464.069,91,710,0,0,50,free_5min
464.095,93,707,0,0,49,free_5min
464.136,93,706,0,0,47,free_5min
464.218,89,707,0,0,47,free_5min
464.283,89,707,0,0,46,free_5min
464.333,82,715,0,0,46,free_5min
464.402,75,721,0,0,45,free_5min
464.485,75,721,0,0,44,free_5min
464.515,71,717,0,0,44,free_5min
464.591,70,709,0,0,43,free_5min
464.655,70,709,0,0,43,free_5min
464.705,71,699,0,0,42,free_5min
464.815,71,692,0,0,42,free_5min
464.839,71,692,0,0,42,free_5min
464.941,71,689,0,0,44,free_5min
464.959,72,687,0,0,44,free_5min
465.036,72,687,0,0,44,free_5min
465.073,74,685,0,0,45,free_5min
465.141,76,685,0,0,46,free_5min
465.212,76,685,0,0,46,free_5min
465.261,76,686,0,0,47,free_5min
465.324,77,686,0,0,47,free_5min
465.397,77,686,0,0,49,free_5min
465.523,78,683,0,0,50,free_5min
465.523,82,678,0,0,50,free_5min
465.578,92,672,0,0,51,free_5min
465.621,92,672,0,0,51,free_5min
465.695,104,666,0,0,53,free_5min
465.768,112,662,0,0,56,free_5min
465.802,112,662,0,0,56,free_5min
465.920,119,668,0,24,0,free_5min
465.950,117,673,0,24,0,free_5min
465.986,120,680,0,0,57,free_5min
466.065,120,680,0,0,58,free_5min
466.163,128,684,0,0,58,free_5min
466.203,136,673,0,0,60,free_5min
466.242,136,673,0,0,61,free_5min
466.320,138,671,0,0,61,free_5min
466.366,139,669,0,0,61,free_5min
466.433,140,667,0,0,62,free_5min
466.510,140,667,0,0,62,free_5min
466.555,142,666,0,0,61,free_5min
466.623,144,666,0,0,61,free_5min
466.720,144,666,0,0,61,free_5min
466.731,147,666,0,0,60,free_5min
466.806,149,666,0,0,60,free_5min
466.899,149,666,0,0,60,free_5min
466.950,152,666,0,0,60,free_5min
466.990,154,666,0,0,60,free_5min
467.063,154,666,0,0,60,free_5min
467.106,158,662,0,0,60,free_5min
467.186,163,652,0,0,60,free_5min
467.247,163,652,0,0,60,free_5min
467.299,168,643,0,0,60,free_5min
467.363,172,642,0,0,59,free_5min
467.431,172,642,0,0,59,free_5min
467.465,174,643,0,0,59,free_5min
467.544,176,643,0,0,59,free_5min
467.644,176,643,0,0,59,free_5min
467.663,177,642,0,0,59,free_5min
467.730,180,645,0,0,59,free_5min
467.809,181,644,0,0,60,free_5min
467.843,181,644,0,0,60,free_5min
467.930,182,645,0,0,60,free_5min
467.988,182,646,0,0,61,free_5min
468.028,182,646,0,0,61,free_5min
468.123,183,647,0,0,62,free_5min
468.175,186,648,0,0,62,free_5min
468.238,186,652,0,0,62,free_5min
468.300,186,652,0,0,65,free_5min
468.366,183,659,8,0,65,free_5min
468.397,180,667,0,0,64,free_5min
468.504,180,667,0,0,64,free_5min
468.544,173,674,0,0,64,free_5min
468.590,158,685,0,0,65,free_5min
468.661,168,683,8,0,66,free_5min
468.726,168,683,8,0,66,free_5min
468.790,177,678,0,0,66,free_5min
468.837,184,671,8,0,66,free_5min
468.945,184,671,8,0,66,free_5min
468.964,190,668,0,0,67,free_5min
469.029,195,667,0,0,67,free_5min
469.101,195,667,0,33,0,free_5min
469.144,196,666,8,0,72,free_5min
469.212,196,664,8,0,72,free_5min
469.399,196,664,8,31,0,free_5min
469.399,196,666,8,31,0,free_5min
469.399,199,670,8,0,72,free_5min
469.466,199,670,8,0,72,free_5min
469.510,200,676,0,0,72,free_5min
469.586,196,678,8,0,70,free_5min
469.648,196,678,8,0,70,free_5min
469.707,192,679,8,0,68,free_5min
469.765,187,683,8,0,65,free_5min
469.842,187,683,8,0,65,free_5min
469.879,187,688,0,0,64,free_5min
469.946,190,692,0,0,64,free_5min
470.025,190,692,0,0,64,free_5min
470.059,194,697,0,0,64,free_5min
470.147,198,703,0,0,61,free_5min
470.212,204,706,0,0,61,free_5min
470.279,204,706,0,0,60,free_5min
470.364,212,709,0,0,60,free_5min
470.391,221,708,0,0,58,free_5min
470.446,227,709,0,0,56,free_5min
470.516,227,709,0,0,56,free_5min
470.600,231,719,0,0,54,free_5min
470.627,231,737,0,0,54,free_5min
470.705,231,737,0,0,54,free_5min
470.785,230,756,0,0,53,free_5min
470.808,224,805,0,0,53,free_5min
470.890,235,821,0,0,51,free_5min
470.955,235,821,0,0,51,free_5min
470.989,235,821,0,0,50,free_5min
471.084,233,813,-8,0,49,free_5min
471.182,233,813,-8,0,49,free_5min
471.182,232,794,8,0,47,free_5min
471.249,227,729,8,0,46,free_5min
471.328,227,729,8,0,46,free_5min
471.362,224,713,0,0,46,free_5min
471.452,224,715,0,0,45,free_5min
471.508,224,715,0,0,45,free_5min
471.553,225,724,0,0,45,free_5min
471.627,236,761,0,0,45,free_5min
471.699,236,761,0,0,44,free_5min
471.763,278,873,0,0,43,free_5min
471.835,312,966,0,0,43,free_5min
471.891,312,966,0,0,43,free_5min
471.913,312,967,0,0,43,free_5min
471.994,305,957,0,0,42,free_5min
472.062,305,957,0,0,42,free_5min
472.107,305,919,0,0,41,free_5min
472.176,320,878,0,0,40,free_5min
472.270,320,878,0,0,40,free_5min
472.298,329,836,0,0,38,free_5min
472.367,329,798,0,0,38,free_5min
472.474,324,774,0,0,38,free_5min
472.474,324,774,0,0,38,free_5min
472.579,320,758,0,0,37,free_5min
472.621,321,748,0,0,37,free_5min
472.676,324,740,0,0,36,free_5min
472.731,324,740,0,0,35,free_5min
472.838,324,744,0,0,35,free_5min
472.856,320,751,0,0,34,free_5min
472.922,320,751,0,0,34,free_5min
472.996,319,760,0,0,31,free_5min
473.037,318,762,0,0,27,free_5min
473.132,318,762,0,0,27,free_5min
473.177,317,760,0,0,26,free_5min
473.224,315,754,0,0,26,free_5min
473.296,309,735,0,0,25,free_5min
473.358,309,735,0,0,25,free_5min
473.430,299,718,0,0,26,free_5min
473.482,288,701,0,0,26,free_5min
473.551,288,701,0,0,26,free_5min
473.592,287,692,0,0,26,free_5min
473.675,285,691,0,0,27,free_5min
473.728,285,691,0,0,27,free_5min
473.780,292,691,0,0,26,free_5min
473.851,296,696,0,0,26,free_5min
473.919,296,696,0,0,26,free_5min
473.962,300,698,-8,0,27,free_5min
474.034,300,701,0,0,27,free_5min
474.106,300,701,0,0,28,free_5min
474.143,297,704,-8,21,0,free_5min
474.242,294,704,0,21,0,free_5min
474.285,294,704,0,32,0,free_5min
474.328,293,703,0,32,0,free_5min
474.404,293,701,-8,33,0,free_5min
474.486,293,701,-8,0,42,free_5min
474.511,293,699,-8,0,42,free_5min
474.598,291,697,0,0,44,free_5min
474.671,288,695,0,0,44,free_5min
474.709,288,695,0,0,47,free_5min
474.772,289,693,-8,0,47,free_5min
474.859,290,689,-56,0,47,free_5min
474.891,288,686,0,0,48,free_5min
474.957,288,686,0,0,48,free_5min
475.027,289,682,0,0,48,free_5min
475.065,289,675,-112,0,49,free_5min
475.153,289,675,-112,0,50,free_5min
475.213,288,672,8,0,50,free_5min
475.249,285,671,-16,0,51,free_5min
475.329,285,671,-16,0,51,free_5min
475.402,279,671,-8,0,51,free_5min
475.444,271,672,-8,0,52,free_5min
475.510,264,672,0,0,52,free_5min
475.587,264,672,0,0,53,free_5min
475.621,257,676,0,0,53,free_5min
475.692,251,680,0,0,52,free_5min
475.768,251,680,0,0,53,free_5min
475.810,243,697,0,0,53,free_5min
475.890,233,714,0,0,53,free_5min
476.463,233,714,0,0,53,free_5min
476.463,226,727,0,0,52,free_5min
476.463,222,726,0,0,53,free_5min
476.463,222,726,0,0,53,free_5min
476.463,215,720,0,0,53,free_5min
476.463,212,711,0,0,53,free_5min
476.463,212,711,0,0,53,free_5min
476.463,216,700,0,0,53,free_5min
476.463,240,667,0,0,53,free_5min
476.520,240,667,0,0,53,free_5min
476.588,270,642,0,0,53,free_5min
476.630,290,622,0,0,53,free_5min
476.735,290,622,0,0,54,free_5min
476.735,294,615,0,0,54,free_5min
476.846,288,617,0,0,54,free_5min
476.927,272,623,0,0,54,free_5min
476.927,272,623,0,0,54,free_5min
477.095,252,634,0,0,54,free_5min
477.095,190,665,16,0,54,free_5min
477.115,190,665,16,0,54,free_5min
477.187,169,661,8,0,54,free_5min
477.256,166,658,8,0,54,free_5min
477.290,167,651,56,0,54,free_5min
477.385,167,651,56,0,54,free_5min
477.434,171,645,8,0,54,free_5min
477.481,170,643,0,0,55,free_5min
477.557,170,643,0,0,55,free_5min
477.628,167,643,0,0,55,free_5min
477.677,163,643,0,0,54,free_5min
477.735,153,645,0,0,55,free_5min
477.816,153,645,0,0,55,free_5min
477.866,145,647,8,0,55,free_5min
477.967,142,647,0,0,55,free_5min
477.997,142,647,0,0,54,free_5min
478.027,141,648,0,0,56,free_5min
478.314,140,648,0,0,56,free_5min
478.314,140,648,0,0,55,free_5min
478.314,140,646,0,0,55,free_5min
478.314,144,640,0,0,52,free_5min
478.374,144,640,0,0,52,free_5min
478.408,146,634,0,0,50,free_5min
478.490,150,634,0,0,51,free_5min
478.565,150,634,0,0,51,free_5min
478.654,149,638,0,0,51,free_5min
478.666,149,645,0,0,51,free_5min
478.767,149,645,0,0,51,free_5min
478.778,149,649,0,0,52,free_5min
478.856,149,648,0,0,54,free_5min
478.966,149,648,0,0,54,free_5min
478.966,143,648,0,0,55,free_5min
479.060,139,652,0,0,56,free_5min
479.114,135,655,0,0,56,free_5min
479.147,135,655,0,0,57,free_5min
479.267,130,658,0,0,57,free_5min
479.300,127,662,0,0,58,free_5min
479.337,127,662,0,0,59,free_5min
479.401,125,664,0,0,59,free_5min
479.480,125,667,0,0,60,free_5min
479.521,124,669,0,0,60,free_5min
479.653,124,669,0,0,61,free_5min
479.664,123,671,0,0,61,free_5min
479.699,120,673,0,0,63,free_5min
479.777,120,673,0,0,64,free_5min
479.841,114,677,0,0,64,free_5min
479.884,106,680,0,0,65,free_5min
479.967,93,687,0,0,67,free_5min
480.037,93,687,0,0,67,free_5min
480.070,72,694,0,0,68,free_5min
480.139,3,716,0,0,70,free_5min
480.225,3,716,0,0,70,free_5min
480.251,-58,736,0,0,72,free_5min
480.324,-101,745,0,0,72,free_5min
480.396,-101,745,0,0,74,free_5min
480.462,-106,745,0,0,75,free_5min
480.507,-104,745,0,0,75,free_5min
480.582,-104,745,0,0,75,free_5min
480.643,-98,745,0,0,75,free_5min
480.698,-93,745,0,0,76,free_5min
480.769,-93,745,0,0,76,free_5min
480.830,-92,741,0,0,76,free_5min
480.892,-94,739,0,0,77,free_5min
480.958,-94,739,0,0,77,free_5min
481.005,-99,737,0,0,78,free_5min
481.068,-102,735,0,0,78,free_5min
481.148,-102,735,0,0,78,free_5min
481.198,-95,725,0,0,79,free_5min
481.273,-59,702,0,0,79,free_5min
481.330,-13,683,8,0,79,free_5min
481.365,-13,683,8,0,78,free_5min
481.448,66,656,0,0,77,free_5min
481.520,120,617,8,0,77,free_5min
481.554,120,617,8,0,76,free_5min
481.634,141,606,0,0,76,free_5min
481.694,154,600,0,0,75,free_5min
481.740,158,598,0,0,74,free_5min
481.811,158,598,0,0,74,free_5min
481.885,168,612,0,0,73,free_5min
481.919,176,619,0,0,73,free_5min
481.991,176,619,0,0,72,free_5min
482.072,184,621,0,0,70,free_5min
482.105,193,620,0,0,70,free_5min
482.181,193,620,0,0,68,free_5min
482.258,202,616,0,0,68,free_5min
482.296,207,611,0,0,66,free_5min
482.362,201,614,0,0,65,free_5min
482.450,201,614,0,0,65,free_5min
482.499,198,615,0,0,63,free_5min
482.568,197,617,0,0,62,free_5min
482.625,197,617,0,0,62,free_5min
482.667,197,619,0,0,61,free_5min
482.747,197,619,0,0,59,free_5min
482.818,197,619,0,0,59,free_5min
482.851,194,618,0,0,58,free_5min
482.930,186,619,0,0,58,free_5min
483.001,186,619,0,0,56,free_5min
483.035,171,619,0,0,55,free_5min
483.106,156,619,0,0,55,free_5min
483.196,156,619,0,0,55,free_5min
483.224,146,620,0,0,55,free_5min
483.297,142,622,0,0,54,free_5min
483.371,142,622,0,0,53,free_5min
483.402,145,628,0,0,53,free_5min
483.478,148,631,0,0,51,free_5min
483.556,150,634,0,0,51,free_5min
483.589,150,634,0,0,50,free_5min
483.661,151,637,0,0,48,free_5min
483.761,151,639,0,0,48,free_5min
483.774,151,639,0,0,47,free_5min
483.855,146,642,0,0,46,free_5min
483.933,137,646,0,0,46,free_5min
483.980,125,650,0,0,45,free_5min
484.042,125,650,0,0,44,free_5min
484.118,114,654,0,0,44,free_5min
484.152,102,652,0,0,43,free_5min
484.215,102,652,0,0,43,free_5min
484.296,97,650,0,0,42,free_5min
484.335,98,657,0,0,41,free_5min
484.401,98,657,0,0,41,free_5min
484.475,98,662,0,0,40,free_5min
484.516,91,664,0,0,40,free_5min
484.587,83,665,0,0,39,free_5min
484.659,83,665,0,0,39,free_5min
484.711,80,665,0,0,38,free_5min
484.773,78,668,-8,0,38,free_5min
484.856,78,668,-8,0,38,free_5min
484.890,80,672,-8,0,39,free_5min
484.968,80,678,-8,0,39,free_5min
485.055,80,678,-8,0,39,free_5min
485.088,80,680,-8,0,39,free_5min
485.145,83,679,-16,0,39,free_5min
485.225,83,679,-16,0,39,free_5min
485.261,85,678,-16,0,39,free_5min
485.329,90,678,-8,0,40,free_5min
485.406,90,678,-8,0,40,free_5min
485.464,98,676,0,0,39,free_5min
485.514,109,668,8,0,39,free_5min
485.616,109,668,8,0,39,free_5min
485.633,115,666,8,0,39,free_5min
485.724,135,653,16,0,39,free_5min
485.777,135,653,16,0,40,free_5min
485.845,147,649,8,0,40,free_5min
485.887,153,643,8,0,42,free_5min
485.959,149,643,8,0,42,free_5min
486.026,149,643,8,0,42,free_5min
486.083,148,644,8,0,42,free_5min
486.153,143,646,8,0,42,free_5min
486.198,143,646,8,0,41,free_5min
486.262,140,645,-8,0,42,free_5min
486.337,142,647,0,0,42,free_5min
486.410,143,645,0,0,42,free_5min
486.451,143,645,0,0,44,free_5min
486.527,142,641,0,0,44,free_5min
486.554,144,632,0,0,45,free_5min
486.624,144,632,0,0,45,free_5min
486.709,151,620,0,0,46,free_5min
486.744,172,584,0,0,48,free_5min
486.814,202,560,0,0,48,free_5min
486.895,202,560,0,0,49,free_5min
486.934,232,565,0,0,49,free_5min
487.003,255,572,0,0,49,free_5min
487.092,255,572,0,0,48,free_5min
487.114,279,584,0,0,48,free_5min
487.201,290,598,0,0,48,free_5min
487.263,290,598,0,0,48,free_5min
487.325,237,613,0,0,48,free_5min
487.392,164,630,0,0,48,free_5min
487.446,164,630,0,0,48,free_5min
487.483,35,674,0,0,48,free_5min
487.568,-24,707,0,0,48,free_5min
487.633,-24,707,0,0,48,free_5min
487.668,-35,744,0,0,48,free_5min
487.744,-40,759,0,0,48,free_5min
487.821,-40,759,0,0,48,free_5min
487.855,-33,784,0,0,47,free_5min
487.927,-34,794,0,0,47,free_5min
487.997,-34,794,0,0,47,free_5min
488.046,-26,816,0,0,47,free_5min
488.104,10,863,0,0,47,free_5min
488.182,86,947,0,0,47,free_5min
488.237,86,947,0,0,47,free_5min
488.293,50,886,0,0,46,free_5min
488.396,37,847,0,0,46,free_5min
488.408,37,847,0,0,46,free_5min
488.484,77,804,0,0,46,free_5min
488.560,162,742,0,0,46,free_5min
488.595,214,725,0,0,46,free_5min
488.661,214,725,0,0,47,free_5min
488.736,236,724,0,0,47,free_5min
488.783,245,733,0,0,47,free_5min
488.852,245,733,0,0,48,free_5min
488.926,247,742,0,0,48,free_5min
488.972,248,751,0,0,48,free_5min
489.053,249,757,0,0,48,free_5min
489.131,249,757,0,0,48,free_5min
489.213,250,757,0,0,48,free_5min
489.223,242,757,0,0,48,free_5min
489.324,242,757,0,0,48,free_5min
489.349,235,754,-8,0,48,free_5min
489.426,227,752,0,0,48,free_5min
489.494,227,752,0,0,48,free_5min
489.516,219,753,0,0,48,free_5min
489.592,213,755,0,0,48,free_5min
489.668,213,755,0,0,48,free_5min
489.701,212,756,0,0,48,free_5min
489.814,217,754,0,0,46,free_5min
489.852,217,754,0,0,46,free_5min
489.894,229,748,0,0,44,free_5min
489.980,244,738,0,0,44,free_5min
490.039,244,738,0,0,44,free_5min
490.094,301,698,0,0,43,free_5min
490.167,346,669,0,0,44,free_5min
490.249,346,669,0,0,44,free_5min
490.273,353,663,0,0,44,free_5min
490.334,352,665,0,0,43,free_5min
490.412,352,666,0,0,43,free_5min
490.445,352,666,0,0,41,free_5min
490.515,348,670,0,0,41,free_5min
490.611,361,668,0,0,40,free_5min
490.635,361,668,0,0,38,free_5min
490.720,375,665,0,0,38,free_5min
490.781,369,669,0,0,37,free_5min
490.820,358,676,0,0,37,free_5min
490.903,358,676,0,0,36,free_5min
490.968,348,681,0,0,36,free_5min
491.007,336,690,0,0,36,free_5min
491.090,336,690,0,0,37,free_5min
491.150,304,713,0,0,37,free_5min
491.194,279,726,0,0,38,free_5min
491.266,263,729,0,0,39,free_5min
491.335,263,729,0,0,39,free_5min
491.380,260,727,0,0,40,free_5min
491.452,260,724,0,0,41,free_5min
491.521,260,724,0,0,41,free_5min
491.558,257,716,0,0,41,free_5min
491.651,252,703,8,0,41,free_5min
491.734,252,703,8,0,41,free_5min
491.753,248,691,-8,0,42,free_5min
491.825,242,690,-8,0,42,free_5min
491.888,242,690,-8,0,44,free_5min
491.933,236,691,-8,0,44,free_5min
492.004,233,698,-16,0,44,free_5min
492.080,233,698,-16,0,44,free_5min
492.118,231,705,-8,0,44,free_5min
492.201,230,704,-16,0,46,free_5min
492.284,230,704,-16,0,46,free_5min
492.295,232,698,0,0,47,free_5min
492.379,231,692,-8,0,48,free_5min
492.451,231,692,-8,0,48,free_5min
492.489,231,690,-8,0,49,free_5min
492.569,229,688,8,0,49,free_5min
492.630,227,685,0,0,49,free_5min
492.680,227,685,0,28,0,free_5min
492.746,229,682,0,27,0,free_5min
492.815,227,680,0,27,0,free_5min
492.865,228,681,0,0,53,free_5min
492.952,228,681,0,0,53,free_5min
493.008,226,679,0,0,53,free_5min
493.044,225,680,0,0,51,free_5min
493.114,225,680,0,0,51,free_5min
493.199,219,685,-8,0,50,free_5min
493.255,215,689,0,0,50,free_5min
493.307,215,689,0,0,50,free_5min
493.374,214,690,-8,0,50,free_5min
493.449,212,687,-8,0,50,free_5min
493.484,208,683,0,0,52,free_5min
493.571,208,683,0,0,52,free_5min
493.604,205,680,0,18,0,free_5min
493.674,209,685,0,0,56,free_5min
493.761,209,685,0,0,56,free_5min
493.783,213,689,0,0,57,free_5min
493.874,220,695,0,0,58,free_5min
493.929,220,695,0,0,58,free_5min
493.967,227,698,0,0,57,free_5min
494.050,234,695,0,0,57,free_5min
494.123,234,695,0,0,57,free_5min
494.158,241,689,0,0,56,free_5min
494.240,243,684,0,0,56,free_5min
494.294,243,684,0,0,56,free_5min
494.352,244,679,0,0,56,free_5min
494.408,242,677,0,0,56,free_5min
494.491,242,677,0,0,56,free_5min
494.526,237,676,0,0,56,free_5min
494.597,229,677,0,0,56,free_5min
494.668,229,677,0,0,56,free_5min
494.716,232,701,0,0,56,free_5min
494.780,236,725,0,0,56,free_5min
494.863,210,738,0,0,56,free_5min
494.897,210,738,0,0,57,free_5min
494.967,198,744,0,0,57,free_5min
495.048,190,744,0,0,57,free_5min
495.083,190,744,0,0,57,free_5min
495.154,185,745,0,0,57,free_5min
495.234,183,747,0,0,57,free_5min
495.268,178,748,0,0,58,free_5min
495.346,178,748,0,0,59,free_5min
495.412,168,743,-8,0,59,free_5min
495.457,161,736,0,0,61,free_5min
495.531,161,736,0,0,61,free_5min
495.621,146,711,0,0,62,free_5min
495.643,135,678,0,0,63,free_5min
495.751,129,650,0,0,63,free_5min
495.784,129,650,0,0,64,free_5min
495.843,110,646,0,0,64,free_5min
495.900,86,668,0,0,64,free_5min
495.971,86,668,0,0,64,free_5min
496.010,80,675,0,0,64,free_5min
496.077,60,682,0,0,64,free_5min
496.150,60,682,0,0,64,free_5min
496.189,50,691,0,0,65,free_5min
496.268,34,687,0,0,64,free_5min
496.358,34,687,0,0,64,free_5min
496.386,0,663,0,0,64,free_5min
496.447,-30,640,0,0,65,free_5min
496.534,-30,640,0,0,65,free_5min
496.557,-40,612,0,0,65,free_5min
496.630,-24,604,0,0,63,free_5min
496.709,-24,604,0,0,63,free_5min
496.743,-9,600,0,0,63,free_5min
496.824,35,588,0,0,63,free_5min
496.894,35,588,0,0,63,free_5min
496.969,68,584,0,0,64,free_5min
497.015,92,584,0,0,64,free_5min
497.095,115,586,0,0,66,free_5min
497.117,115,586,0,0,66,free_5min
497.196,127,580,0,0,68,free_5min
497.275,133,570,0,0,69,free_5min
497.308,133,570,0,0,69,free_5min
497.378,139,551,0,0,70,free_5min
497.466,154,537,0,0,70,free_5min
497.510,175,528,0,0,72,free_5min
497.580,175,528,0,0,73,free_5min
497.643,184,529,0,0,73,free_5min
497.680,191,542,0,0,73,free_5min
497.752,191,542,0,0,74,free_5min
497.820,207,558,0,0,74,free_5min
497.855,213,570,0,0,75,free_5min
497.938,213,570,0,0,74,free_5min
498.010,221,599,-8,0,74,free_5min
498.043,216,625,0,0,73,free_5min
498.116,191,639,-8,0,73,free_5min
498.201,191,639,-8,0,74,free_5min
498.235,152,628,-8,0,74,free_5min
498.307,116,618,-8,0,75,free_5min
498.377,116,618,-8,0,76,free_5min
498.411,110,614,0,0,76,free_5min
498.488,113,613,0,0,80,free_5min
498.569,113,613,0,0,80,free_5min
498.592,114,612,-8,0,80,free_5min
498.677,114,611,-16,0,81,free_5min
498.753,114,611,-16,0,81,free_5min
498.787,114,610,-16,0,82,free_5min
498.851,115,610,-16,0,83,free_5min
498.932,115,610,-16,0,83,free_5min
498.979,117,611,-16,32,0,free_5min
499.044,120,612,-16,0,85,free_5min
499.121,120,612,-16,0,85,free_5min
499.161,120,608,-8,0,86,free_5min
499.229,114,602,-16,0,86,free_5min
499.305,104,593,-8,32,0,free_5min
499.343,104,593,-8,33,0,free_5min
499.423,94,584,-8,33,0,free_5min
499.501,61,560,0,0,93,free_5min
499.524,61,560,0,0,93,free_5min
499.596,29,538,8,0,94,free_5min
499.678,0,519,0,0,96,free_5min
499.716,-20,505,0,0,96,free_5min
499.790,-20,505,0,0,97,free_5min
499.859,-35,496,0,0,97,free_5min
499.899,-42,484,0,0,98,free_5min
499.968,-42,484,0,0,98,free_5min
500.037,-44,478,0,0,98,free_5min
500.088,-45,474,0,0,98,free_5min
500.158,-45,474,0,0,98,free_5min
500.242,-45,472,0,0,98,free_5min
500.286,-41,474,0,0,99,free_5min
500.348,-37,479,0,0,99,free_5min
500.413,-37,479,0,0,99,free_5min
500.451,-35,482,0,0,100,free_5min
500.519,-36,483,0,0,100,free_5min
500.595,-36,483,0,0,100,free_5min
500.639,-39,481,0,0,100,free_5min
500.711,-42,481,0,0,100,free_5min
500.778,-42,481,0,0,99,free_5min
500.824,-44,480,0,0,99,free_5min
500.890,-47,478,0,0,98,free_5min
500.961,-47,478,0,0,96,free_5min
501.005,-49,478,0,0,96,free_5min
501.096,-45,479,0,0,94,free_5min
501.151,-45,479,0,0,94,free_5min
501.199,-44,477,0,0,92,free_5min
501.266,-48,472,0,0,90,free_5min
501.357,-48,472,0,0,90,free_5min
501.383,-52,467,0,0,88,free_5min
501.464,-47,464,0,0,86,free_5min
501.543,-47,464,0,0,86,free_5min
501.567,-42,462,-8,0,84,free_5min
501.641,-38,465,0,0,83,free_5min
501.715,-36,465,0,0,83,free_5min
501.747,-36,465,0,0,81,free_5min
501.831,-40,463,0,0,81,free_5min
501.900,-45,458,0,0,80,free_5min
501.942,-45,458,0,0,80,free_5min
502.015,-51,454,0,0,80,free_5min
502.080,-55,451,0,0,80,free_5min
502.124,-59,450,0,0,80,free_5min
502.194,-59,450,0,0,78,free_5min
502.266,-60,454,0,0,77,free_5min
502.311,-54,457,0,0,77,free_5min
502.375,-54,457,0,0,75,free_5min
502.457,-51,460,0,0,75,free_5min
502.492,-53,459,8,0,75,free_5min
502.573,-58,457,0,0,77,free_5min
502.629,-58,457,0,0,77,free_5min
502.674,-64,454,8,0,78,free_5min
502.746,-69,450,8,0,80,free_5min
502.815,-69,450,8,0,80,free_5min
502.860,-70,449,0,0,79,free_5min
502.929,-71,447,8,0,81,free_5min
502.999,-71,447,8,0,81,free_5min
503.059,-67,450,0,0,81,free_5min
503.138,-59,454,0,0,81,free_5min
503.189,-59,454,0,0,84,free_5min
503.232,-50,461,0,0,81,free_5min
503.304,-43,468,8,0,81,free_5min
503.381,-43,468,8,0,78,free_5min
503.415,-32,474,8,0,78,free_5min
503.495,-9,487,8,0,76,free_5min
503.559,-9,487,8,0,76,free_5min
503.605,4,495,8,0,75,free_5min
503.677,9,496,8,0,78,free_5min
503.743,9,496,8,0,78,free_5min
503.794,13,499,8,0,78,free_5min
503.864,19,506,0,0,76,free_5min
503.927,27,513,0,0,76,free_5min
503.975,27,513,0,0,77,free_5min
504.043,35,517,0,0,80,free_5min
504.113,40,516,0,0,80,free_5min
504.164,40,516,0,0,84,free_5min
504.246,38,513,0,0,84,free_5min
504.305,30,512,0,0,87,free_5min
504.351,20,510,0,0,87,free_5min
504.412,20,510,0,0,87,free_5min
504.495,7,507,0,0,86,free_5min
504.532,-3,504,0,0,86,free_5min
504.602,-3,504,0,0,86,free_5min
504.672,-14,500,0,0,86,free_5min
504.720,-38,493,0,0,86,free_5min
504.785,-38,493,0,0,89,free_5min
504.853,-47,492,-8,0,89,free_5min
504.900,-56,492,-8,0,91,free_5min
504.971,-60,493,0,0,95,free_5min
505.051,-60,493,0,0,95,free_5min
505.085,-56,493,0,0,100,free_5min
505.167,-53,491,0,0,100,free_5min
505.225,-53,491,0,0,100,free_5min
505.273,-56,489,8,55,0,free_5min
505.351,-59,491,8,31,0,free_5min
505.411,-59,491,8,31,0,free_5min
505.470,-55,494,-8,0,100,free_5min
505.529,-45,494,0,0,100,free_5min
505.599,-45,494,0,0,100,free_5min
505.681,-36,495,0,0,100,free_5min
505.713,-26,498,0,0,100,free_5min
505.793,-26,498,0,0,100,free_5min
505.823,-8,502,0,0,100,free_5min
505.893,32,511,0,0,100,free_5min
505.971,32,511,0,0,100,free_5min
506.004,53,528,0,0,100,free_5min
506.084,64,535,0,0,100,free_5min
506.151,64,535,0,0,100,free_5min
506.200,65,536,0,0,100,free_5min
506.264,69,535,0,0,100,free_5min
506.337,70,532,0,0,100,free_5min
506.385,70,532,0,0,100,free_5min
506.468,68,530,0,0,100,free_5min
506.534,62,532,0,0,100,free_5min
506.579,62,532,0,0,100,free_5min
506.638,48,545,0,0,100,free_5min
506.711,33,557,-8,0,100,free_5min
506.758,17,576,0,0,100,free_5min
506.817,17,576,0,0,100,free_5min
506.909,19,577,0,0,100,free_5min
506.943,24,575,0,0,100,free_5min
507.002,24,575,0,0,100,free_5min
507.073,27,575,0,0,100,free_5min
507.119,26,579,0,0,100,free_5min
507.196,27,587,0,0,100,free_5min
507.266,27,587,0,0,100,free_5min
507.304,29,595,0,0,100,free_5min
507.383,35,601,0,0,100,free_5min
507.454,35,601,0,0,100,free_5min
507.501,40,607,0,0,100,free_5min
507.571,42,617,0,0,100,free_5min
507.641,42,617,0,0,100,free_5min
507.677,44,628,0,0,100,free_5min
507.748,53,652,8,0,100,free_5min
507.832,53,652,8,0,100,free_5min
507.866,54,663,24,0,100,free_5min
507.937,57,663,16,0,100,free_5min
508.003,57,663,16,0,100,free_5min
508.047,55,659,16,0,100,free_5min
508.133,52,659,16,0,100,free_5min
508.191,52,659,16,0,100,free_5min
508.235,49,660,8,22,0,free_5min
508.307,47,660,8,22,0,free_5min
508.380,47,660,8,0,100,free_5min
508.418,49,662,8,0,100,free_5min
508.490,53,662,8,0,100,free_5min
508.570,56,659,0,0,100,free_5min
508.614,56,659,0,0,100,free_5min
508.674,54,658,0,0,100,free_5min
508.744,52,658,0,0,100,free_5min
508.782,52,658,0,0,100,free_5min
508.863,50,662,0,0,100,free_5min
508.933,44,666,0,0,100,free_5min
508.976,39,669,0,0,100,free_5min
509.049,39,669,0,0,97,free_5min
509.122,46,669,0,0,97,free_5min
509.161,56,669,0,0,94,free_5min
509.229,56,669,0,0,90,free_5min
509.314,71,671,0,0,90,free_5min
509.377,88,673,0,0,85,free_5min
509.421,147,679,0,0,85,free_5min
509.492,147,679,0,0,83,free_5min
509.526,160,681,0,0,83,free_5min
509.597,173,687,0,0,82,free_5min
509.685,173,687,0,0,81,free_5min
509.709,184,691,0,0,81,free_5min
509.789,194,700,0,0,82,free_5min
509.871,194,700,0,0,82,free_5min
509.894,205,714,0,0,82,free_5min
509.978,215,737,0,0,82,free_5min
510.056,215,737,0,0,82,free_5min
510.079,241,814,0,0,84,free_5min
510.151,258,876,0,0,83,free_5min
510.244,258,876,0,0,83,free_5min
510.279,254,888,0,0,83,free_5min
510.339,243,888,0,0,82,free_5min
510.414,243,888,0,0,82,free_5min
510.481,228,881,0,0,82,free_5min
510.524,188,860,0,0,82,free_5min
510.599,188,860,0,0,82,free_5min
510.635,135,824,0,0,82,free_5min
510.718,22,739,0,0,82,free_5min
510.778,-83,653,0,0,82,free_5min
510.822,-83,653,0,0,82,free_5min
510.919,-148,619,0,0,82,free_5min
510.974,-155,621,0,0,82,free_5min
511.016,-155,621,0,0,82,free_5min
511.093,-142,630,0,0,83,free_5min
511.186,-139,635,0,0,83,free_5min
511.210,-134,643,0,0,83,free_5min
511.300,-134,643,0,0,83,free_5min
511.340,-124,646,-8,0,83,free_5min
511.390,-118,647,0,0,83,free_5min
511.458,-118,647,0,0,81,free_5min
511.532,-107,647,0,0,81,free_5min
511.603,-98,649,0,0,79,free_5min
511.639,-90,651,0,0,74,free_5min
511.717,-90,651,0,0,74,free_5min
511.751,-85,658,0,0,75,free_5min
511.822,-78,662,0,0,75,free_5min
511.907,-78,662,0,0,73,free_5min
511.946,-74,664,0,0,72,free_5min
512.034,-70,665,0,0,72,free_5min
512.086,-70,665,0,0,72,free_5min
512.129,-66,667,0,0,72,free_5min
512.217,-63,669,0,0,71,free_5min
512.261,-63,669,0,0,73,free_5min
512.301,-60,670,0,0,73,free_5min
512.379,-50,671,0,0,74,free_5min
512.447,-50,671,0,0,74,free_5min
512.495,-42,669,0,21,0,free_5min
512.568,-29,668,-8,0,74,free_5min
512.638,-29,668,-8,0,74,free_5min
512.675,-15,666,-8,0,74,free_5min
512.748,9,667,-8,0,75,free_5min
512.829,9,667,-8,0,75,free_5min
512.863,19,665,-8,0,77,free_5min
512.955,28,665,-8,0,79,free_5min
513.031,34,665,-8,0,79,free_5min
513.046,34,665,-8,0,81,free_5min
513.137,34,665,0,0,81,free_5min
513.203,35,662,0,0,80,free_5min
513.239,35,662,0,0,82,free_5min
513.308,28,657,-8,0,82,free_5min
513.387,16,651,-8,0,84,free_5min
513.421,10,645,0,0,84,free_5min
513.490,10,645,0,0,86,free_5min
513.573,10,641,0,0,87,free_5min
513.628,18,637,0,0,87,free_5min
513.685,18,637,0,0,85,free_5min
513.771,24,633,0,0,85,free_5min
513.786,29,634,0,0,84,free_5min
513.870,29,634,0,0,86,free_5min
513.929,35,636,0,0,86,free_5min
513.974,38,635,0,0,88,free_5min
514.049,37,632,0,0,90,free_5min
514.119,37,632,0,0,90,free_5min
514.166,33,625,0,0,91,free_5min
514.233,29,618,0,0,91,free_5min
514.305,29,618,0,0,92,free_5min
514.368,26,616,0,0,92,free_5min
514.412,21,616,0,0,92,free_5min
514.503,21,616,0,0,93,free_5min
514.536,18,617,0,0,93,free_5min
514.602,11,616,0,0,93,free_5min
514.689,11,616,0,0,92,free_5min
514.712,1,613,0,0,92,free_5min
514.781,-9,609,0,0,93,free_5min
514.865,-9,609,0,0,93,free_5min
514.898,-17,607,0,0,94,free_5min
514.971,-23,606,0,0,94,free_5min
515.058,-23,606,0,0,94,free_5min
515.081,-27,605,0,0,95,free_5min
515.156,-31,601,0,0,95,free_5min
515.225,-31,601,0,0,95,free_5min
515.269,-33,599,0,0,95,free_5min
515.338,-31,598,0,0,95,free_5min
515.427,-30,596,0,0,95,free_5min
515.449,-30,596,0,0,95,free_5min
515.521,-34,593,0,0,95,free_5min
515.606,-43,587,0,0,95,free_5min
515.639,-43,587,0,0,96,free_5min
515.712,-53,581,0,0,96,free_5min
515.781,-61,577,0,0,96,free_5min
515.826,-66,573,0,0,96,free_5min
515.898,-66,573,0,0,97,free_5min
515.970,-71,568,0,0,98,free_5min
516.004,-76,563,0,0,98,free_5min
516.085,-76,563,0,0,99,free_5min
516.168,-79,561,0,0,99,free_5min
516.191,-82,559,0,0,98,free_5min
516.277,-82,559,0,0,96,free_5min
516.338,-80,559,0,0,96,free_5min
516.400,-76,562,0,0,94,free_5min
516.458,-74,565,0,0,95,free_5min
516.523,-74,565,0,0,95,free_5min
516.573,-69,571,0,0,95,free_5min
516.629,-67,574,0,0,96,free_5min
516.704,-67,574,0,0,96,free_5min
516.745,-71,570,0,0,94,free_5min
516.829,-78,564,0,0,94,free_5min
516.913,-78,564,0,0,92,free_5min
516.943,-85,557,0,0,90,free_5min
517.000,-94,549,0,0,90,free_5min
517.075,-94,549,0,0,85,free_5min
517.121,-100,547,0,0,85,free_5min
517.183,-110,545,0,0,84,free_5min
517.264,-110,545,0,0,84,free_5min
517.314,-117,544,0,0,81,free_5min
517.381,-110,550,8,0,83,free_5min
517.448,-110,550,8,0,83,free_5min
517.494,-98,555,16,0,81,free_5min
517.558,-84,559,8,0,79,free_5min
517.641,-35,566,0,0,79,free_5min
517.680,-35,566,0,0,82,free_5min
517.747,13,567,8,0,82,free_5min
517.830,81,567,8,0,82,free_5min
517.865,81,567,8,0,81,free_5min
517.969,91,572,16,0,79,free_5min
518.009,101,574,8,0,79,free_5min
518.042,103,577,8,0,77,free_5min
518.139,103,577,8,0,77,free_5min
518.188,98,579,0,0,78,free_5min
518.230,89,582,8,0,81,free_5min
518.300,89,582,8,0,81,free_5min
518.388,79,584,0,27,0,free_5min
518.411,70,591,0,27,0,free_5min
518.485,70,591,0,0,82,free_5min
518.567,67,598,-8,0,82,free_5min
518.613,68,605,0,0,83,free_5min
518.720,72,611,0,0,83,free_5min
518.755,72,611,0,0,83,free_5min
518.795,78,614,0,0,84,free_5min
518.898,86,616,0,0,84,free_5min
518.934,86,616,0,0,84,free_5min
518.980,90,618,0,0,84,free_5min
519.058,92,620,0,0,85,free_5min
519.118,92,620,0,0,85,free_5min
519.154,88,624,0,0,86,free_5min
519.228,84,627,0,0,86,free_5min
519.294,84,627,0,0,87,free_5min
519.344,83,628,0,0,89,free_5min
519.435,80,629,0,0,89,free_5min
519.491,80,629,0,0,92,free_5min
519.539,77,631,0,0,92,free_5min
519.614,74,634,0,0,93,free_5min
519.681,74,634,0,0,94,free_5min
519.716,70,638,0,0,94,free_5min
519.786,65,639,0,0,95,free_5min
519.924,65,639,0,0,95,free_5min
519.924,61,638,0,0,95,free_5min
519.978,57,639,0,0,95,free_5min
520.042,52,641,0,0,95,free_5min
520.096,52,641,0,0,96,free_5min
520.154,48,645,0,0,95,free_5min
520.234,56,658,0,0,95,free_5min
520.271,56,658,0,0,95,free_5min
520.354,66,669,0,0,94,free_5min
520.412,74,683,0,0,94,free_5min
520.446,100,725,0,0,93,free_5min
520.527,100,725,0,0,93,free_5min
520.606,125,765,0,0,92,free_5min
520.639,145,795,0,0,90,free_5min
520.711,145,795,0,0,90,free_5min
520.779,148,789,0,0,89,free_5min
520.816,145,781,0,0,89,free_5min
520.900,145,781,0,0,89,free_5min
520.966,145,771,-8,0,89,free_5min
521.031,140,762,-16,0,89,free_5min
521.078,138,755,-8,0,90,free_5min
521.173,138,755,-8,0,90,free_5min
521.194,137,750,-16,0,91,free_5min
521.269,138,744,-16,0,92,free_5min
521.331,138,744,-16,0,92,free_5min
521.391,135,736,-24,0,90,free_5min
521.455,131,729,-24,33,0,free_5min
521.521,131,729,-24,33,0,free_5min
521.570,127,723,-8,0,90,free_5min
521.647,127,716,0,0,88,free_5min
521.716,127,716,0,0,88,free_5min
521.759,129,713,-8,0,90,free_5min
521.832,131,709,0,0,90,free_5min
521.898,131,709,0,0,91,free_5min
521.931,129,703,0,0,90,free_5min
522.004,129,701,0,0,90,free_5min
522.086,129,701,0,0,90,free_5min
522.120,127,700,0,0,90,free_5min
522.189,126,695,0,0,88,free_5min
522.260,122,684,0,0,86,free_5min
522.304,122,684,0,0,86,free_5min
522.376,115,671,0,0,88,free_5min
522.448,90,627,0,0,88,free_5min
522.498,90,627,0,0,92,free_5min
522.570,82,594,8,0,92,free_5min
522.631,83,591,16,0,92,free_5min
522.684,88,592,32,40,0,free_5min
522.759,88,592,32,0,90,free_5min
522.823,92,595,39,0,90,free_5min
522.855,99,597,32,35,0,free_5min
522.936,99,597,32,23,0,free_5min
523.004,117,591,8,23,0,free_5min
523.048,132,574,24,22,0,free_5min
523.121,132,574,24,22,0,free_5min
523.189,138,562,32,0,84,free_5min
523.228,148,555,16,0,84,free_5min
523.296,151,560,16,0,83,free_5min
523.376,151,560,16,0,81,free_5min
523.415,150,557,8,0,81,free_5min
523.494,151,552,8,0,79,free_5min
523.566,151,552,8,0,77,free_5min
523.617,151,549,-8,0,77,free_5min
523.694,154,551,0,0,74,free_5min
523.755,154,551,0,0,74,free_5min
523.789,157,557,-8,0,73,free_5min
523.869,156,564,-24,26,0,free_5min
523.929,156,564,-24,26,0,free_5min
523.978,158,571,-24,0,69,free_5min
524.048,156,578,-39,0,68,free_5min
524.129,156,578,-39,0,68,free_5min
524.163,156,581,-56,0,67,free_5min
524.235,153,582,-48,0,66,free_5min
524.333,153,582,-48,0,66,free_5min
524.406,150,584,-48,0,66,free_5min
524.429,143,586,0,0,66,free_5min
524.494,137,589,-16,0,68,free_5min
524.554,137,589,-16,0,68,free_5min
524.603,127,591,16,0,68,free_5min
524.680,112,592,-8,17,0,free_5min
524.714,112,592,-8,17,0,free_5min
524.784,93,593,-8,16,0,free_5min
524.860,42,587,8,16,0,free_5min
524.910,10,585,16,0,70,free_5min
524.976,10,585,16,23,0,free_5min
525.048,-14,588,8,23,0,free_5min
525.090,-25,592,-8,0,71,free_5min
525.156,-25,592,-8,0,71,free_5min
525.255,-34,593,16,0,71,free_5min
525.278,-41,597,24,0,71,free_5min
525.356,-41,597,24,0,70,free_5min
525.420,-47,599,16,0,70,free_5min
525.454,-53,600,16,26,0,free_5min
525.536,-55,602,8,26,0,free_5min
525.612,-55,602,8,0,71,free_5min
525.638,-59,605,8,0,72,free_5min
525.711,-60,606,8,0,72,free_5min
525.791,-60,606,8,0,69,free_5min
525.824,-57,608,8,0,69,free_5min
525.927,-54,610,8,0,66,free_5min
525.984,-54,610,8,0,65,free_5min
526.010,-53,616,16,0,65,free_5min
526.084,-54,620,0,0,64,free_5min
526.155,-54,620,0,0,64,free_5min
526.206,-67,621,16,0,62,free_5min
526.262,-80,623,32,0,59,free_5min
526.341,-80,623,32,0,59,free_5min
526.393,-83,632,32,0,56,free_5min
526.449,-80,641,32,0,50,free_5min
526.531,-80,641,32,0,50,free_5min
526.564,-72,654,39,0,48,free_5min
526.635,-59,667,16,0,48,free_5min
526.722,-47,680,-8,0,48,free_5min
526.751,-47,680,-8,19,0,free_5min
526.832,-30,701,-16,19,0,free_5min
526.899,-25,708,-24,0,49,free_5min
526.954,-25,708,-24,0,50,free_5min
527.013,-19,716,-16,0,50,free_5min
527.076,-16,723,-8,0,50,free_5min
527.115,-16,723,-8,0,50,free_5min
527.196,-17,732,-8,0,50,free_5min
527.266,-24,735,-8,0,51,free_5min
527.303,-33,731,0,0,51,free_5min
527.374,-33,731,0,0,50,free_5min
527.473,-43,725,0,0,50,free_5min
527.498,-48,722,0,0,50,free_5min
527.589,-60,717,0,0,51,free_5min
527.647,-60,717,0,0,51,free_5min
527.678,-77,708,0,0,52,free_5min
527.755,-126,684,0,0,51,free_5min
527.826,-126,684,0,0,51,free_5min
527.864,-134,690,0,0,50,free_5min
527.935,-135,690,0,0,50,free_5min
528.014,-135,690,0,0,50,free_5min
528.065,-134,684,0,0,49,free_5min
528.139,-134,680,0,0,49,free_5min
528.195,-134,680,0,0,49,free_5min
528.230,-136,679,0,0,49,free_5min
528.312,-134,680,0,0,49,free_5min
528.380,-134,680,0,0,49,free_5min
528.426,-135,679,0,0,49,free_5min
528.499,-138,678,0,0,47,free_5min
528.561,-138,678,0,0,47,free_5min
528.614,-138,677,0,0,47,free_5min
528.676,-137,675,0,0,46,free_5min
528.769,-137,675,0,0,46,free_5min
528.792,-140,670,0,0,45,free_5min
528.867,-145,664,0,0,45,free_5min
528.947,-145,664,0,0,45,free_5min
528.971,-153,659,0,0,43,free_5min
529.047,-160,657,0,0,43,free_5min
529.129,-162,656,0,0,43,free_5min
529.167,-162,656,0,0,42,free_5min
529.250,-164,654,0,0,40,free_5min
529.329,-163,653,0,0,40,free_5min
529.352,-163,653,0,0,40,free_5min
529.435,-153,656,0,0,40,free_5min
529.497,-142,666,0,0,38,free_5min
529.535,-130,675,0,0,38,free_5min
529.609,-130,675,0,0,38,free_5min
529.690,-112,693,0,0,37,free_5min
529.723,-130,693,0,0,37,free_5min
529.793,-140,691,0,0,37,free_5min
529.874,-140,691,0,0,36,free_5min
529.907,-149,690,16,0,36,free_5min
529.980,-184,674,32,25,0,free_5min
530.056,-184,674,32,25,0,free_5min
530.093,-216,659,24,26,0,free_5min
530.173,-223,663,32,0,36,free_5min
530.234,-223,663,32,0,36,free_5min
530.280,-215,681,32,0,36,free_5min
530.361,-213,688,32,0,35,free_5min
530.435,-213,688,32,0,35,free_5min
530.458,-206,699,39,0,35,free_5min
530.532,-191,713,24,0,35,free_5min
530.607,-191,713,24,0,35,free_5min
530.670,-129,772,16,0,34,free_5min
530.718,18,870,16,0,34,free_5min
530.789,18,870,16,0,33,free_5min
530.824,135,964,8,0,32,free_5min
530.905,176,1026,8,0,32,free_5min
530.977,176,1026,8,0,31,free_5min
531.015,180,1071,8,0,31,free_5min
531.098,202,1104,0,0,30,free_5min
531.172,202,1104,0,0,30,free_5min
531.195,238,1117,-8,0,29,free_5min
531.269,269,1127,-8,0,29,free_5min
531.391,285,1140,-8,0,29,free_5min
531.391,285,1140,-8,0,30,free_5min
531.460,301,1146,-8,0,30,free_5min
531.616,327,1153,-8,0,30,free_5min
531.616,360,1153,-8,0,29,free_5min
531.805,360,1153,-8,0,30,free_5min
531.805,387,1154,-8,0,30,free_5min
531.805,380,1156,-8,0,30,free_5min
531.828,380,1156,-8,0,30,free_5min
531.930,375,1162,-8,0,30,free_5min
531.945,373,1167,-8,0,30,free_5min
532.016,373,1167,-8,0,30,free_5min
532.110,370,1169,-8,0,30,free_5min
532.133,364,1168,0,0,30,free_5min
532.336,349,1163,0,0,30,free_5min
532.336,349,1163,0,0,31,free_5min
532.336,335,1159,-8,0,31,free_5min
532.404,326,1156,-8,0,31,free_5min
532.510,326,1156,-8,0,31,free_5min
532.510,323,1153,-8,0,30,free_5min
532.588,317,1150,-16,0,29,free_5min
532.649,317,1150,-16,0,29,free_5min
532.692,306,1146,-16,0,29,free_5min
532.885,292,1142,-8,0,28,free_5min
532.885,292,1142,-8,0,28,free_5min
532.885,244,1128,-8,0,27,free_5min
532.946,192,1116,-8,0,28,free_5min
533.021,192,1116,-8,0,28,free_5min
533.067,113,1092,-8,0,27,free_5min
533.131,26,1049,-16,0,27,free_5min
533.201,26,1049,-16,0,28,free_5min
533.249,-26,1012,-24,0,28,free_5min
533.309,-34,988,-8,0,28,free_5min
533.385,-34,988,-8,0,28,free_5min
533.425,-7,996,-8,0,28,free_5min
533.519,41,1002,-8,0,28,free_5min
533.569,85,1008,-8,0,28,free_5min
533.640,85,1008,-8,0,28,free_5min
533.713,101,986,-8,0,29,free_5min
533.753,95,977,-8,0,29,free_5min
533.806,96,973,-8,0,29,free_5min
534.055,96,973,-8,0,30,free_5min
534.055,100,964,0,0,30,free_5min
534.055,101,965,0,0,29,free_5min
534.055,101,965,0,0,29,free_5min
534.142,106,969,0,0,29,free_5min
534.167,110,979,0,0,29,free_5min
534.239,110,979,0,0,28,free_5min
534.459,113,990,0,0,28,free_5min
534.459,106,976,0,0,28,free_5min
534.459,98,958,0,0,28,free_5min
534.501,98,958,0,0,28,free_5min
534.533,88,942,8,0,28,free_5min
534.606,61,921,8,0,28,free_5min
534.678,61,921,8,0,29,free_5min
534.725,52,919,8,0,29,free_5min
534.801,44,918,0,0,28,free_5min
534.945,44,918,0,0,27,free_5min
534.945,41,920,0,0,27,free_5min
534.979,37,920,0,0,27,free_5min
535.057,37,920,0,0,27,free_5min
535.088,39,924,0,0,26,free_5min
535.357,38,926,0,0,26,free_5min
535.357,38,926,0,0,26,free_5min
535.357,31,922,0,0,26,free_5min
535.357,19,913,0,0,27,free_5min
535.437,19,913,0,0,27,free_5min
535.474,9,903,0,0,28,free_5min
535.560,-6,889,0,0,28,free_5min
535.616,-6,889,0,0,28,free_5min
535.649,-20,877,0,0,28,free_5min
535.720,-49,849,0,0,28,free_5min
535.872,-61,832,0,0,32,free_5min
535.872,-61,832,0,0,32,free_5min
535.909,-55,830,0,0,32,free_5min
536.009,-49,828,0,0,33,free_5min
536.020,-49,828,0,0,33,free_5min
536.104,-44,828,0,0,34,free_5min
536.204,-41,828,0,0,35,free_5min
536.204,-47,824,8,0,35,free_5min
536.275,-47,824,8,0,36,free_5min
536.348,-55,819,8,0,36,free_5min
536.401,-63,814,8,0,36,free_5min
536.459,-63,814,8,0,37,free_5min
536.549,-76,808,8,0,37,free_5min
536.574,-87,807,8,0,37,free_5min
536.645,-96,806,0,0,38,free_5min
536.716,-96,806,0,0,38,free_5min
536.761,-102,807,8,0,39,free_5min
536.830,-97,817,8,0,40,free_5min
536.911,-97,817,8,0,40,free_5min
536.945,-91,827,0,0,40,free_5min
537.096,-90,832,8,0,40,free_5min
537.096,-90,832,8,0,41,free_5min
537.128,-88,841,-8,0,41,free_5min
537.246,-88,846,0,0,42,free_5min
537.269,-88,846,0,0,42,free_5min
537.316,-92,845,0,0,42,free_5min
537.385,-95,842,0,0,43,free_5min
537.455,-95,842,0,0,43,free_5min
537.509,-106,833,0,0,42,free_5min
537.576,-114,826,-8,0,41,free_5min
537.654,-114,826,-8,0,41,free_5min
537.689,-125,820,-8,0,41,free_5min
537.768,-136,812,-8,0,41,free_5min
537.829,-136,812,-8,0,41,free_5min
537.879,-149,801,-8,0,41,free_5min
537.939,-161,790,-8,0,41,free_5min
538.019,-154,779,0,0,41,free_5min
538.094,-154,779,0,0,40,free_5min
538.152,-143,781,0,0,40,free_5min
538.198,-114,791,-8,0,40,free_5min
538.241,-114,791,-8,0,40,free_5min
538.326,-113,776,-8,0,40,free_5min
538.394,-114,767,0,0,41,free_5min
538.429,-111,767,0,0,41,free_5min
538.527,-111,767,0,0,43,free_5min
538.600,-110,761,0,0,43,free_5min
538.612,-109,761,0,0,43,free_5min
538.680,-109,761,0,0,43,free_5min
538.770,-113,759,0,0,43,free_5min
538.809,-116,759,0,0,44,free_5min
538.868,-116,759,0,0,45,free_5min
538.936,-116,759,0,0,45,free_5min
538.977,-119,758,0,0,45,free_5min
539.060,-124,755,0,0,45,free_5min
539.141,-124,755,0,0,45,free_5min
539.159,-129,751,0,0,46,free_5min
539.237,-138,744,0,0,46,free_5min
539.309,-138,744,0,0,46,free_5min
539.384,-145,738,0,0,45,free_5min
539.432,-145,740,0,0,45,free_5min
539.506,-145,740,0,0,44,free_5min
539.555,-146,740,0,0,45,free_5min
539.605,-142,744,-8,0,45,free_5min
539.673,-142,744,-8,0,44,free_5min
539.719,-139,751,0,0,44,free_5min
539.812,-128,755,-8,0,45,free_5min
539.894,-128,755,-8,0,44,free_5min
539.944,-120,764,-8,0,44,free_5min
539.977,-86,782,0,0,46,free_5min
540.060,-86,782,0,0,46,free_5min
540.094,-57,809,0,0,46,free_5min
540.195,-26,827,0,0,47,free_5min
540.275,-10,845,0,0,47,free_5min
540.285,-10,845,0,0,48,free_5min
540.360,-65,858,0,0,48,free_5min
540.425,-123,866,0,0,48,free_5min
540.520,-123,866,0,0,49,free_5min
540.557,-166,875,0,0,49,free_5min
540.614,-165,906,0,0,49,free_5min
540.662,-154,942,0,0,50,free_5min
540.803,-154,942,0,0,50,free_5min
540.803,-135,980,0,0,51,free_5min
540.839,-115,1009,0,0,53,free_5min
540.973,-115,1009,0,0,53,free_5min
540.973,-109,998,0,0,52,free_5min
541.039,-97,982,0,0,52,free_5min
541.104,-97,982,0,0,51,free_5min
541.312,-86,967,0,0,51,free_5min
541.312,-68,949,0,0,51,free_5min
541.312,-52,933,8,0,51,free_5min
541.344,-52,933,8,0,51,free_5min
541.407,-51,925,8,0,52,free_5min
541.462,-54,925,0,0,53,free_5min
541.533,-54,925,0,0,53,free_5min
541.587,-60,923,0,0,53,free_5min
541.650,-66,922,8,0,54,free_5min
541.722,-66,922,8,0,54,free_5min
541.810,-75,916,0,0,55,free_5min
541.835,-89,901,-8,0,55,free_5min
541.917,-89,901,-8,0,55,free_5min
541.955,-84,906,-8,0,56,free_5min
542.059,-83,907,-8,0,56,free_5min
542.122,-83,907,-8,0,57,free_5min
542.133,-91,896,-8,0,58,free_5min
542.207,-100,886,-8,0,58,free_5min
542.433,-100,886,-8,0,60,free_5min
542.433,-107,876,-8,0,60,free_5min
542.433,-103,875,-8,0,59,free_5min
542.465,-89,883,16,0,58,free_5min
542.529,-89,883,16,0,58,free_5min
542.575,-74,892,0,0,59,free_5min
542.648,-58,903,24,0,59,free_5min
542.695,-58,903,24,0,59,free_5min
542.762,-13,931,8,0,58,free_5min
542.844,0,934,0,0,58,free_5min
542.877,-3,929,0,0,57,free_5min
542.947,-3,929,0,0,56,free_5min
543.017,-7,922,8,0,56,free_5min
543.098,-20,915,0,0,56,free_5min
543.141,-20,915,0,0,54,free_5min
543.208,-31,906,0,0,54,free_5min
543.240,-46,899,0,0,53,free_5min
543.330,-46,899,0,0,53,free_5min
543.382,-94,864,0,0,52,free_5min
543.428,-139,818,0,0,52,free_5min
543.495,-220,732,0,0,52,free_5min
543.565,-220,732,0,0,51,free_5min
543.645,-257,685,0,0,51,free_5min
543.706,-253,686,0,0,52,free_5min
543.759,-253,686,0,0,52,free_5min
543.798,-255,689,0,0,51,free_5min
543.869,-259,691,0,0,52,free_5min
543.944,-259,691,0,0,52,free_5min
543.993,-263,694,0,0,52,free_5min
544.052,-268,693,0,0,53,free_5min
544.134,-268,693,0,0,53,free_5min
544.170,-270,692,0,0,51,free_5min
544.258,-275,691,0,0,50,free_5min
544.314,-275,691,0,0,50,free_5min
544.402,-281,690,0,0,51,free_5min
544.426,-284,689,0,0,51,free_5min
544.505,-284,689,0,0,50,free_5min
544.540,-282,686,0,0,50,free_5min
544.620,-273,684,0,0,50,free_5min
544.721,-273,684,0,0,48,free_5min
544.721,-261,686,0,0,48,free_5min
544.793,-241,694,0,0,46,free_5min
544.879,-232,697,0,0,43,free_5min
544.913,-232,697,0,0,43,free_5min
544.981,-232,698,0,0,44,free_5min
545.059,-231,698,0,0,44,free_5min
545.110,-231,698,0,0,44,free_5min
545.168,-233,696,0,0,44,free_5min
545.237,-238,696,8,0,44,free_5min
545.287,-245,696,8,0,43,free_5min
545.352,-245,696,8,0,44,free_5min
545.463,-245,697,8,0,44,free_5min
545.463,-244,699,16,0,44,free_5min
545.532,-244,699,16,0,44,free_5min
545.614,-245,702,16,0,44,free_5min
545.660,-244,708,16,0,43,free_5min
545.727,-244,708,16,0,43,free_5min
545.854,-244,710,8,0,42,free_5min
545.854,-242,712,0,0,42,free_5min
545.912,-242,715,8,0,42,free_5min
545.985,-242,715,8,0,41,free_5min
546.021,-242,722,-8,0,41,free_5min
546.107,-241,731,-8,0,41,free_5min
546.175,-241,731,-8,0,40,free_5min
546.209,-241,741,-8,0,40,free_5min
546.287,-245,746,-16,0,38,free_5min
546.348,-245,746,-16,0,38,free_5min
546.599,-245,750,-32,0,37,free_5min
546.599,-247,752,-24,0,36,free_5min
546.599,-247,752,-24,0,36,free_5min
546.599,-245,752,-16,0,35,free_5min
546.665,-245,750,-16,0,35,free_5min
546.753,-245,750,-16,0,35,free_5min
546.776,-239,746,-16,0,35,free_5min
546.837,-235,744,-16,0,36,free_5min
546.904,-235,744,-16,0,36,free_5min
546.959,-228,744,-24,0,36,free_5min
547.025,-224,742,-24,0,36,free_5min
547.097,-221,741,-16,0,36,free_5min
547.149,-221,741,-16,0,36,free_5min
547.204,-220,739,-8,0,36,free_5min
547.277,-216,739,-32,23,0,free_5min
547.314,-216,739,-32,23,0,free_5min
547.384,-210,736,-8,0,39,free_5min
547.533,-208,732,-16,0,39,free_5min
547.533,-207,727,-16,0,39,free_5min
547.608,-207,727,-16,0,39,free_5min
547.717,-208,722,-8,0,39,free_5min
547.717,-207,719,-8,0,39,free_5min
547.771,-207,719,-8,0,40,free_5min
547.881,-203,717,-8,0,40,free_5min
547.881,-200,714,0,0,39,free_5min
547.955,-192,713,24,0,37,free_5min
548.021,-192,713,24,0,37,free_5min
548.069,-183,718,39,0,36,free_5min
548.146,-153,723,39,0,35,free_5min
548.209,-153,723,39,0,35,free_5min
548.283,-133,731,48,0,34,free_5min
548.329,-104,749,24,0,34,free_5min
548.428,-104,749,24,0,34,free_5min
548.428,-81,768,39,0,34,free_5min
548.695,-49,776,8,0,34,free_5min
548.695,-49,776,8,0,35,free_5min
548.695,-21,774,-8,0,35,free_5min
548.695,0,771,0,0,36,free_5min
548.764,0,771,0,0,36,free_5min
548.812,22,767,-24,0,37,free_5min
548.873,42,760,-16,0,37,free_5min
548.944,42,760,-16,0,37,free_5min
549.014,60,752,-24,0,37,free_5min
549.059,76,739,-24,0,36,free_5min
549.127,76,739,-24,0,36,free_5min
549.251,90,730,-16,0,36,free_5min
549.251,107,724,-24,0,36,free_5min
549.323,117,711,-16,0,36,free_5min
549.357,117,711,-16,0,35,free_5min
549.427,121,695,-16,0,35,free_5min
549.507,110,679,-32,0,34,free_5min
549.633,110,679,-32,0,34,free_5min
549.633,80,661,-24,0,34,free_5min
549.684,50,651,-16,0,35,free_5min
549.736,31,638,-8,0,35,free_5min
549.799,31,638,-8,0,37,free_5min
549.871,7,623,-16,0,41,free_5min
549.923,-39,575,-8,0,41,free_5min
550.000,-39,575,-8,0,42,free_5min
550.059,-69,539,0,0,42,free_5min
550.108,-90,516,0,0,44,free_5min
550.173,-100,508,0,0,46,free_5min
550.264,-100,508,0,0,46,free_5min
550.340,-97,502,0,0,46,free_5min
550.364,-103,500,0,0,47,free_5min
550.434,-103,500,0,0,47,free_5min
550.469,-97,509,0,0,48,free_5min
550.577,-94,513,0,0,51,free_5min
550.839,-94,513,0,0,51,free_5min
550.839,-89,514,0,0,53,free_5min
550.839,-85,512,0,0,53,free_5min
550.839,-85,512,0,0,56,free_5min
550.839,-80,510,0,0,58,free_5min
550.912,-79,509,0,0,58,free_5min
550.981,-79,509,0,0,60,free_5min
551.042,-76,503,0,0,60,free_5min
551.115,-77,499,0,0,62,free_5min
551.165,-77,499,0,0,62,free_5min
551.260,-82,495,0,0,62,free_5min
551.289,-88,490,0,0,61,free_5min
551.357,-88,490,0,0,61,free_5min
551.404,-93,486,0,0,61,free_5min
551.479,-101,485,0,0,59,free_5min
551.542,-106,489,0,0,59,free_5min
551.580,-106,489,0,0,57,free_5min
551.821,-112,487,0,0,56,free_5min
551.821,-119,486,0,0,56,free_5min
551.821,-119,486,0,0,55,free_5min
551.834,-129,478,0,0,56,free_5min
551.919,-141,471,0,0,56,free_5min
551.953,-166,454,0,0,57,free_5min
552.033,-166,454,0,0,57,free_5min
552.106,-163,454,0,0,59,free_5min
552.245,-152,452,0,0,62,free_5min
552.245,-152,452,0,0,62,free_5min
552.284,-141,449,0,0,65,free_5min
552.371,-129,445,0,0,65,free_5min
552.406,-119,442,0,0,67,free_5min
552.470,-119,442,0,0,70,free_5min
552.504,-109,440,0,0,70,free_5min
552.606,-98,437,0,0,73,free_5min
552.810,-98,437,0,0,73,free_5min
552.810,-87,434,0,0,76,free_5min
552.810,-80,432,0,0,78,free_5min
552.838,-80,432,0,0,78,free_5min
552.903,-79,429,0,0,81,free_5min
552.951,-76,425,0,0,82,free_5min
553.039,-76,425,0,0,82,free_5min
553.069,-75,421,0,0,85,free_5min
553.245,-77,418,0,0,86,free_5min
553.245,-77,418,0,0,86,free_5min
553.245,-75,418,0,0,87,free_5min
553.316,-71,419,0,0,87,free_5min
553.395,-71,419,0,0,88,free_5min
553.433,-62,422,0,0,89,free_5min
553.525,-51,425,0,0,89,free_5min
553.575,-51,425,0,0,89,free_5min
553.619,-38,425,0,0,89,free_5min
553.700,-26,421,0,0,87,free_5min
553.950,-16,418,0,0,86,free_5min
553.950,-16,418,0,0,86,free_5min
553.950,-17,418,0,0,84,free_5min
553.950,-18,421,0,0,84,free_5min
553.986,-18,421,0,0,83,free_5min
554.091,-19,427,0,0,82,free_5min
554.143,-21,437,0,0,82,free_5min
554.215,-23,453,0,0,79,free_5min
554.248,-23,453,0,0,79,free_5min
554.318,-25,467,0,0,79,free_5min
554.365,-36,485,0,0,78,free_5min
554.446,-36,485,0,0,77,free_5min
554.526,-41,490,0,0,77,free_5min
554.548,-46,486,8,0,75,free_5min
554.616,-46,486,8,0,75,free_5min
554.697,-51,482,0,0,72,free_5min
554.732,-52,480,0,0,69,free_5min
556.401,-57,475,0,0,69,free_5min
556.401,-57,475,0,0,67,free_5min
556.401,-63,473,0,0,67,free_5min
556.401,-65,472,0,0,65,free_5min
556.401,-65,472,0,0,65,free_5min
556.401,-61,472,0,0,63,free_5min
556.401,-57,473,0,0,62,free_5min
556.401,-57,473,0,0,62,free_5min
556.401,-57,470,8,0,62,free_5min
556.401,-56,473,0,0,62,free_5min
556.401,-56,473,0,0,62,free_5min
556.401,-60,473,0,0,62,free_5min
556.401,-68,469,0,0,63,free_5min
556.401,-68,469,0,0,63,free_5min
556.401,-79,468,0,0,62,free_5min
556.401,-85,473,0,0,62,free_5min
556.401,-85,473,0,0,61,free_5min
556.401,-91,479,0,0,60,free_5min
556.401,-94,486,0,0,60,free_5min
556.401,-94,486,0,0,58,free_5min
556.401,-85,485,0,0,58,free_5min
556.401,-71,483,0,0,56,free_5min
556.401,-59,485,0,0,53,free_5min
556.401,-59,485,0,0,53,free_5min
556.401,-51,488,0,0,50,free_5min
556.401,-56,487,0,0,50,free_5min
556.401,-56,487,0,0,48,free_5min
556.472,-62,485,0,0,45,free_5min
556.553,-70,480,0,0,45,free_5min
556.587,-59,489,0,0,41,free_5min
556.700,-59,489,0,0,59,free_5min
556.861,-58,491,0,0,59,free_5min
556.861,-68,487,0,0,55,free_5min
556.861,-68,487,0,0,52,free_5min
556.973,-95,478,0,0,52,free_5min
556.973,-123,467,0,0,48,free_5min
557.064,-146,456,0,0,48,free_5min
557.097,-146,456,0,0,46,free_5min
557.131,-145,461,0,0,43,free_5min
557.201,-141,476,0,0,43,free_5min
557.282,-141,476,0,0,41,free_5min
557.322,-134,481,0,0,41,free_5min
557.388,-122,482,0,0,39,free_5min
557.506,-122,482,0,0,37,free_5min
557.506,-110,481,0,0,37,free_5min
557.575,-118,478,0,0,36,free_5min
557.645,-118,478,0,0,36,free_5min
557.689,-127,475,0,0,35,free_5min
557.763,-139,470,0,0,34,free_5min
557.834,-139,470,0,0,34,free_5min
557.887,-153,465,0,0,33,free_5min
558.018,-162,462,0,0,32,free_5min
558.018,-162,462,0,0,32,free_5min
558.137,-159,465,0,0,32,free_5min
558.137,-156,467,0,0,31,free_5min
558.223,-156,467,0,0,31,free_5min
558.246,-155,468,0,0,31,free_5min
558.322,-157,467,0,0,31,free_5min
558.393,-160,463,0,0,30,free_5min
558.479,-160,463,0,0,30,free_5min
558.525,-164,457,0,0,30,free_5min
558.587,-169,451,0,0,29,free_5min
558.625,-169,451,0,0,29,free_5min
558.693,-172,446,0,0,29,free_5min
558.776,-170,445,0,0,28,free_5min
558.811,-166,450,0,0,28,free_5min
558.949,-166,450,0,0,30,free_5min
558.949,-160,455,0,0,30,free_5min
559.468,-138,466,0,0,31,free_5min
559.468,-138,466,0,0,32,free_5min
559.468,-113,483,8,0,32,free_5min
559.468,-92,495,0,0,32,free_5min
559.468,-77,493,8,0,32,free_5min
559.468,-77,493,8,0,32,free_5min
559.468,-57,488,0,0,33,free_5min
559.468,-25,479,0,0,34,free_5min
559.504,-25,479,0,0,34,free_5min
559.556,0,475,8,0,38,free_5min
559.614,21,471,0,0,38,free_5min
559.690,21,471,0,0,40,free_5min
559.734,43,467,0,0,42,free_5min
559.826,65,461,0,0,42,free_5min
559.871,65,461,0,0,45,free_5min
559.908,78,455,0,0,45,free_5min
559.981,59,464,0,0,46,free_5min
560.125,59,464,0,0,46,free_5min
560.125,50,470,0,0,46,free_5min
560.171,41,478,0,0,48,free_5min
560.270,41,478,0,0,48,free_5min
560.292,33,482,0,0,50,free_5min
560.582,24,483,0,0,51,free_5min
560.582,24,483,0,0,51,free_5min
560.582,12,481,0,0,52,free_5min
560.582,3,480,0,0,54,free_5min
560.617,-7,479,0,0,54,free_5min
560.660,-7,479,0,0,55,free_5min
560.727,-18,479,0,0,56,free_5min
560.807,-29,476,0,0,56,free_5min
560.842,-29,476,0,0,57,free_5min
560.914,-40,473,0,0,57,free_5min
561.000,-45,471,0,0,58,free_5min
561.023,-43,471,0,0,58,free_5min
561.095,-43,471,0,0,58,free_5min
561.175,-36,473,0,0,59,free_5min
561.219,-35,473,0,0,59,free_5min
561.294,-35,473,0,0,59,free_5min
561.366,-47,471,0,0,59,free_5min
561.415,-60,471,0,0,59,free_5min
561.482,-60,471,0,0,58,free_5min
561.542,-93,477,0,0,58,free_5min
561.578,-120,487,0,0,58,free_5min
561.666,-144,501,0,0,58,free_5min
561.726,-144,501,0,0,58,free_5min
561.763,-169,511,0,0,58,free_5min
561.846,-195,519,0,0,58,free_5min
561.910,-195,519,0,0,58,free_5min
561.944,-223,524,0,0,59,free_5min
562.044,-239,530,0,0,59,free_5min
562.089,-239,530,0,0,60,free_5min
562.246,-247,536,0,0,61,free_5min
562.246,-249,539,0,0,61,free_5min
562.279,-249,539,0,0,61,free_5min
562.329,-248,541,0,0,61,free_5min
562.396,-246,544,0,0,62,free_5min
562.468,-246,544,0,0,62,free_5min
562.506,-248,549,8,0,62,free_5min
562.575,-251,554,0,0,63,free_5min
562.653,-251,554,0,0,63,free_5min
562.693,-251,559,0,0,63,free_5min
562.789,-251,561,0,0,63,free_5min
562.838,-251,561,0,0,63,free_5min
562.872,-252,563,0,0,63,free_5min
562.951,-253,564,0,0,61,free_5min
563.038,-253,565,-8,0,61,free_5min
563.068,-253,565,-8,0,60,free_5min
563.170,-251,568,-8,0,58,free_5min
563.269,-244,568,0,0,58,free_5min
563.269,-244,568,0,0,58,free_5min
563.320,-233,566,8,0,58,free_5min
563.399,-223,566,8,0,56,free_5min
563.458,-215,564,0,0,56,free_5min
563.501,-215,564,0,0,56,free_5min
563.593,-202,559,0,0,54,free_5min
563.622,-185,552,0,0,54,free_5min
563.694,-185,552,0,0,53,free_5min
563.757,-131,530,0,0,51,free_5min
563.806,-118,528,0,0,51,free_5min
563.875,-103,524,0,0,48,free_5min
563.947,-103,524,0,0,48,free_5min
564.000,-94,520,-8,0,48,free_5min
564.056,-91,520,0,0,48,free_5min
564.148,-91,520,0,0,48,free_5min
564.182,-98,522,8,0,47,free_5min
564.320,-104,524,0,0,45,free_5min
564.320,-104,524,0,0,45,free_5min
564.371,-112,528,0,0,44,free_5min
564.438,-126,534,0,0,45,free_5min
564.510,-126,534,0,0,45,free_5min
564.559,-129,543,0,0,45,free_5min
564.628,-131,547,0,0,45,free_5min
564.696,-131,547,0,0,47,free_5min
564.728,-136,550,-8,0,48,free_5min
564.809,-138,551,0,0,48,free_5min
564.878,-138,551,0,0,48,free_5min
564.919,-137,553,0,0,48,free_5min
564.988,-137,553,0,0,48,free_5min
565.063,-137,553,0,0,49,free_5min
565.097,-134,554,0,0,49,free_5min
565.179,-134,555,0,0,48,free_5min
