t_global,x,y,v,em,es,action
3.291,97,648,-8,0,100,still_30s
3.291,97,648,-8,0,100,still_30s
3.291,94,650,-8,0,100,still_30s
3.291,95,653,0,0,100,still_30s
3.291,95,653,0,0,100,still_30s
3.291,95,657,0,0,100,still_30s
3.291,103,660,0,0,100,still_30s
3.291,109,660,0,0,100,still_30s
3.291,109,660,0,0,100,still_30s
3.291,122,661,0,0,100,still_30s
3.291,132,662,0,0,100,still_30s
3.291,132,662,0,0,100,still_30s
3.291,135,658,0,0,100,still_30s
3.291,134,657,0,0,100,still_30s
3.291,134,657,0,0,100,still_30s
3.291,126,656,0,0,100,still_30s
3.291,120,653,8,0,100,still_30s
3.291,120,653,8,0,100,still_30s
3.291,119,654,16,0,100,still_30s
3.291,124,654,16,0,100,still_30s
3.291,124,654,16,0,100,still_30s
3.291,146,651,16,0,100,still_30s
3.291,170,648,16,0,100,still_30s
3.291,169,659,24,0,100,still_30s
3.291,169,659,24,0,100,still_30s
3.291,166,665,8,0,100,still_30s
3.291,140,677,8,0,100,still_30s
3.291,140,677,8,0,99,still_30s
3.291,114,686,0,0,96,still_30s
3.291,50,701,-8,0,96,still_30s
3.291,9,716,0,0,95,still_30s
3.291,9,716,0,27,96,still_30s
3.291,2,718,0,27,96,still_30s
3.291,-5,714,0,0,94,still_30s
3.291,-5,714,0,0,94,still_30s
3.291,-3,713,0,0,94,still_30s
3.291,3,711,0,0,94,still_30s
3.291,3,711,0,0,94,still_30s
3.291,1,712,0,0,93,still_30s
3.291,-16,712,0,0,93,still_30s
3.291,-51,714,0,27,92,still_30s
3.291,-51,714,0,27,92,still_30s
3.291,-114,713,0,0,89,still_30s
3.291,-153,712,0,21,88,still_30s
3.291,-153,712,0,21,88,still_30s
3.291,-142,719,-8,0,85,still_30s
3.291,-131,719,0,0,83,still_30s
3.291,-131,719,0,0,83,still_30s
3.291,-121,720,0,0,84,still_30s
3.291,-112,721,0,0,83,still_30s
3.291,-112,721,0,0,83,still_30s
3.291,-100,722,0,0,77,still_30s
3.291,-101,721,0,0,77,still_30s
3.342,-101,721,0,0,76,still_30s
3.533,-103,720,0,0,76,still_30s
3.533,-109,718,0,0,76,still_30s
3.533,-109,718,0,0,76,still_30s
3.579,-130,717,0,0,76,still_30s
3.654,-147,714,0,0,73,still_30s
3.727,-153,711,0,0,74,still_30s
3.767,-153,711,0,0,74,still_30s
3.847,-144,712,0,0,76,still_30s
3.907,-134,714,0,0,76,still_30s
3.953,-134,714,0,0,75,still_30s
4.034,-123,722,0,0,75,still_30s
4.100,-110,730,0,0,75,still_30s
4.148,-100,734,0,0,76,still_30s
4.216,-100,734,0,0,74,still_30s
4.281,-94,734,0,0,74,still_30s
4.325,-90,731,0,0,75,still_30s
4.402,-90,731,0,0,77,still_30s
4.470,-87,730,0,0,77,still_30s
4.506,-86,728,0,0,78,still_30s
4.595,-86,726,0,0,78,still_30s
4.654,-86,726,0,0,78,still_30s
4.696,-89,724,0,0,79,still_30s
4.773,-90,721,0,0,79,still_30s
4.840,-90,721,0,0,78,still_30s
4.886,-89,722,0,0,78,still_30s
4.951,-88,725,0,0,78,still_30s
5.031,-88,725,0,0,80,still_30s
5.068,-86,727,0,0,80,still_30s
5.153,-84,727,0,0,81,still_30s
5.222,-84,727,0,0,82,still_30s
5.256,-83,725,-8,0,82,still_30s
5.328,-81,724,0,0,83,still_30s
5.402,-81,724,0,0,83,still_30s
5.440,-80,727,0,0,82,still_30s
5.518,-77,732,0,0,82,still_30s
5.595,-69,738,0,0,82,still_30s
5.628,-69,738,0,0,83,still_30s
5.706,-63,743,0,0,82,still_30s
5.774,-60,746,0,0,82,still_30s
5.828,-60,746,0,0,81,still_30s
5.888,-55,749,0,0,79,still_30s
5.973,-53,750,0,0,79,still_30s
6.007,-56,748,0,0,77,still_30s
6.073,-56,748,0,0,77,still_30s
6.154,-59,748,0,0,78,still_30s
6.185,-58,748,0,0,77,still_30s
6.263,-58,748,0,0,77,still_30s
6.338,-57,747,0,0,75,still_30s
6.382,-59,745,0,0,75,still_30s
6.449,-63,741,0,0,75,still_30s
6.525,-63,741,0,0,74,still_30s
6.560,-66,737,0,0,74,still_30s
6.641,-59,742,0,0,73,still_30s
6.707,-59,742,0,0,73,still_30s
6.748,-52,747,0,0,71,still_30s
6.815,-46,750,0,0,71,still_30s
6.882,-46,750,0,0,71,still_30s
6.937,-44,750,0,0,70,still_30s
7.002,-44,748,0,0,67,still_30s
7.069,-44,748,0,0,67,still_30s
7.114,-44,744,0,0,69,still_30s
7.195,-45,739,0,0,69,still_30s
7.257,-45,739,0,0,69,still_30s
7.297,-48,734,0,0,72,still_30s
7.362,-52,728,0,0,72,still_30s
7.438,-52,728,0,0,74,still_30s
7.481,-56,720,0,0,74,still_30s
7.560,-64,711,0,0,76,still_30s
7.627,-64,711,0,0,79,still_30s
7.682,-98,686,0,0,79,still_30s
7.742,-131,669,0,0,80,still_30s
7.827,-144,668,0,0,80,still_30s
7.850,-144,668,0,0,80,still_30s
7.927,-152,671,0,0,82,still_30s
7.995,-148,668,0,0,82,still_30s
8.038,-148,668,0,0,83,still_30s
8.116,-141,669,0,0,82,still_30s
8.181,-128,671,0,0,82,still_30s
8.233,-117,674,0,0,82,still_30s
8.300,-117,674,0,0,82,still_30s
8.368,-108,678,0,0,82,still_30s
8.413,-94,681,0,0,81,still_30s
8.482,-94,681,0,0,81,still_30s
8.551,-65,684,0,0,81,still_30s
8.596,-62,686,0,0,80,still_30s
8.662,-62,686,0,0,80,still_30s
8.740,-60,686,0,0,78,still_30s
8.777,-60,686,0,0,78,still_30s
8.861,-61,685,0,0,77,still_30s
8.928,-61,685,0,0,75,still_30s
8.962,-63,681,0,0,75,still_30s
9.039,-68,679,0,0,73,still_30s
9.106,-68,679,0,0,73,still_30s
9.146,-70,678,0,0,72,still_30s
9.216,-68,679,0,0,72,still_30s
9.287,-68,679,0,0,72,still_30s
9.327,-68,683,0,0,73,still_30s
9.402,-67,687,0,0,74,still_30s
9.479,-67,687,0,0,74,still_30s
9.524,-61,691,0,0,75,still_30s
9.589,-52,696,0,0,76,still_30s
9.665,-52,696,0,0,76,still_30s
9.699,-43,703,0,0,76,still_30s
9.775,-37,709,0,0,76,still_30s
9.862,-37,709,0,0,77,still_30s
9.884,-26,713,0,0,78,still_30s
9.959,-13,717,0,0,78,still_30s
10.037,-13,717,0,0,78,still_30s
10.072,-7,720,0,0,78,still_30s
10.138,0,723,0,0,79,still_30s
10.214,3,728,0,0,79,still_30s
10.266,3,728,0,0,79,still_30s
10.327,9,733,0,0,79,still_30s
10.410,13,736,0,0,79,still_30s
10.444,13,736,0,0,77,still_30s
10.525,15,739,0,0,75,still_30s
10.591,14,741,0,0,75,still_30s
10.629,14,741,0,0,74,still_30s
10.706,12,743,0,0,73,still_30s
10.772,6,744,0,0,73,still_30s
10.814,-2,746,0,0,74,still_30s
10.878,-2,746,0,0,73,still_30s
10.956,-6,748,0,0,73,still_30s
11.003,-1,752,0,0,72,still_30s
11.070,-1,752,0,0,72,still_30s
11.152,2,755,0,0,70,still_30s
11.175,-2,753,0,0,70,still_30s
11.252,-5,752,0,0,69,still_30s
11.328,-5,752,0,0,67,still_30s
11.363,-6,751,0,0,67,still_30s
11.439,-11,750,0,0,65,still_30s
11.508,-11,750,0,0,65,still_30s
11.545,-15,747,0,0,63,still_30s
11.623,-16,746,0,0,61,still_30s
11.703,-16,746,0,0,61,still_30s
11.736,-12,748,0,0,59,still_30s
11.815,-9,749,0,0,58,still_30s
11.881,-9,749,0,0,58,still_30s
11.925,-9,748,0,0,56,still_30s
11.991,-10,748,0,0,56,still_30s
12.066,-10,748,0,0,56,still_30s
12.114,-10,748,0,0,57,still_30s
12.178,-11,749,0,0,57,still_30s
12.245,-11,749,0,0,57,still_30s
12.290,-14,750,0,0,57,still_30s
12.356,-17,752,0,0,57,still_30s
12.434,-17,752,0,0,57,still_30s
12.475,-16,755,0,0,57,still_30s
12.543,-16,755,0,0,57,still_30s
12.622,-16,755,0,0,57,still_30s
12.666,-21,755,0,0,57,still_30s
12.732,-26,755,0,0,59,still_30s
12.799,-35,755,0,0,59,still_30s
12.848,-35,755,0,0,61,still_30s
12.913,-40,756,0,0,64,still_30s
12.987,-39,758,0,0,64,still_30s
13.029,-39,758,0,0,65,still_30s
13.097,-37,759,0,0,64,still_30s
13.174,-35,759,0,0,64,still_30s
13.206,-35,758,0,0,64,still_30s
13.280,-35,758,0,0,63,still_30s
13.358,-39,758,0,0,63,still_30s
13.395,-41,758,0,0,62,still_30s
13.485,-41,758,0,0,62,still_30s
13.552,-42,759,0,0,60,still_30s
13.586,-39,761,0,0,58,still_30s
13.667,-31,765,0,0,58,still_30s
13.733,-31,765,0,0,57,still_30s
13.774,-24,769,0,0,57,still_30s
13.842,-11,772,0,0,56,still_30s
13.916,-11,772,0,0,55,still_30s
13.962,0,772,0,0,55,still_30s
14.028,0,768,0,0,56,still_30s
14.106,0,768,0,0,56,still_30s
14.139,-3,763,0,0,58,still_30s
14.206,-8,761,0,0,59,still_30s
14.287,-8,761,0,0,59,still_30s
14.317,-10,762,0,0,60,still_30s
14.395,-6,765,0,0,62,still_30s
14.470,-6,765,0,0,62,still_30s
14.514,-3,767,0,0,64,still_30s
14.581,-4,765,0,0,64,still_30s
14.648,-4,765,0,0,66,still_30s
14.696,-6,758,0,0,66,still_30s
14.758,-5,751,0,0,66,still_30s
14.842,-5,751,0,0,67,still_30s
14.872,1,749,0,0,67,still_30s
14.949,14,750,0,0,67,still_30s
15.017,14,750,0,0,68,still_30s
15.062,27,751,0,0,68,still_30s
15.128,30,753,0,0,69,still_30s
15.205,25,754,0,0,69,still_30s
15.252,25,754,0,0,70,still_30s
15.320,16,755,0,0,69,still_30s
15.386,12,759,0,0,69,still_30s
15.427,12,759,0,0,69,still_30s
15.503,11,768,0,0,68,still_30s
15.571,15,779,0,0,68,still_30s
15.613,32,806,0,0,69,still_30s
15.690,32,806,0,0,69,still_30s
15.773,27,790,0,0,69,still_30s
15.816,24,773,0,0,70,still_30s
15.875,24,773,0,0,70,still_30s
15.944,20,761,0,0,72,still_30s
15.985,18,756,0,0,74,still_30s
16.064,16,754,0,0,74,still_30s
16.130,16,754,0,0,76,still_30s
16.174,15,754,0,0,76,still_30s
16.242,15,754,0,0,78,still_30s
16.319,15,754,0,0,79,still_30s
16.355,16,753,0,0,79,still_30s
16.439,16,752,0,0,81,still_30s
16.504,16,752,0,0,81,still_30s
16.537,15,748,0,0,83,still_30s
16.618,16,746,0,0,85,still_30s
16.686,16,746,0,0,85,still_30s
16.719,18,745,0,0,86,still_30s
16.798,22,745,0,0,86,still_30s
16.865,22,745,0,0,86,still_30s
16.923,26,744,0,0,86,still_30s
16.990,28,744,0,0,87,still_30s
17.048,28,744,0,0,87,still_30s
17.091,33,748,0,0,90,still_30s
17.168,36,752,0,0,90,still_30s
17.235,36,752,0,0,92,still_30s
17.280,36,755,0,0,92,still_30s
17.348,31,756,0,0,93,still_30s
17.416,31,756,0,0,94,still_30s
17.465,29,756,0,0,94,still_30s
17.547,30,758,0,0,96,still_30s
17.614,32,760,0,0,96,still_30s
17.648,32,760,0,0,96,still_30s
17.732,40,763,0,0,97,still_30s
17.794,47,765,0,0,97,still_30s
17.839,45,763,0,0,97,still_30s
17.905,45,763,0,0,97,still_30s
17.981,40,760,0,0,97,still_30s
18.024,36,757,0,0,95,still_30s
18.090,36,757,0,0,93,still_30s
18.167,47,755,0,0,93,still_30s
18.201,59,755,0,0,92,still_30s
18.281,59,755,0,0,92,still_30s
18.348,69,756,0,0,90,still_30s
18.390,82,761,0,0,89,still_30s
18.457,83,762,0,0,89,still_30s
18.534,83,762,0,0,87,still_30s
18.579,85,762,0,0,87,still_30s
18.646,99,762,0,0,86,still_30s
18.713,99,762,0,0,85,still_30s
18.760,113,763,0,0,85,still_30s
18.844,133,763,0,0,84,still_30s
18.902,133,763,0,0,84,still_30s
18.942,189,760,0,0,83,still_30s
19.011,179,747,0,0,83,still_30s
19.089,179,747,0,0,83,still_30s
19.122,170,745,0,0,82,still_30s
19.198,161,745,0,0,82,still_30s
19.275,161,745,0,0,82,still_30s
19.311,153,747,0,0,82,still_30s
19.389,149,749,0,0,82,still_30s
19.454,149,749,0,0,82,still_30s
19.502,147,751,0,0,82,still_30s
19.568,145,753,0,0,82,still_30s
19.644,145,753,0,0,82,still_30s
19.683,141,754,-8,0,82,still_30s
19.762,141,754,0,0,81,still_30s
19.828,141,755,0,0,80,still_30s
19.871,141,755,0,0,80,still_30s
19.938,140,756,0,0,79,still_30s
20.017,143,759,0,0,78,still_30s
20.053,143,759,0,0,78,still_30s
20.138,143,761,0,0,77,still_30s
20.207,141,763,0,0,77,still_30s
20.240,135,765,0,0,75,still_30s
20.316,135,765,0,0,73,still_30s
20.383,131,766,0,0,73,still_30s
20.427,130,767,0,0,72,still_30s
20.493,130,767,0,0,71,still_30s
20.569,128,767,0,0,71,still_30s
20.615,124,766,0,0,71,still_30s
20.680,124,766,0,0,72,still_30s
20.761,120,765,0,0,72,still_30s
20.794,118,766,0,0,73,still_30s
20.862,121,768,8,0,73,still_30s
20.944,121,768,8,0,73,still_30s
20.973,126,768,0,0,73,still_30s
21.054,127,768,0,0,72,still_30s
21.121,127,768,0,0,72,still_30s
21.178,118,766,0,0,72,still_30s
21.247,108,764,0,0,70,still_30s
21.315,108,764,0,0,70,still_30s
21.349,118,763,0,0,69,still_30s
21.415,129,762,0,0,69,still_30s
21.493,129,762,0,0,69,still_30s
21.526,135,762,0,0,71,still_30s
21.603,137,762,0,0,73,still_30s
21.681,137,762,0,0,73,still_30s
21.725,137,766,0,0,76,still_30s
21.788,139,770,0,0,78,still_30s
21.861,139,770,0,0,78,still_30s
21.907,148,775,0,0,80,still_30s
21.973,155,779,0,0,80,still_30s
22.057,155,779,0,0,81,still_30s
22.091,158,780,0,0,83,still_30s
22.160,160,777,0,0,83,still_30s
22.238,158,773,0,0,86,still_30s
22.270,158,773,0,0,86,still_30s
22.348,155,771,0,0,90,still_30s
22.423,157,771,0,0,93,still_30s
22.465,157,771,0,0,93,still_30s
22.533,164,773,0,0,96,still_30s
22.612,168,774,0,0,96,still_30s
22.645,175,774,0,0,100,still_30s
22.712,175,774,0,0,100,still_30s
22.792,187,773,0,0,100,still_30s
22.832,196,770,0,0,100,still_30s
22.899,196,770,0,0,100,still_30s
22.973,203,767,0,0,100,still_30s
23.016,203,763,0,0,100,still_30s
23.083,203,763,0,0,100,still_30s
23.161,197,761,0,0,100,still_30s
23.199,190,758,0,0,100,still_30s
23.278,183,757,0,0,100,still_30s
23.345,183,757,0,0,100,still_30s
23.378,175,755,0,0,100,still_30s
23.455,167,751,0,0,100,still_30s
23.522,167,751,0,0,100,still_30s
23.566,157,749,0,0,100,still_30s
23.642,150,749,0,0,100,still_30s
23.709,150,749,0,0,100,still_30s
23.747,147,750,0,0,100,still_30s
23.832,146,751,0,0,100,still_30s
23.899,146,751,0,0,100,still_30s
23.933,145,753,0,0,100,still_30s
24.013,145,756,0,0,100,still_30s
24.079,145,756,0,0,100,still_30s
24.117,144,759,0,0,100,still_30s
24.195,143,763,0,0,100,still_30s
24.262,143,763,0,0,100,still_30s
24.306,141,766,0,0,100,still_30s
24.383,139,769,0,0,100,still_30s
24.451,139,769,0,0,100,still_30s
24.485,138,771,0,0,100,still_30s
24.564,136,772,0,0,100,still_30s
24.647,134,772,0,0,100,still_30s
24.681,134,772,0,0,100,still_30s
24.748,132,772,0,0,100,still_30s
24.818,132,771,0,0,100,still_30s
24.863,132,771,0,0,100,still_30s
24.931,130,768,0,0,100,still_30s
25.008,129,765,0,0,100,still_30s
25.061,129,764,0,0,100,still_30s
25.127,129,764,0,0,100,still_30s
25.187,127,763,0,0,100,still_30s
25.230,123,761,0,0,100,still_30s
25.297,123,761,0,0,100,still_30s
25.375,121,762,0,0,100,still_30s
25.416,120,764,0,0,100,still_30s
25.492,120,764,0,0,100,still_30s
25.558,116,764,0,0,100,still_30s
25.614,113,763,0,0,100,still_30s
25.682,115,762,0,0,100,still_30s
25.746,115,762,0,0,100,still_30s
25.780,116,761,0,0,100,still_30s
25.859,120,761,0,0,100,still_30s
25.927,120,761,0,0,100,still_30s
25.967,123,761,0,0,100,still_30s
26.046,122,760,0,0,100,still_30s
26.114,122,760,0,0,100,still_30s
26.157,118,759,0,0,100,still_30s
26.234,114,759,0,0,100,still_30s
26.299,114,759,0,0,100,still_30s
26.353,111,759,0,0,100,still_30s
26.413,105,759,0,0,100,still_30s
26.497,105,759,0,0,100,still_30s
26.520,97,759,0,0,100,still_30s
26.599,86,758,0,0,100,still_30s
26.667,86,758,0,0,100,still_30s
26.711,69,759,0,0,100,still_30s
26.777,19,763,0,0,100,still_30s
26.855,19,763,0,0,100,still_30s
26.893,31,767,0,0,100,still_30s
26.977,41,768,0,0,100,still_30s
27.046,50,768,0,0,100,still_30s
27.079,50,768,0,0,100,still_30s
27.145,55,768,0,0,100,still_30s
27.224,58,767,0,0,100,still_30s
27.258,58,767,0,0,100,still_30s
27.334,61,765,0,0,100,still_30s
27.410,62,764,0,0,100,still_30s
27.456,58,764,0,0,100,still_30s
27.523,58,764,0,0,100,still_30s
27.600,53,766,0,0,100,still_30s
27.634,44,767,0,0,100,still_30s
27.702,44,767,0,0,100,still_30s
27.780,34,768,0,0,100,still_30s
27.822,26,767,-8,0,100,still_30s
27.900,23,767,0,0,100,still_30s
27.967,23,767,0,0,100,still_30s
28.008,24,767,0,0,100,still_30s
28.074,24,767,0,0,100,still_30s
28.151,24,767,0,0,100,still_30s
28.187,24,767,0,0,100,still_30s
28.274,30,766,0,0,100,still_30s
28.341,30,766,0,0,100,still_30s
28.375,36,767,0,0,100,still_30s
28.443,39,767,0,0,100,still_30s
28.523,39,767,0,0,97,still_30s
28.557,36,765,0,0,97,still_30s
28.635,33,761,0,0,94,still_30s
28.698,33,761,0,0,94,still_30s
28.746,29,757,0,0,92,still_30s
28.815,24,754,0,0,90,still_30s
28.899,24,754,0,0,90,still_30s
28.933,22,755,0,0,89,still_30s
29.001,27,756,0,0,87,still_30s
29.080,27,756,0,0,87,still_30s
29.107,30,758,0,0,88,still_30s
29.187,34,759,0,0,88,still_30s
29.253,34,759,0,0,88,still_30s
29.304,42,761,0,0,88,still_30s
29.366,55,763,0,0,88,still_30s
29.442,72,765,0,0,87,still_30s
29.495,72,765,0,0,87,still_30s
29.556,121,768,0,0,87,still_30s
29.625,155,769,0,0,87,still_30s
29.666,155,769,0,0,87,still_30s
29.741,173,769,0,0,88,still_30s
29.818,181,766,0,0,88,still_30s
29.847,196,758,0,0,90,still_30s
29.926,196,758,0,0,93,still_30s
30.005,248,741,0,0,93,still_30s
30.050,285,730,0,0,96,still_30s
30.117,285,730,0,0,99,still_30s
30.184,300,729,0,0,99,still_30s
30.231,299,731,0,0,100,still_30s
30.294,294,734,0,0,100,still_30s
30.372,294,734,0,0,100,still_30s
30.414,287,737,0,0,100,still_30s
30.480,284,739,0,0,100,still_30s
30.548,284,739,0,0,100,still_30s
30.592,278,740,0,0,100,still_30s
30.671,270,739,0,0,100,still_30s
30.737,270,739,0,0,100,still_30s
30.784,259,734,0,0,100,still_30s
30.847,249,729,0,0,100,still_30s
30.931,249,729,0,0,100,still_30s
30.965,237,723,0,0,100,still_30s
31.031,199,700,0,0,100,still_30s
31.109,199,700,0,0,100,still_30s
31.141,187,698,0,0,100,still_30s
31.219,179,696,0,0,100,still_30s
31.286,179,696,0,0,100,still_30s
31.337,172,696,0,0,100,still_30s
31.405,170,697,0,0,100,still_30s
31.482,170,697,0,0,100,still_30s
31.516,174,700,0,0,100,still_30s
31.597,178,704,0,0,100,still_30s
31.660,178,704,0,0,100,still_30s
31.703,186,708,0,0,100,still_30s
31.773,194,710,0,0,100,still_30s
31.839,203,711,0,0,100,still_30s
31.894,203,711,0,0,100,still_30s
31.963,212,713,0,0,100,still_30s
32.031,224,715,0,0,100,still_30s
32.080,234,717,0,0,100,still_30s
32.147,234,717,0,0,100,still_30s
32.222,236,718,0,0,100,still_30s
32.259,236,719,0,0,100,still_30s
32.337,236,719,0,0,100,still_30s
32.405,242,718,0,0,100,still_30s
32.440,257,714,0,0,100,still_30s
32.517,257,714,0,0,100,still_30s
32.594,295,699,0,0,100,still_30s
32.631,293,694,0,0,100,still_30s
32.696,281,693,0,0,100,still_30s
32.778,281,693,0,0,100,still_30s
32.812,263,690,0,0,100,still_30s
32.893,244,688,0,0,100,still_30s
32.962,244,688,0,0,100,still_30s
32.999,244,689,0,0,100,still_30s
33.065,247,691,0,0,100,still_30s
33.144,247,691,0,0,100,still_30s
33.186,246,695,0,0,100,still_30s
33.251,245,700,0,0,100,still_30s
38.511,245,700,0,0,100,slow_sweep
38.511,243,703,0,0,100,slow_sweep
38.511,243,705,0,0,100,slow_sweep
38.511,243,705,0,0,100,slow_sweep
38.511,245,707,0,0,100,slow_sweep
38.511,245,708,0,0,100,slow_sweep
38.511,245,708,0,0,100,slow_sweep
38.511,242,709,0,0,100,slow_sweep
38.511,241,712,0,0,100,slow_sweep
38.511,241,712,0,0,100,slow_sweep
38.511,238,717,0,0,100,slow_sweep
38.511,235,723,0,0,100,slow_sweep
38.511,231,723,0,0,100,slow_sweep
38.511,231,723,0,0,100,slow_sweep
38.511,226,723,0,0,100,slow_sweep
38.511,219,723,0,0,100,slow_sweep
38.511,213,724,0,0,100,slow_sweep
38.511,213,724,0,0,100,slow_sweep
38.511,210,726,0,0,100,slow_sweep
38.511,212,727,0,0,100,slow_sweep
38.511,212,727,0,0,100,slow_sweep
38.511,215,729,0,0,100,slow_sweep
38.511,218,731,0,0,100,slow_sweep
38.511,216,733,0,0,100,slow_sweep
38.511,216,733,0,0,100,slow_sweep
38.511,216,733,0,0,100,slow_sweep
38.511,231,726,0,0,99,slow_sweep
38.511,231,726,0,0,99,slow_sweep
38.511,249,716,0,0,97,slow_sweep
38.511,303,692,0,0,96,slow_sweep
38.511,303,692,0,0,96,slow_sweep
38.511,349,679,0,0,94,slow_sweep
38.511,380,673,0,0,93,slow_sweep
38.511,380,673,0,0,93,slow_sweep
38.511,350,679,0,0,92,slow_sweep
38.511,330,684,0,0,90,slow_sweep
38.511,330,684,0,0,90,slow_sweep
38.511,269,702,0,0,88,slow_sweep
38.511,291,689,0,0,88,slow_sweep
38.511,291,689,0,0,86,slow_sweep
38.511,302,687,0,0,85,slow_sweep
38.511,313,684,0,0,85,slow_sweep
38.511,300,677,0,0,84,slow_sweep
38.511,300,677,0,0,84,slow_sweep
38.511,286,670,0,0,84,slow_sweep
38.511,290,668,0,0,85,slow_sweep
38.511,296,669,0,0,85,slow_sweep
38.511,296,669,0,0,88,slow_sweep
38.511,303,670,0,0,91,slow_sweep
38.511,305,674,0,0,91,slow_sweep
38.511,305,674,0,0,94,slow_sweep
38.511,305,678,0,0,94,slow_sweep
38.511,303,682,0,0,98,slow_sweep
38.511,301,687,0,0,100,slow_sweep
38.511,301,687,0,0,100,slow_sweep
38.511,305,689,0,0,100,slow_sweep
38.511,306,692,0,0,100,slow_sweep
38.511,306,692,0,0,100,slow_sweep
38.511,311,699,0,0,100,slow_sweep
38.511,320,704,0,0,100,slow_sweep
38.511,320,704,0,0,100,slow_sweep
38.511,325,707,0,0,100,slow_sweep
38.511,325,709,0,0,100,slow_sweep
38.511,325,709,0,0,100,slow_sweep
38.511,308,708,0,0,100,slow_sweep
38.511,286,706,0,0,100,slow_sweep
38.511,286,706,0,0,100,slow_sweep
38.511,268,704,0,0,100,slow_sweep
38.511,270,705,0,0,100,slow_sweep
38.511,270,705,0,0,100,slow_sweep
38.511,276,707,0,0,100,slow_sweep
38.511,289,715,0,0,100,slow_sweep
38.511,301,721,0,0,100,slow_sweep
38.511,301,721,0,0,100,slow_sweep
38.511,309,722,0,0,100,slow_sweep
38.511,307,719,0,0,100,slow_sweep
38.511,307,719,0,0,100,slow_sweep
38.511,308,730,0,0,100,slow_sweep
38.511,296,730,0,0,100,slow_sweep
38.511,297,730,0,0,100,slow_sweep
38.511,297,730,0,0,100,slow_sweep
38.511,303,727,0,0,100,slow_sweep
38.511,310,724,0,0,100,slow_sweep
38.511,310,724,0,0,100,slow_sweep
38.551,314,723,0,0,100,slow_sweep
38.598,318,722,0,0,100,slow_sweep
38.676,317,721,0,0,100,slow_sweep
38.742,317,721,0,0,100,slow_sweep
38.776,309,718,0,0,100,slow_sweep
38.858,303,714,0,0,100,slow_sweep
38.927,303,714,0,0,100,slow_sweep
38.965,298,714,0,0,100,slow_sweep
39.032,289,710,0,0,100,slow_sweep
39.108,289,710,0,0,100,slow_sweep
39.154,274,704,0,0,100,slow_sweep
39.228,212,681,0,0,100,slow_sweep
39.293,212,681,0,0,100,slow_sweep
39.348,141,655,0,0,100,slow_sweep
39.406,87,634,0,0,100,slow_sweep
39.492,87,634,0,0,100,slow_sweep
39.525,107,646,0,0,100,slow_sweep
39.592,132,665,0,0,100,slow_sweep
39.669,132,665,0,0,100,slow_sweep
39.712,159,683,0,0,100,slow_sweep
39.777,211,706,0,0,100,slow_sweep
39.852,233,722,0,0,100,slow_sweep
39.896,233,722,0,0,100,slow_sweep
39.964,240,733,0,0,100,slow_sweep
40.041,232,735,0,0,100,slow_sweep
40.078,232,735,0,0,100,slow_sweep
40.164,230,734,0,0,100,slow_sweep
40.241,228,733,0,0,100,slow_sweep
40.274,220,730,0,0,100,slow_sweep
40.341,220,730,0,0,100,slow_sweep
40.421,210,727,0,0,100,slow_sweep
40.452,201,725,0,0,100,slow_sweep
40.552,194,723,0,0,100,slow_sweep
40.603,194,723,0,0,100,slow_sweep
40.659,206,718,0,0,100,slow_sweep
40.726,222,715,0,0,100,slow_sweep
40.793,222,715,0,0,100,slow_sweep
40.827,236,715,0,0,100,slow_sweep
40.910,261,719,0,0,100,slow_sweep
40.974,261,719,0,0,100,slow_sweep
41.015,276,729,0,0,100,slow_sweep
41.093,293,735,0,0,100,slow_sweep
41.158,293,735,0,0,100,slow_sweep
41.203,301,740,0,0,100,slow_sweep
41.270,272,734,0,0,100,slow_sweep
41.347,272,734,0,0,100,slow_sweep
41.401,220,719,0,0,100,slow_sweep
41.459,129,692,0,0,100,slow_sweep
41.540,129,692,0,0,100,slow_sweep
41.573,75,670,0,0,100,slow_sweep
41.640,124,663,-8,0,100,slow_sweep
41.718,124,663,-8,22,100,slow_sweep
41.757,141,662,0,22,100,slow_sweep
41.833,158,663,0,0,100,slow_sweep
41.905,177,664,-8,0,100,slow_sweep
41.938,177,664,-8,0,100,slow_sweep
42.018,194,665,0,0,100,slow_sweep
42.085,211,661,-8,0,100,slow_sweep
42.140,211,661,-8,0,100,slow_sweep
42.223,250,653,8,0,100,slow_sweep
42.285,250,654,-8,0,100,slow_sweep
42.316,250,656,0,0,100,slow_sweep
42.401,250,656,0,0,100,slow_sweep
42.459,245,657,0,0,100,slow_sweep
42.520,241,660,0,0,100,slow_sweep
42.584,239,662,0,0,100,slow_sweep
42.652,239,662,0,17,100,slow_sweep
42.686,250,656,-8,0,100,slow_sweep
42.755,263,649,0,0,100,slow_sweep
42.837,263,649,0,0,100,slow_sweep
42.867,278,645,0,0,100,slow_sweep
42.947,287,647,0,0,100,slow_sweep
43.015,287,647,0,0,100,slow_sweep
43.058,290,650,0,0,100,slow_sweep
43.221,291,654,0,0,100,slow_sweep
43.221,291,654,0,0,100,slow_sweep
43.237,291,658,0,0,100,slow_sweep
43.316,290,662,0,0,100,slow_sweep
43.383,290,662,0,0,100,slow_sweep
43.432,290,664,0,0,100,slow_sweep
43.495,292,667,0,0,100,slow_sweep
43.576,292,667,0,0,100,slow_sweep
43.607,294,670,-8,0,100,slow_sweep
43.684,297,671,0,0,100,slow_sweep
43.760,297,671,0,0,100,slow_sweep
43.801,299,671,0,0,100,slow_sweep
43.866,301,669,0,0,100,slow_sweep
43.933,301,669,0,0,100,slow_sweep
43.981,305,669,0,0,100,slow_sweep
44.047,308,670,0,0,100,slow_sweep
44.123,311,673,8,0,100,slow_sweep
44.164,311,673,8,0,100,slow_sweep
44.242,317,675,8,0,100,slow_sweep
44.309,328,675,8,0,97,slow_sweep
44.359,337,675,0,0,97,slow_sweep
44.425,337,675,0,0,93,slow_sweep
44.508,338,674,0,0,93,slow_sweep
44.542,333,673,8,0,90,slow_sweep
44.606,333,673,8,0,90,slow_sweep
44.680,330,671,0,0,90,slow_sweep
44.720,330,674,8,0,88,slow_sweep
44.798,330,674,8,0,89,slow_sweep
44.867,327,675,0,0,89,slow_sweep
44.908,327,678,8,0,90,slow_sweep
44.976,321,683,8,0,90,slow_sweep
45.051,321,683,8,0,89,slow_sweep
45.096,317,690,0,0,89,slow_sweep
45.160,309,695,0,0,89,slow_sweep
45.238,309,695,0,0,91,slow_sweep
45.272,303,701,8,0,91,slow_sweep
45.349,298,709,8,0,92,slow_sweep
45.425,298,709,8,16,91,slow_sweep
45.469,288,713,8,16,91,slow_sweep
45.537,282,716,8,0,92,slow_sweep
45.603,282,716,8,0,92,slow_sweep
45.637,276,721,0,0,89,slow_sweep
45.725,271,725,0,0,84,slow_sweep
45.793,271,725,0,0,84,slow_sweep
45.826,267,729,0,0,81,slow_sweep
45.907,268,732,0,0,77,slow_sweep
45.975,268,732,0,0,77,slow_sweep
46.017,266,734,0,0,75,slow_sweep
46.080,250,731,0,0,72,slow_sweep
46.158,250,731,0,0,72,slow_sweep
46.201,233,725,0,0,71,slow_sweep
46.276,266,703,0,0,71,slow_sweep
46.343,310,676,0,0,69,slow_sweep
46.387,310,676,0,0,67,slow_sweep
46.454,343,652,0,0,67,slow_sweep
46.531,369,630,0,0,67,slow_sweep
46.565,369,630,0,0,67,slow_sweep
46.645,393,611,0,0,65,slow_sweep
46.722,401,604,0,0,64,slow_sweep
46.767,375,598,0,0,64,slow_sweep
46.834,375,598,0,0,63,slow_sweep
46.901,344,596,0,0,63,slow_sweep
46.956,261,604,0,0,61,slow_sweep
47.021,261,604,0,0,59,slow_sweep
47.086,183,616,0,0,59,slow_sweep
47.133,116,624,0,0,58,slow_sweep
47.200,116,624,0,0,58,slow_sweep
47.286,64,631,0,0,58,slow_sweep
47.308,19,639,0,0,58,slow_sweep
47.387,-33,639,0,0,57,slow_sweep
47.456,-33,639,0,0,57,slow_sweep
47.496,-76,637,0,0,56,slow_sweep
47.563,-54,651,0,0,56,slow_sweep
47.641,-54,651,0,0,55,slow_sweep
47.674,-46,658,0,0,55,slow_sweep
47.752,-38,663,0,0,55,slow_sweep
47.818,-38,663,0,0,52,slow_sweep
47.862,-31,668,0,0,52,slow_sweep
47.938,-22,675,-8,0,51,slow_sweep
48.004,-22,675,-8,0,51,slow_sweep
48.041,-11,681,-8,0,49,slow_sweep
48.123,11,707,-8,0,49,slow_sweep
48.190,11,707,-8,0,49,slow_sweep
48.226,31,735,-8,0,49,slow_sweep
48.308,66,759,-8,0,49,slow_sweep
48.374,66,759,-8,0,49,slow_sweep
48.421,97,771,-8,0,50,slow_sweep
48.492,111,768,-8,0,50,slow_sweep
48.566,111,768,-8,0,50,slow_sweep
48.599,133,773,-8,0,49,slow_sweep
48.682,145,772,0,0,49,slow_sweep
48.750,176,761,-8,0,49,slow_sweep
48.792,176,761,-8,0,49,slow_sweep
48.858,189,749,0,0,49,slow_sweep
48.936,212,741,-8,0,48,slow_sweep
48.975,212,741,-8,0,48,slow_sweep
49.042,225,740,-8,0,50,slow_sweep
49.133,242,742,0,0,49,slow_sweep
49.173,248,740,0,0,49,slow_sweep
49.241,248,740,0,0,48,slow_sweep
49.318,239,737,-8,0,48,slow_sweep
49.358,240,737,0,0,47,slow_sweep
49.412,240,737,0,0,47,slow_sweep
49.490,241,734,0,0,47,slow_sweep
49.535,238,733,0,0,46,slow_sweep
49.600,238,733,0,0,47,slow_sweep
49.676,239,729,0,0,47,slow_sweep
49.709,241,729,0,0,47,slow_sweep
49.783,243,735,0,0,47,slow_sweep
49.851,243,735,0,0,47,slow_sweep
49.908,245,744,0,0,46,slow_sweep
49.974,243,750,0,0,46,slow_sweep
50.040,243,750,0,0,45,slow_sweep
50.090,239,748,0,0,46,slow_sweep
50.169,234,746,0,0,46,slow_sweep
50.222,234,746,0,0,48,slow_sweep
50.266,232,742,0,0,48,slow_sweep
50.348,231,738,0,0,49,slow_sweep
50.415,231,738,0,18,50,slow_sweep
50.459,230,733,0,18,50,slow_sweep
50.531,232,731,0,0,51,slow_sweep
50.595,232,731,0,0,51,slow_sweep
50.641,232,730,0,0,50,slow_sweep
50.708,234,728,16,0,51,slow_sweep
50.789,234,728,16,0,51,slow_sweep
50.831,232,727,0,0,49,slow_sweep
50.895,229,725,0,0,50,slow_sweep
50.970,229,725,0,0,50,slow_sweep
51.003,227,724,16,22,51,slow_sweep
51.084,219,724,0,0,52,slow_sweep
51.171,210,724,0,0,52,slow_sweep
51.192,210,724,0,0,52,slow_sweep
51.272,204,725,8,0,52,slow_sweep
51.338,211,719,8,0,54,slow_sweep
51.384,211,719,8,0,53,slow_sweep
51.459,230,713,8,0,53,slow_sweep
51.527,251,706,8,0,54,slow_sweep
51.560,251,699,8,0,54,slow_sweep
51.645,251,699,8,0,54,slow_sweep
51.711,243,698,0,0,54,slow_sweep
51.744,232,700,8,0,53,slow_sweep
51.826,232,700,8,0,55,slow_sweep
51.888,218,702,8,0,55,slow_sweep
51.935,201,704,8,0,55,slow_sweep
52.007,201,704,8,0,55,slow_sweep
52.076,151,705,0,0,55,slow_sweep
52.124,104,704,0,0,55,slow_sweep
52.192,51,705,0,16,58,slow_sweep
52.257,51,705,0,16,58,slow_sweep
52.297,-59,716,0,0,58,slow_sweep
52.386,-167,746,0,0,58,slow_sweep
52.460,-167,746,0,0,57,slow_sweep
52.494,-281,802,0,0,56,slow_sweep
52.567,-382,885,0,0,56,slow_sweep
52.635,-382,885,0,0,56,slow_sweep
52.668,-474,952,0,0,56,slow_sweep
52.742,-558,969,0,0,56,slow_sweep
52.820,-558,969,0,0,53,slow_sweep
52.864,-616,937,0,0,53,slow_sweep
52.930,-637,903,0,0,52,slow_sweep
53.006,-637,903,0,0,52,slow_sweep
53.049,-647,879,0,0,51,slow_sweep
53.113,-653,915,0,0,51,slow_sweep
53.191,-653,915,0,0,51,slow_sweep
53.227,-663,950,0,0,53,slow_sweep
53.295,-675,975,0,0,55,slow_sweep
53.380,-675,975,0,0,55,slow_sweep
53.413,-686,953,0,0,58,slow_sweep
53.480,-689,918,0,17,58,slow_sweep
53.566,-658,886,0,17,58,slow_sweep
53.599,-658,886,0,0,58,slow_sweep
53.668,-630,852,-8,0,58,slow_sweep
53.746,-557,778,-8,0,57,slow_sweep
53.786,-557,778,-8,0,57,slow_sweep
53.851,-351,723,-8,0,57,slow_sweep
53.929,-160,690,-8,0,56,slow_sweep
53.973,-8,668,-8,0,56,slow_sweep
54.040,-8,668,-8,0,56,slow_sweep
54.108,-15,653,-8,0,56,slow_sweep
54.152,-48,642,-8,0,56,slow_sweep
54.219,-48,642,-8,0,53,slow_sweep
54.298,-60,641,0,0,53,slow_sweep
54.338,-77,650,0,0,54,slow_sweep
54.416,-79,652,0,0,54,slow_sweep
54.484,-79,652,0,0,54,slow_sweep
54.527,-76,657,-8,0,55,slow_sweep
54.594,-71,661,0,0,57,slow_sweep
54.671,-71,661,0,0,57,slow_sweep
54.717,-61,663,-8,0,57,slow_sweep
54.786,-37,671,0,0,58,slow_sweep
54.853,-37,671,0,0,58,slow_sweep
54.889,2,672,-8,0,60,slow_sweep
54.979,31,678,0,0,60,slow_sweep
55.047,31,678,0,22,60,slow_sweep
55.080,53,681,0,22,60,slow_sweep
55.146,65,685,0,0,59,slow_sweep
55.228,65,685,0,0,60,slow_sweep
55.258,81,686,0,0,60,slow_sweep
55.338,109,681,0,0,59,slow_sweep
55.403,109,681,0,0,59,slow_sweep
55.448,154,683,-8,0,59,slow_sweep
55.514,231,703,0,0,58,slow_sweep
55.592,231,703,0,0,58,slow_sweep
55.637,284,707,0,0,58,slow_sweep
55.704,306,717,0,0,59,slow_sweep
55.771,306,717,0,0,59,slow_sweep
55.820,314,716,0,0,58,slow_sweep
55.888,319,718,0,0,60,slow_sweep
55.973,317,724,0,0,60,slow_sweep
55.995,317,724,0,0,61,slow_sweep
56.078,319,726,0,0,61,slow_sweep
56.145,322,726,0,0,61,slow_sweep
56.185,322,726,0,0,59,slow_sweep
56.264,327,727,0,0,59,slow_sweep
56.330,337,727,0,0,58,slow_sweep
56.369,363,732,0,0,58,slow_sweep
56.463,363,732,0,0,59,slow_sweep
56.530,379,743,0,0,59,slow_sweep
56.558,391,752,0,0,59,slow_sweep
56.634,391,752,0,0,60,slow_sweep
56.701,396,752,0,0,60,slow_sweep
56.745,398,751,0,0,62,slow_sweep
56.823,399,749,0,0,64,slow_sweep
56.888,399,749,0,0,64,slow_sweep
56.925,398,749,0,0,65,slow_sweep
57.006,394,749,0,0,67,slow_sweep
57.078,394,749,0,0,67,slow_sweep
57.120,386,746,-8,0,69,slow_sweep
57.187,380,742,0,0,69,slow_sweep
57.262,380,742,0,0,69,slow_sweep
57.300,372,740,0,0,67,slow_sweep
57.368,359,738,0,0,67,slow_sweep
57.452,359,738,0,0,67,slow_sweep
57.487,347,735,8,0,68,slow_sweep
57.553,338,734,0,0,68,slow_sweep
57.621,338,734,0,0,69,slow_sweep
57.667,333,728,0,0,69,slow_sweep
57.735,326,722,0,0,71,slow_sweep
57.814,326,722,0,0,71,slow_sweep
57.849,325,718,8,24,73,slow_sweep
57.920,338,716,8,0,74,slow_sweep
57.999,338,716,8,0,74,slow_sweep
58.035,361,714,8,0,76,slow_sweep
58.104,385,713,0,0,78,slow_sweep
58.189,385,713,0,0,78,slow_sweep
58.223,448,716,8,0,78,slow_sweep
58.289,481,717,0,0,78,slow_sweep
58.375,508,720,0,0,78,slow_sweep
58.409,508,720,0,0,78,slow_sweep
58.489,477,727,8,0,77,slow_sweep
63.731,465,734,8,0,77,quick_points
63.731,436,743,0,0,76,quick_points
63.731,436,743,0,0,76,quick_points
63.731,394,766,8,0,75,quick_points
63.731,336,780,0,0,76,quick_points
63.731,336,780,0,0,76,quick_points
63.731,228,805,8,0,74,quick_points
63.731,107,850,0,0,74,quick_points
63.731,5,849,0,0,74,quick_points
63.731,5,849,0,0,76,quick_points
63.731,-46,853,0,0,76,quick_points
63.731,-63,821,0,16,79,quick_points
63.731,-63,821,0,16,79,quick_points
63.731,-66,790,0,0,80,quick_points
63.731,-78,760,0,0,83,quick_points
63.731,-78,760,0,0,83,quick_points
63.731,-95,733,0,34,86,quick_points
63.731,-132,697,-8,21,87,quick_points
63.731,-132,697,-8,21,87,quick_points
63.731,-176,688,-8,0,87,quick_points
63.731,-220,692,-8,0,87,quick_points
63.731,-220,692,-8,0,87,quick_points
63.731,-257,700,-16,0,87,quick_points
63.731,-284,702,-8,0,87,quick_points
63.731,-284,702,-8,0,87,quick_points
63.731,-297,708,-8,0,89,quick_points
63.731,-276,715,8,0,89,quick_points
63.731,-267,715,8,29,92,quick_points
63.731,-267,715,8,29,92,quick_points
63.731,-258,716,8,0,95,quick_points
63.731,-244,716,0,0,95,quick_points
63.731,-244,716,0,0,95,quick_points
63.731,-231,717,8,0,95,quick_points
63.731,-227,716,8,0,95,quick_points
63.731,-217,714,0,0,98,quick_points
63.731,-217,714,0,0,98,quick_points
63.731,-211,710,0,0,98,quick_points
63.731,-208,708,-16,0,96,quick_points
63.731,-206,707,-16,0,95,quick_points
63.731,-206,707,-16,0,95,quick_points
63.731,-202,706,-8,0,95,quick_points
63.731,-199,705,-8,0,93,quick_points
63.731,-199,705,-8,0,93,quick_points
63.731,-194,705,0,0,90,quick_points
63.731,-191,704,0,0,90,quick_points
63.731,-191,704,0,0,92,quick_points
63.731,-187,705,0,0,91,quick_points
63.731,-181,706,-8,0,91,quick_points
63.731,-181,706,-8,0,90,quick_points
63.731,-175,707,-24,0,90,quick_points
63.731,-169,708,-24,0,89,quick_points
63.731,-169,708,-24,0,87,quick_points
63.731,-160,708,8,0,87,quick_points
63.731,-153,708,16,0,85,quick_points
63.731,-153,708,16,0,85,quick_points
63.731,-152,708,8,0,86,quick_points
63.731,-152,708,8,0,86,quick_points
63.731,-152,708,8,0,86,quick_points
63.731,-152,703,8,0,85,quick_points
63.731,-154,699,0,0,85,quick_points
63.731,-154,698,-8,0,85,quick_points
63.731,-154,698,-8,0,84,quick_points
63.731,-147,700,-8,0,83,quick_points
63.731,-140,700,-8,0,83,quick_points
63.731,-140,700,-8,0,83,quick_points
63.731,-135,701,-8,0,84,quick_points
63.731,-134,700,-8,0,84,quick_points
63.731,-144,696,-8,0,84,quick_points
63.731,-144,696,-8,0,84,quick_points
63.731,-156,691,-8,0,83,quick_points
63.731,-150,698,-8,0,85,quick_points
63.731,-150,698,-8,0,85,quick_points
63.731,-144,703,-8,0,83,quick_points
63.731,-142,706,0,0,83,quick_points
63.731,-137,709,0,0,81,quick_points
63.731,-137,709,0,0,81,quick_points
63.731,-131,706,0,0,77,quick_points
63.731,-121,705,0,0,75,quick_points
63.731,-121,705,0,0,75,quick_points
63.731,-110,703,0,0,73,quick_points
63.731,-101,702,0,0,70,quick_points
63.731,-101,702,0,0,70,quick_points
63.731,-92,698,0,21,71,quick_points
63.731,-85,693,8,0,70,quick_points
63.768,-85,693,8,0,70,quick_points
63.810,-83,686,8,0,69,quick_points
63.874,-81,682,8,0,68,quick_points
63.955,-81,682,8,0,68,quick_points
63.986,-82,680,8,0,69,quick_points
64.063,-85,680,8,0,69,quick_points
64.132,-85,680,8,0,68,quick_points
64.174,-84,681,8,0,68,quick_points
64.251,-86,685,0,0,65,quick_points
64.328,-86,689,0,0,63,quick_points
64.361,-86,689,0,0,63,quick_points
64.441,-86,692,0,0,63,quick_points
64.506,-86,694,0,0,63,quick_points
64.563,-86,694,0,0,64,quick_points
64.628,-85,693,0,0,62,quick_points
64.706,-85,688,0,0,62,quick_points
64.740,-85,684,0,0,61,quick_points
64.820,-85,684,0,0,63,quick_points
64.888,-86,683,0,0,63,quick_points
64.930,-88,684,0,0,65,quick_points
64.998,-88,685,0,0,64,quick_points
65.078,-88,685,0,0,64,quick_points
65.121,-87,687,0,0,65,quick_points
65.188,-86,690,0,0,66,quick_points
65.255,-86,690,0,0,66,quick_points
65.303,-85,691,0,0,64,quick_points
65.368,-86,691,0,0,64,quick_points
65.451,-86,691,0,0,62,quick_points
65.482,-85,693,0,0,62,quick_points
65.559,-84,696,0,0,62,quick_points
65.636,-84,696,0,0,62,quick_points
65.682,-84,699,0,0,62,quick_points
65.748,-85,702,0,0,63,quick_points
65.816,-85,702,0,0,64,quick_points
65.863,-87,702,0,0,64,quick_points
65.928,-89,702,0,0,64,quick_points
66.011,-89,702,0,0,64,quick_points
66.038,-90,699,0,0,63,quick_points
66.117,-93,694,0,0,63,quick_points
66.193,-93,691,0,0,63,quick_points
66.226,-93,691,0,0,63,quick_points
66.304,-90,689,0,0,64,quick_points
66.374,-82,688,-8,0,64,quick_points
66.412,-82,688,-8,0,64,quick_points
66.495,-65,688,-8,0,64,quick_points
66.562,-41,691,-8,0,64,quick_points
66.610,24,701,8,0,64,quick_points
66.694,24,701,8,21,65,quick_points
66.761,75,709,-8,21,65,quick_points
66.794,114,715,0,0,65,quick_points
66.865,114,715,0,0,65,quick_points
66.931,140,717,0,0,65,quick_points
66.975,170,718,-8,0,65,quick_points
67.051,180,717,0,0,66,quick_points
67.118,180,717,0,0,68,quick_points
67.163,188,716,0,0,68,quick_points
67.229,169,719,0,0,70,quick_points
67.306,169,719,0,0,70,quick_points
67.345,139,722,0,0,72,quick_points
67.420,107,725,0,0,74,quick_points
67.493,107,725,0,0,74,quick_points
67.539,97,731,0,0,73,quick_points
67.607,105,733,0,0,72,quick_points
67.675,105,733,0,0,72,quick_points
67.708,136,735,0,0,72,quick_points
67.788,211,717,0,0,75,quick_points
67.863,211,717,0,0,75,quick_points
67.894,287,696,0,0,75,quick_points
67.963,350,673,0,0,75,quick_points
68.042,350,673,0,0,74,quick_points
68.088,412,654,0,0,73,quick_points
68.151,473,633,0,0,73,quick_points
68.227,473,633,0,0,72,quick_points
68.261,531,628,0,0,72,quick_points
68.344,557,654,0,0,71,quick_points
68.407,557,654,0,0,71,quick_points
68.450,541,676,0,0,70,quick_points
68.528,522,687,-8,0,71,quick_points
68.594,491,700,-8,0,71,quick_points
68.651,491,700,-8,0,71,quick_points
68.718,465,706,0,0,71,quick_points
68.786,455,707,8,0,71,quick_points
68.820,455,707,8,0,71,quick_points
68.898,448,706,-8,0,70,quick_points
68.981,438,704,-16,0,70,quick_points
69.015,427,701,-8,0,69,quick_points
69.081,427,701,-8,0,68,quick_points
69.157,418,701,8,0,68,quick_points
69.196,411,705,8,0,68,quick_points
69.270,411,705,8,0,68,quick_points
69.337,410,709,8,0,69,quick_points
69.381,415,712,0,0,70,quick_points
69.450,423,716,0,0,70,quick_points
69.518,423,716,0,0,72,quick_points
69.562,434,719,0,0,72,quick_points
69.631,439,721,0,0,73,quick_points
69.709,439,721,0,0,73,quick_points
69.759,425,719,0,0,73,quick_points
69.824,406,716,0,0,72,quick_points
69.888,406,716,0,0,72,quick_points
69.927,348,710,0,0,72,quick_points
70.000,302,711,0,0,72,quick_points
70.074,302,711,0,0,72,quick_points
70.120,273,709,0,0,73,quick_points
70.184,243,708,0,0,72,quick_points
70.270,243,708,0,0,72,quick_points
70.298,236,707,0,0,72,quick_points
70.374,238,704,0,0,72,quick_points
70.442,238,704,0,0,73,quick_points
70.486,248,702,8,0,73,quick_points
70.560,260,702,0,0,73,quick_points
70.627,260,702,0,0,71,quick_points
70.666,271,705,16,0,71,quick_points
70.758,285,711,16,0,72,quick_points
70.825,298,716,16,0,73,quick_points
70.854,298,716,16,0,73,quick_points
70.928,311,721,16,0,71,quick_points
71.007,324,720,8,0,71,quick_points
71.049,324,720,8,0,72,quick_points
71.118,332,716,8,0,70,quick_points
71.201,321,713,8,0,70,quick_points
71.227,309,709,0,0,69,quick_points
71.306,309,709,0,0,68,quick_points
71.371,289,699,0,0,68,quick_points
71.418,220,665,0,0,65,quick_points
71.487,220,665,0,0,65,quick_points
71.565,192,655,0,0,65,quick_points
71.608,134,630,0,0,65,quick_points
71.674,134,630,0,0,65,quick_points
71.740,120,626,0,0,63,quick_points
71.786,121,633,0,0,61,quick_points
71.852,128,642,0,0,61,quick_points
71.925,128,642,0,0,59,quick_points
71.973,141,651,0,0,59,quick_points
72.040,193,681,0,0,59,quick_points
72.123,193,681,0,0,61,quick_points
72.157,236,676,0,0,61,quick_points
72.223,249,671,0,0,61,quick_points
72.303,249,671,0,0,61,quick_points
72.333,283,646,0,0,63,quick_points
72.412,297,643,0,0,64,quick_points
72.479,297,643,0,0,64,quick_points
72.522,313,642,0,0,62,quick_points
72.590,328,641,0,0,60,quick_points
72.668,328,641,0,0,60,quick_points
72.711,340,642,0,0,59,quick_points
72.788,326,649,0,0,59,quick_points
72.855,326,649,0,0,59,quick_points
72.893,312,660,0,0,59,quick_points
72.975,292,671,0,0,59,quick_points
73.042,292,671,0,0,59,quick_points
73.079,269,683,0,0,59,quick_points
73.166,252,694,-8,0,59,quick_points
73.233,232,708,-8,0,59,quick_points
73.267,232,708,-8,0,59,quick_points
73.334,213,723,-8,0,58,quick_points
73.413,200,734,-8,0,58,quick_points
73.455,200,734,-8,0,56,quick_points
73.523,185,738,-8,0,54,quick_points
73.600,169,735,-8,0,54,quick_points
73.631,158,730,-8,0,54,quick_points
73.710,158,730,-8,0,53,quick_points
73.776,151,722,-8,0,53,quick_points
73.822,141,715,0,0,53,quick_points
73.895,141,715,0,0,54,quick_points
73.964,110,691,0,0,54,quick_points
73.998,87,668,0,0,52,quick_points
74.076,87,668,0,0,52,quick_points
74.144,77,660,0,0,50,quick_points
74.201,70,665,0,0,50,quick_points
74.269,66,662,0,0,50,quick_points
74.338,66,662,0,0,50,quick_points
74.372,55,650,8,0,50,quick_points
74.439,34,643,0,0,49,quick_points
74.517,34,643,0,0,49,quick_points
74.559,26,642,0,0,49,quick_points
74.624,19,643,0,0,51,quick_points
74.701,19,643,0,0,51,quick_points
74.737,12,644,0,0,50,quick_points
74.823,4,644,0,0,50,quick_points
74.888,4,644,0,0,50,quick_points
74.937,-3,639,0,0,48,quick_points
75.003,-13,635,0,0,48,quick_points
75.078,-13,635,0,0,48,quick_points
75.107,-21,635,0,0,49,quick_points
75.185,-23,635,0,0,50,quick_points
75.253,-23,635,0,0,50,quick_points
75.297,-22,635,8,0,49,quick_points
75.375,-15,635,-16,0,49,quick_points
75.439,-15,635,-16,0,49,quick_points
75.487,-6,635,8,0,50,quick_points
75.552,41,633,-8,0,50,quick_points
75.638,86,634,-8,0,52,quick_points
75.672,86,634,-8,0,52,quick_points
75.739,173,634,0,24,54,quick_points
75.819,232,631,0,0,56,quick_points
75.850,232,631,0,0,56,quick_points
75.929,283,653,0,0,60,quick_points
75.996,313,664,0,0,60,quick_points
76.031,323,672,0,0,60,quick_points
76.110,323,672,0,0,58,quick_points
76.178,329,679,0,0,58,quick_points
76.216,334,679,0,0,58,quick_points
76.289,334,679,0,0,58,quick_points
76.362,337,677,0,0,58,quick_points
76.414,339,676,0,0,58,quick_points
76.480,339,676,0,0,58,quick_points
76.546,345,672,0,0,61,quick_points
76.595,356,664,0,0,62,quick_points
76.662,386,643,0,0,62,quick_points
76.751,386,643,0,0,63,quick_points
76.774,407,631,0,0,63,quick_points
76.852,413,628,8,0,64,quick_points
76.924,413,628,8,0,64,quick_points
76.966,416,632,16,0,64,quick_points
77.033,418,639,16,0,64,quick_points
77.111,418,639,16,0,64,quick_points
77.144,415,643,-8,0,64,quick_points
77.218,402,645,-8,0,63,quick_points
77.296,402,645,-8,0,63,quick_points
77.342,388,648,0,0,64,quick_points
77.409,375,654,0,0,67,quick_points
77.473,375,654,0,0,67,quick_points
77.521,356,663,-8,0,68,quick_points
77.598,337,674,0,0,67,quick_points
77.665,337,674,0,0,67,quick_points
77.712,285,697,0,0,67,quick_points
77.776,235,710,0,0,67,quick_points
77.852,235,710,0,0,66,quick_points
77.883,176,719,0,0,64,quick_points
77.960,115,724,0,0,64,quick_points
78.028,68,734,0,0,66,quick_points
78.073,68,734,0,0,66,quick_points
78.151,47,740,0,0,68,quick_points
78.220,55,738,0,21,70,quick_points
78.253,55,738,0,21,70,quick_points
78.335,64,731,0,0,71,quick_points
78.397,71,725,0,0,71,quick_points
78.441,62,734,-8,0,71,quick_points
78.508,62,734,-8,0,70,quick_points
78.583,51,745,16,0,70,quick_points
78.627,39,754,8,0,70,quick_points
78.694,39,754,8,0,70,quick_points
78.770,20,753,8,0,70,quick_points
78.805,3,751,8,0,70,quick_points
78.887,-14,748,8,0,71,quick_points
78.954,-14,748,8,0,71,quick_points
78.995,-21,746,8,0,71,quick_points
79.078,-24,743,8,0,71,quick_points
79.151,-24,743,8,0,71,quick_points
79.185,-30,742,0,0,70,quick_points
79.250,-38,742,0,0,70,quick_points
79.334,-38,742,0,0,70,quick_points
79.369,-50,741,0,0,70,quick_points
79.435,-64,741,0,0,69,quick_points
79.509,-64,741,0,0,68,quick_points
79.557,-77,739,0,0,68,quick_points
79.623,-90,739,0,0,66,quick_points
79.709,-90,739,0,0,66,quick_points
79.742,-103,739,0,0,64,quick_points
79.810,-115,739,0,0,62,quick_points
79.877,-115,739,0,0,62,quick_points
79.922,-127,739,0,0,58,quick_points
79.989,-132,738,0,0,58,quick_points
80.064,-132,738,0,0,58,quick_points
80.105,-134,738,0,0,60,quick_points
80.172,-138,737,0,0,60,quick_points
80.249,-138,737,0,0,60,quick_points
80.292,-146,736,0,0,59,quick_points
80.356,-154,732,0,0,59,quick_points
80.432,-163,730,0,0,58,quick_points
80.478,-163,730,0,0,58,quick_points
80.545,-174,727,0,0,55,quick_points
80.624,-183,722,-8,0,54,quick_points
80.661,-183,722,-8,0,54,quick_points
80.737,-187,721,-8,0,53,quick_points
80.803,-183,725,-8,0,53,quick_points
80.852,-178,731,-16,0,52,quick_points
80.919,-178,731,-16,0,53,quick_points
81.007,-175,728,-8,0,53,quick_points
81.030,-166,725,-16,0,55,quick_points
81.115,-157,728,-8,0,55,quick_points
81.191,-157,728,-8,0,55,quick_points
81.225,-115,747,0,0,54,quick_points
81.296,-69,768,0,0,54,quick_points
81.364,-69,768,0,0,54,quick_points
81.404,44,797,0,0,51,quick_points
81.471,139,836,0,0,51,quick_points
81.549,139,836,0,0,51,quick_points
81.594,256,866,0,0,51,quick_points
81.662,376,895,0,0,51,quick_points
81.729,376,895,0,0,52,quick_points
81.774,491,922,0,0,52,quick_points
81.848,574,937,0,0,52,quick_points
81.927,574,937,0,0,51,quick_points
81.961,523,911,0,0,51,quick_points
82.028,477,897,0,0,51,quick_points
82.106,477,897,0,0,51,quick_points
82.138,459,891,0,0,49,quick_points
82.216,441,886,0,0,48,quick_points
82.283,441,886,0,0,48,quick_points
82.330,393,869,0,0,46,quick_points
82.406,348,845,8,0,46,quick_points
82.469,348,845,8,0,46,quick_points
82.514,308,830,8,0,47,quick_points
82.580,275,816,8,0,46,quick_points
82.657,253,802,8,0,46,quick_points
82.702,253,802,8,0,45,quick_points
82.767,248,787,-8,0,45,quick_points
82.837,263,782,-8,0,46,quick_points
82.892,263,782,-8,0,47,quick_points
82.959,295,772,-8,0,47,quick_points
83.027,346,754,0,0,46,quick_points
83.075,367,719,0,0,46,quick_points
83.147,367,719,0,0,46,quick_points
83.213,368,689,0,16,48,quick_points
83.261,381,676,0,16,48,quick_points
83.327,381,676,0,0,50,quick_points
83.411,389,661,0,0,50,quick_points
83.445,402,652,0,0,52,quick_points
83.514,423,653,0,0,54,quick_points
83.580,423,653,0,0,54,quick_points
83.626,435,657,0,0,56,quick_points
83.693,452,673,8,0,57,quick_points
88.949,452,673,8,0,57,ellipse
88.949,465,684,0,0,60,ellipse
88.949,459,692,0,17,63,ellipse
88.949,459,692,0,17,63,ellipse
88.949,459,693,8,0,63,ellipse
88.949,460,692,16,0,63,ellipse
88.949,460,692,16,0,62,ellipse
88.949,461,690,16,0,63,ellipse
88.949,463,693,16,0,63,ellipse
88.949,463,693,16,0,64,ellipse
88.949,469,696,16,0,64,ellipse
88.949,480,697,16,0,64,ellipse
88.949,480,697,16,0,65,ellipse
88.949,510,702,0,0,65,ellipse
88.949,470,703,0,0,65,ellipse
88.949,470,703,0,0,65,ellipse
88.949,450,702,0,0,64,ellipse
88.949,384,707,-8,0,64,ellipse
88.949,322,715,-16,0,64,ellipse
88.949,322,715,-16,0,64,ellipse
88.949,233,721,-8,0,62,ellipse
88.949,169,706,-8,0,62,ellipse
88.949,151,706,8,0,61,ellipse
88.949,151,706,8,0,63,ellipse
88.949,133,701,8,0,63,ellipse
88.949,107,689,0,0,63,ellipse
88.949,107,689,0,0,63,ellipse
88.949,81,672,0,0,65,ellipse
88.949,62,664,0,0,66,ellipse
88.949,48,663,0,0,66,ellipse
88.949,48,663,0,0,66,ellipse
88.949,31,663,-8,0,66,ellipse
88.949,7,659,-8,0,66,ellipse
88.949,7,659,-8,0,66,ellipse
88.949,-4,659,8,0,66,ellipse
88.949,-11,653,0,0,67,ellipse
88.949,-11,653,0,0,67,ellipse
88.949,-12,650,-8,0,67,ellipse
88.949,-9,647,-16,0,66,ellipse
88.949,-9,647,-16,0,66,ellipse
88.949,-10,648,-8,0,66,ellipse
88.949,-9,651,8,0,67,ellipse
88.949,-9,651,8,0,67,ellipse
88.949,-10,654,16,0,67,ellipse
88.949,-16,654,8,0,67,ellipse
88.949,-16,654,8,0,67,ellipse
88.949,-21,655,0,0,67,ellipse
88.949,-20,659,0,0,67,ellipse
88.949,-18,661,-8,0,67,ellipse
88.949,-18,661,-8,0,66,ellipse
88.949,-14,664,-8,0,66,ellipse
88.949,-13,665,-8,0,65,ellipse
88.949,-13,665,-8,0,65,ellipse
88.949,-7,669,-8,0,64,ellipse
88.949,-4,669,0,0,63,ellipse
88.949,-7,667,0,0,63,ellipse
88.949,-7,667,0,0,62,ellipse
88.949,-12,664,0,0,62,ellipse
88.949,-15,658,0,0,61,ellipse
88.949,-15,658,0,0,60,ellipse
88.949,-16,652,0,0,60,ellipse
88.949,-18,649,0,0,60,ellipse
88.949,-22,650,0,0,59,ellipse
88.949,-22,650,0,0,59,ellipse
88.949,-29,653,0,0,60,ellipse
88.949,-33,656,0,0,60,ellipse
88.949,-33,656,0,0,60,ellipse
88.949,-35,659,0,0,58,ellipse
88.949,-34,660,0,0,59,ellipse
88.949,-34,660,0,0,59,ellipse
88.949,-34,664,0,0,61,ellipse
88.949,-33,670,0,0,61,ellipse
88.949,-33,670,0,0,62,ellipse
88.949,-32,676,0,0,63,ellipse
88.949,-31,683,0,0,63,ellipse
88.949,-31,683,0,0,64,ellipse
88.949,-29,685,0,0,64,ellipse
88.949,-27,681,0,0,65,ellipse
88.949,-27,681,0,0,65,ellipse
88.949,-27,673,0,0,65,ellipse
88.949,-29,663,0,0,65,ellipse
88.949,-30,652,0,0,65,ellipse
88.949,-30,652,0,0,64,ellipse
88.949,-31,642,0,0,64,ellipse
88.983,-37,621,0,0,64,ellipse
89.026,-37,621,0,0,64,ellipse
89.105,-39,616,0,0,65,ellipse
89.170,-42,612,0,0,65,ellipse
89.211,-46,613,0,0,65,ellipse
89.290,-46,613,0,0,66,ellipse
89.357,-50,618,0,0,66,ellipse
89.410,-52,621,0,0,65,ellipse
89.477,-50,623,0,0,65,ellipse
89.543,-50,623,0,0,65,ellipse
89.591,-47,624,0,0,66,ellipse
89.658,-43,626,0,0,66,ellipse
89.728,-43,626,0,0,67,ellipse
89.769,-39,630,0,0,67,ellipse
89.848,-33,634,0,0,67,ellipse
89.916,-33,634,0,0,68,ellipse
89.959,-27,635,0,0,68,ellipse
90.035,-26,635,8,0,68,ellipse
90.102,-26,635,8,0,68,ellipse
90.151,-27,633,8,0,70,ellipse
90.217,-27,634,8,0,71,ellipse
90.300,-27,634,8,0,71,ellipse
90.334,-24,637,0,0,70,ellipse
90.399,-18,644,0,0,69,ellipse
90.478,-18,644,0,0,69,ellipse
90.521,-13,649,0,0,70,ellipse
90.590,-8,653,0,0,70,ellipse
90.658,-7,657,0,0,70,ellipse
90.706,-7,657,0,0,71,ellipse
90.772,-8,661,0,0,71,ellipse
90.863,-9,663,0,0,71,ellipse
90.886,-9,663,0,0,71,ellipse
90.961,-7,663,0,0,71,ellipse
91.038,-7,663,0,0,72,ellipse
91.069,-10,660,0,0,72,ellipse
91.158,-10,660,0,0,72,ellipse
91.226,-13,660,-8,0,71,ellipse
91.265,-20,663,0,0,71,ellipse
91.339,-20,663,0,0,71,ellipse
91.415,-25,667,0,0,70,ellipse
91.451,-25,670,0,0,70,ellipse
91.536,-24,674,0,0,69,ellipse
91.595,-24,674,0,0,69,ellipse
91.637,-25,677,0,0,69,ellipse
91.715,-25,678,0,0,68,ellipse
91.782,-25,678,0,0,68,ellipse
91.828,-23,678,0,0,68,ellipse
91.895,-21,678,0,0,67,ellipse
91.974,-21,678,0,0,67,ellipse
92.010,-19,678,0,0,67,ellipse
92.095,-17,678,0,0,66,ellipse
92.159,-17,678,0,0,66,ellipse
92.192,-13,679,-16,0,65,ellipse
92.269,-13,679,-8,0,65,ellipse
92.333,-13,679,-8,0,64,ellipse
92.377,-9,680,-16,0,64,ellipse
92.443,-10,681,-16,0,62,ellipse
92.524,-10,681,-16,0,60,ellipse
92.557,-10,676,-16,0,60,ellipse
92.636,-8,673,-16,0,60,ellipse
92.703,-8,673,-16,0,60,ellipse
92.757,-7,669,-16,0,60,ellipse
92.826,-2,666,-24,0,60,ellipse
92.893,0,662,-24,0,60,ellipse
92.926,0,662,-24,0,61,ellipse
93.006,5,659,-16,0,61,ellipse
93.074,14,658,-8,0,61,ellipse
93.119,14,658,-8,0,60,ellipse
93.188,30,655,0,0,61,ellipse
93.267,45,652,0,0,61,ellipse
93.298,102,630,8,0,60,ellipse
93.379,102,630,8,0,60,ellipse
93.445,149,612,8,0,59,ellipse
93.503,184,594,16,0,58,ellipse
93.558,184,594,16,0,58,ellipse
93.636,150,590,16,0,57,ellipse
93.672,130,592,24,0,57,ellipse
93.741,75,598,8,0,57,ellipse
93.819,75,598,8,0,57,ellipse
93.866,-1,596,24,0,57,ellipse
93.935,-123,594,8,0,56,ellipse
94.015,-123,594,8,0,56,ellipse
94.037,-159,605,16,0,55,ellipse
94.119,-69,622,16,0,54,ellipse
94.187,-69,622,16,0,54,ellipse
94.227,-36,629,16,0,53,ellipse
94.309,8,656,16,0,54,ellipse
94.383,8,656,16,0,54,ellipse
94.405,72,708,16,0,55,ellipse
94.488,58,713,16,0,54,ellipse
94.556,58,713,16,0,54,ellipse
94.599,55,717,8,0,53,ellipse
94.666,73,714,16,0,53,ellipse
94.733,73,714,16,0,53,ellipse
94.777,74,712,16,0,52,ellipse
94.846,43,711,8,0,52,ellipse
94.917,43,711,8,0,51,ellipse
94.960,26,709,8,0,51,ellipse
95.039,2,705,8,0,51,ellipse
95.108,2,705,8,0,51,ellipse
95.152,-22,704,0,0,50,ellipse
95.301,-173,701,0,0,50,ellipse
95.342,-173,701,0,0,49,ellipse
95.409,-205,705,0,0,49,ellipse
95.487,-204,708,0,0,49,ellipse
95.524,-195,711,-8,0,49,ellipse
95.608,-195,711,-8,0,50,ellipse
95.675,-168,718,0,0,50,ellipse
95.708,-120,723,-16,0,48,ellipse
95.777,-120,723,-16,0,47,ellipse
95.860,-6,741,-16,0,47,ellipse
95.898,87,756,-8,0,46,ellipse
95.966,87,756,-8,0,46,ellipse
96.033,199,757,-16,0,45,ellipse
96.076,288,751,-16,0,45,ellipse
96.151,371,722,-16,0,44,ellipse
96.228,371,722,-16,0,44,ellipse
96.273,450,685,-16,0,44,ellipse
96.340,522,647,-16,0,43,ellipse
96.406,522,647,-16,0,43,ellipse
96.455,552,625,-16,0,43,ellipse
96.518,536,638,-16,0,44,ellipse
96.599,536,638,-16,0,44,ellipse
96.630,522,645,-16,0,43,ellipse
96.708,520,644,-16,0,43,ellipse
96.777,520,644,-16,0,43,ellipse
96.821,513,642,-24,0,43,ellipse
96.889,492,639,-16,0,42,ellipse
96.956,492,639,-16,0,42,ellipse
97.003,468,636,-8,0,42,ellipse
97.072,445,632,-8,0,42,ellipse
97.138,445,632,-8,0,42,ellipse
97.181,394,627,-8,0,40,ellipse
97.262,373,622,8,0,40,ellipse
97.342,373,622,8,0,40,ellipse
97.376,366,621,16,0,40,ellipse
97.444,348,623,16,0,41,ellipse
97.524,329,622,16,0,40,ellipse
97.552,329,622,16,0,40,ellipse
97.631,309,621,16,0,40,ellipse
97.709,290,620,8,0,40,ellipse
97.743,290,620,8,0,40,ellipse
97.812,268,618,16,0,41,ellipse
97.887,243,616,16,0,41,ellipse
97.924,215,608,32,0,40,ellipse
98.014,215,608,32,0,40,ellipse
98.077,140,587,16,0,40,ellipse
98.114,76,573,32,0,40,ellipse
98.191,76,573,32,0,41,ellipse
98.260,17,560,32,0,41,ellipse
98.296,-21,559,24,0,40,ellipse
98.368,-21,559,24,0,40,ellipse
98.446,-27,561,16,0,40,ellipse
98.492,-13,564,8,0,41,ellipse
98.557,2,573,8,0,41,ellipse
98.625,2,573,8,0,41,ellipse
98.660,45,602,16,0,41,ellipse
98.739,90,637,16,0,41,ellipse
98.806,90,637,16,0,41,ellipse
98.863,128,657,16,0,42,ellipse
98.920,161,680,8,0,43,ellipse
98.988,161,680,8,0,43,ellipse
99.037,183,699,-8,0,43,ellipse
99.118,186,709,0,0,43,ellipse
99.183,186,709,0,0,43,ellipse
99.217,191,718,-16,0,43,ellipse
99.305,191,727,-8,0,44,ellipse
99.376,191,727,-8,0,44,ellipse
99.410,182,729,-8,0,44,ellipse
99.477,172,730,-8,0,43,ellipse
99.557,172,730,-8,0,43,ellipse
99.595,164,731,-24,0,41,ellipse
99.662,168,739,-32,0,41,ellipse
99.741,168,739,-32,0,42,ellipse
99.774,171,746,-24,0,42,ellipse
99.849,180,751,-24,0,42,ellipse
99.925,192,756,-24,0,42,ellipse
99.959,192,756,-24,0,42,ellipse
100.027,199,759,-24,0,41,ellipse
100.104,208,757,-24,0,41,ellipse
100.143,208,757,-24,0,41,ellipse
100.230,210,751,-24,0,40,ellipse
100.296,214,743,-16,0,40,ellipse
100.330,209,734,-16,22,40,ellipse
100.410,209,734,-16,0,40,ellipse
100.477,204,727,-16,0,40,ellipse
100.518,197,713,-8,0,42,ellipse
100.590,197,713,-8,0,44,ellipse
100.659,174,705,-8,0,44,ellipse
100.698,159,693,-8,0,45,ellipse
100.771,159,693,-8,0,45,ellipse
100.839,147,671,-8,0,45,ellipse
100.883,148,652,16,0,46,ellipse
100.961,144,637,8,0,46,ellipse
101.028,144,637,8,0,46,ellipse
101.074,137,627,8,0,46,ellipse
101.142,131,628,16,0,47,ellipse
101.211,131,628,16,0,48,ellipse
101.267,102,631,32,0,48,ellipse
101.332,61,631,32,0,47,ellipse
101.400,61,631,32,0,47,ellipse
101.456,30,632,16,0,48,ellipse
101.524,-6,634,8,0,50,ellipse
101.593,-6,634,8,0,50,ellipse
101.630,-33,633,32,0,52,ellipse
101.698,-63,629,32,0,53,ellipse
101.773,-63,629,32,0,53,ellipse
101.806,-94,625,32,0,53,ellipse
101.894,-114,635,32,0,53,ellipse
101.961,-114,635,32,0,53,ellipse
101.995,-123,639,24,0,53,ellipse
102.065,-128,642,24,0,53,ellipse
102.150,-128,642,24,0,53,ellipse
102.173,-130,644,24,0,53,ellipse
102.254,-133,645,24,0,53,ellipse
102.323,-135,646,8,0,53,ellipse
102.363,-135,646,8,0,53,ellipse
102.442,-111,646,8,0,52,ellipse
102.510,-86,648,8,0,52,ellipse
102.555,-86,648,8,0,52,ellipse
102.623,-57,661,16,0,53,ellipse
102.691,-47,666,0,0,53,ellipse
102.747,-34,676,0,0,53,ellipse
102.811,-34,676,0,0,54,ellipse
102.878,10,703,0,0,54,ellipse
102.927,48,732,-8,0,54,ellipse
102.994,48,732,-8,0,54,ellipse
103.062,24,741,-8,0,54,ellipse
103.105,0,744,0,0,55,ellipse
103.171,0,744,0,0,55,ellipse
103.250,-19,731,-8,0,55,ellipse
103.291,-33,716,-16,0,54,ellipse
103.368,-1,715,-8,0,54,ellipse
103.433,-1,715,-8,0,55,ellipse
103.478,10,717,-8,0,55,ellipse
103.544,20,718,-24,0,56,ellipse
103.622,20,718,-24,0,55,ellipse
103.667,31,719,-24,0,55,ellipse
103.733,40,720,-24,0,56,ellipse
103.807,40,720,-24,0,56,ellipse
103.844,44,720,-32,0,55,ellipse
103.931,50,722,-16,0,55,ellipse
103.999,50,722,-16,0,55,ellipse
104.032,57,722,-24,0,56,ellipse
104.100,68,719,-16,0,56,ellipse
104.177,68,719,-16,0,56,ellipse
104.208,74,716,-16,0,56,ellipse
104.285,86,710,-16,0,56,ellipse
104.363,86,710,-16,0,56,ellipse
104.406,97,704,-24,0,56,ellipse
104.472,106,701,-32,0,56,ellipse
104.538,106,701,-32,0,56,ellipse
104.577,112,697,-8,0,56,ellipse
104.662,114,693,0,0,56,ellipse
104.729,119,687,-8,0,55,ellipse
104.763,119,687,-8,0,55,ellipse
104.845,126,685,0,0,56,ellipse
104.911,129,681,0,0,57,ellipse
104.948,129,681,0,0,57,ellipse
105.027,126,673,8,0,58,ellipse
105.098,118,663,16,0,58,ellipse
105.138,89,641,24,0,56,ellipse
105.206,89,641,24,0,56,ellipse
105.284,50,630,32,0,56,ellipse
105.323,-6,628,8,0,57,ellipse
105.400,-6,628,8,0,56,ellipse
105.476,-42,631,16,0,56,ellipse
105.510,-64,636,8,0,55,ellipse
105.579,-77,634,16,0,54,ellipse
105.660,-77,634,16,0,54,ellipse
105.707,-89,633,16,0,53,ellipse
105.775,-103,632,16,0,53,ellipse
105.842,-103,632,16,0,53,ellipse
105.881,-119,634,24,0,53,ellipse
105.958,-132,626,24,0,53,ellipse
106.026,-132,626,24,0,53,ellipse
106.060,-149,625,24,0,53,ellipse
106.148,-154,629,16,0,53,ellipse
106.216,-154,629,16,0,52,ellipse
106.249,-139,651,8,0,52,ellipse
106.320,-108,675,8,0,52,ellipse
106.406,-108,675,8,0,52,ellipse
106.439,-80,705,8,0,53,ellipse
106.506,-18,771,8,0,52,ellipse
106.579,-18,771,8,0,52,ellipse
106.619,47,827,0,0,52,ellipse
106.687,98,868,0,0,53,ellipse
106.766,98,868,0,0,53,ellipse
106.797,93,868,0,0,53,ellipse
106.884,81,861,-8,0,53,ellipse
106.953,73,856,-8,0,55,ellipse
106.987,73,856,-8,0,55,ellipse
107.066,64,850,-16,0,55,ellipse
107.135,59,847,-16,18,54,ellipse
107.172,59,847,-16,18,54,ellipse
107.261,63,846,-24,0,53,ellipse
107.326,69,844,-8,0,52,ellipse
107.360,74,841,-8,0,52,ellipse
107.453,74,841,-8,0,51,ellipse
107.520,80,839,-16,0,51,ellipse
107.555,84,836,-24,0,53,ellipse
107.623,84,836,-24,0,54,ellipse
107.689,92,831,-16,0,54,ellipse
107.733,105,828,-16,0,54,ellipse
107.811,116,824,-24,0,54,ellipse
107.878,116,824,-24,0,54,ellipse
107.915,122,821,-16,0,54,ellipse
108.000,130,816,-24,0,54,ellipse
108.068,130,816,-24,0,54,ellipse
108.100,133,810,-16,0,54,ellipse
108.182,134,805,-16,0,54,ellipse
108.249,134,805,-16,0,56,ellipse
108.280,132,800,-8,0,56,ellipse
108.357,131,796,-8,0,56,ellipse
108.431,131,796,-8,0,56,ellipse
108.474,133,793,-8,0,56,ellipse
108.539,135,791,-8,0,55,ellipse
108.617,135,791,-8,0,54,ellipse
108.661,134,785,-8,0,54,ellipse
108.730,127,773,8,0,54,ellipse
108.799,127,773,8,0,54,ellipse
108.835,118,759,16,0,53,ellipse
108.922,73,716,16,0,52,ellipse
114.167,73,716,16,0,52,fwd_back
114.167,27,672,32,0,52,fwd_back
114.167,-44,617,8,0,53,fwd_back
114.167,-44,617,8,0,53,fwd_back
114.167,-73,605,16,0,53,fwd_back
114.167,-79,610,16,0,53,fwd_back
114.167,-69,621,24,0,53,fwd_back
114.167,-69,621,24,0,52,fwd_back
114.167,-68,635,16,0,52,fwd_back
114.167,-84,646,24,0,51,fwd_back
114.167,-104,659,24,0,51,fwd_back
114.167,-104,659,24,0,51,fwd_back
114.167,-112,663,16,0,51,fwd_back
114.167,-119,667,16,0,51,fwd_back
114.167,-119,667,16,0,50,fwd_back
114.167,-123,666,8,0,51,fwd_back
114.167,-124,666,16,0,51,fwd_back
114.167,-131,665,0,0,51,fwd_back
114.167,-131,665,0,0,51,fwd_back
114.167,-136,669,0,0,51,fwd_back
114.167,-142,674,0,0,52,fwd_back
114.167,-142,674,0,0,52,fwd_back
114.167,-148,684,-8,0,51,fwd_back
114.167,-157,692,-16,0,52,fwd_back
114.167,-157,692,-16,0,52,fwd_back
114.167,-168,700,-16,0,52,fwd_back
114.167,-172,707,-16,0,52,fwd_back
114.167,-172,707,-16,0,52,fwd_back
114.167,-174,707,-16,0,51,fwd_back
114.167,-171,701,-16,0,51,fwd_back
114.167,-171,701,-16,0,49,fwd_back
114.167,-168,695,-16,22,50,fwd_back
114.167,-160,691,-8,22,50,fwd_back
114.167,-160,691,-8,0,50,fwd_back
114.167,-152,688,-8,0,50,fwd_back
114.167,-145,688,-8,0,50,fwd_back
114.167,-143,687,-8,0,52,fwd_back
114.167,-143,687,-8,0,52,fwd_back
114.167,-139,687,0,0,53,fwd_back
114.167,-121,689,0,0,53,fwd_back
114.167,-121,689,0,0,54,fwd_back
114.167,-61,697,0,0,53,fwd_back
114.167,-3,702,0,0,53,fwd_back
114.167,141,702,0,0,54,fwd_back
114.167,141,702,0,0,55,fwd_back
114.167,250,693,0,0,55,fwd_back
114.167,338,657,0,0,55,fwd_back
114.167,338,657,0,0,57,fwd_back
114.167,420,614,0,0,57,fwd_back
114.167,463,603,0,0,57,fwd_back
114.167,503,596,0,0,57,fwd_back
114.167,503,596,0,0,57,fwd_back
114.167,524,614,0,0,55,fwd_back
114.167,518,640,0,0,55,fwd_back
114.167,518,640,0,0,55,fwd_back
114.167,490,673,0,0,53,fwd_back
114.167,451,700,0,0,53,fwd_back
114.167,451,700,0,0,52,fwd_back
114.167,371,739,0,0,52,fwd_back
114.167,324,771,0,0,52,fwd_back
114.167,324,771,0,0,52,fwd_back
114.167,326,800,0,0,52,fwd_back
114.167,324,809,0,0,53,fwd_back
114.167,324,809,0,0,53,fwd_back
114.167,306,803,0,0,54,fwd_back
114.167,275,798,0,0,55,fwd_back
114.167,275,798,0,0,55,fwd_back
114.167,232,812,0,0,57,fwd_back
114.167,151,837,0,0,59,fwd_back
114.167,84,846,0,0,59,fwd_back
114.167,84,846,0,0,60,fwd_back
114.167,32,829,0,0,61,fwd_back
114.167,1,815,0,0,61,fwd_back
114.167,1,815,0,0,62,fwd_back
114.167,-28,834,0,0,62,fwd_back
114.167,-23,845,0,0,62,fwd_back
114.167,16,847,0,0,62,fwd_back
114.167,16,847,0,0,62,fwd_back
114.167,30,847,0,0,63,fwd_back
114.167,26,841,0,0,63,fwd_back
114.167,19,835,0,0,62,fwd_back
114.167,19,835,0,0,62,fwd_back
114.167,10,829,0,0,62,fwd_back
114.167,1,823,0,0,61,fwd_back
114.202,1,823,0,0,61,fwd_back
114.236,-6,819,0,0,62,fwd_back
114.319,-11,814,0,0,64,fwd_back
114.393,-11,814,0,0,64,fwd_back
114.426,-12,810,0,0,66,fwd_back
114.514,-10,806,0,0,70,fwd_back
114.581,-10,806,0,0,70,fwd_back
114.615,-6,802,0,0,73,fwd_back
114.682,-1,798,0,23,82,fwd_back
114.770,-1,798,0,23,82,fwd_back
114.804,3,794,0,22,85,fwd_back
114.871,6,791,0,22,85,fwd_back
114.941,6,791,0,0,85,fwd_back
114.986,7,789,0,0,87,fwd_back
115.063,6,788,0,0,87,fwd_back
115.128,6,788,0,0,90,fwd_back
115.185,1,788,0,0,90,fwd_back
115.253,-1,786,0,0,89,fwd_back
115.322,0,784,0,0,89,fwd_back
115.355,0,784,0,0,89,fwd_back
115.437,2,786,0,0,89,fwd_back
115.501,3,787,0,0,89,fwd_back
115.544,3,787,0,0,88,fwd_back
115.620,7,783,0,0,87,fwd_back
115.697,9,778,8,0,87,fwd_back
115.741,7,775,16,0,86,fwd_back
115.809,7,775,16,0,84,fwd_back
115.885,9,773,8,0,84,fwd_back
115.922,14,774,16,0,82,fwd_back
116.005,26,777,24,0,81,fwd_back
116.072,26,777,24,0,81,fwd_back
116.106,35,779,16,0,81,fwd_back
116.188,50,778,16,38,82,fwd_back
116.257,50,778,16,38,82,fwd_back
116.289,78,779,16,27,82,fwd_back
116.368,86,788,16,27,82,fwd_back
116.445,86,788,16,0,84,fwd_back
116.490,84,790,16,0,86,fwd_back
116.556,82,795,16,0,86,fwd_back
116.624,82,795,16,0,87,fwd_back
116.673,78,798,16,0,87,fwd_back
116.735,73,801,8,0,87,fwd_back
116.823,73,801,8,0,86,fwd_back
116.846,67,803,8,0,86,fwd_back
116.923,68,807,8,0,85,fwd_back
117.002,68,807,8,0,85,fwd_back
117.035,67,810,8,0,83,fwd_back
117.115,62,811,0,0,82,fwd_back
117.182,59,810,0,0,82,fwd_back
117.230,59,810,0,0,80,fwd_back
117.300,62,810,0,0,80,fwd_back
117.367,60,812,0,0,80,fwd_back
117.406,60,812,0,0,79,fwd_back
117.485,63,813,0,0,79,fwd_back
117.553,66,814,0,0,79,fwd_back
117.597,65,811,-16,0,79,fwd_back
117.676,65,811,-16,0,79,fwd_back
117.744,65,812,-16,0,79,fwd_back
117.790,60,811,-16,0,79,fwd_back
117.859,60,811,-16,0,79,fwd_back
117.925,55,807,-16,33,81,fwd_back
117.973,49,803,-24,33,81,fwd_back
118.041,46,800,-24,0,80,fwd_back
118.109,46,800,-24,0,80,fwd_back
118.157,43,796,-24,0,80,fwd_back
118.221,40,792,-24,21,79,fwd_back
118.304,40,792,-24,21,79,fwd_back
118.335,37,789,-24,0,76,fwd_back
118.404,35,786,-24,0,73,fwd_back
118.481,35,786,-24,0,73,fwd_back
118.527,28,783,-24,24,71,fwd_back
118.607,25,781,-16,0,68,fwd_back
118.667,25,781,-16,0,68,fwd_back
118.700,25,777,-16,30,67,fwd_back
118.793,22,770,-16,30,67,fwd_back
118.858,22,770,-16,21,66,fwd_back
118.891,19,763,-16,0,63,fwd_back
118.960,13,757,-16,0,63,fwd_back
119.038,13,757,-16,0,61,fwd_back
119.069,8,752,-16,0,61,fwd_back
119.148,0,747,-8,0,60,fwd_back
119.214,0,747,-8,0,59,fwd_back
119.270,-7,740,-16,0,59,fwd_back
119.324,-7,733,-8,0,59,fwd_back
119.404,-7,733,-8,0,59,fwd_back
119.440,-4,727,8,0,59,fwd_back
119.526,-2,724,8,0,60,fwd_back
119.592,-3,719,16,0,60,fwd_back
119.625,-3,719,16,0,59,fwd_back
119.708,-5,712,16,0,58,fwd_back
119.772,-9,707,24,0,58,fwd_back
119.812,-9,707,24,29,60,fwd_back
119.890,-15,699,16,0,60,fwd_back
119.959,-19,692,24,0,60,fwd_back
120.001,-21,690,24,25,60,fwd_back
120.078,-21,690,24,25,60,fwd_back
120.142,-24,688,24,21,59,fwd_back
120.188,-23,688,32,0,54,fwd_back
120.257,-23,688,32,0,54,fwd_back
120.333,-17,692,24,23,52,fwd_back
120.379,-14,697,32,23,52,fwd_back
120.447,-15,701,32,0,50,fwd_back
120.511,-15,701,32,0,50,fwd_back
120.560,-17,705,16,0,50,fwd_back
120.626,-18,711,16,0,50,fwd_back
120.710,-18,711,16,0,50,fwd_back
120.743,-6,719,16,0,50,fwd_back
120.807,5,728,24,0,51,fwd_back
120.884,5,728,24,0,51,fwd_back
120.917,6,734,8,0,50,fwd_back
120.992,10,741,8,0,51,fwd_back
121.068,10,741,8,0,51,fwd_back
121.110,15,754,16,0,50,fwd_back
121.173,20,764,8,0,49,fwd_back
121.249,20,764,8,0,49,fwd_back
121.295,19,770,8,0,48,fwd_back
121.376,20,775,8,0,48,fwd_back
121.440,20,775,8,0,48,fwd_back
121.474,14,778,0,0,48,fwd_back
121.551,9,779,-8,0,47,fwd_back
121.615,9,779,-8,0,47,fwd_back
121.657,6,781,0,0,47,fwd_back
121.737,5,783,-8,0,45,fwd_back
121.804,7,785,-8,0,45,fwd_back
121.854,7,785,-8,0,45,fwd_back
121.921,7,790,-32,0,43,fwd_back
122.002,8,798,-32,0,43,fwd_back
122.033,8,798,-32,0,44,fwd_back
122.111,15,804,-24,0,45,fwd_back
122.179,23,808,-16,0,45,fwd_back
122.216,23,808,-16,0,44,fwd_back
122.302,29,810,-24,0,44,fwd_back
122.361,32,810,-32,0,44,fwd_back
122.404,38,809,-24,0,44,fwd_back
122.480,38,809,-24,0,44,fwd_back
122.545,41,808,-24,0,42,fwd_back
122.590,37,803,-24,0,41,fwd_back
122.656,37,803,-24,0,41,fwd_back
122.734,28,797,-24,0,40,fwd_back
122.768,18,789,-24,0,40,fwd_back
122.849,6,781,-24,0,39,fwd_back
122.917,6,781,-24,0,39,fwd_back
122.956,-15,761,-16,0,39,fwd_back
123.033,-17,756,-16,0,38,fwd_back
123.098,-17,756,-16,0,38,fwd_back
123.142,-20,751,-16,0,38,fwd_back
123.211,-16,747,-8,0,38,fwd_back
123.290,-16,747,-8,0,38,fwd_back
123.326,-15,743,-8,0,37,fwd_back
123.393,-18,739,-16,0,36,fwd_back
123.471,-18,739,-16,0,36,fwd_back
123.513,-26,736,-8,0,36,fwd_back
123.580,-35,731,0,0,36,fwd_back
123.659,-35,731,0,0,36,fwd_back
123.694,-40,730,0,0,35,fwd_back
123.773,-39,732,0,0,35,fwd_back
123.838,-39,732,0,0,33,fwd_back
123.885,-40,734,8,0,34,fwd_back
123.950,-36,740,16,0,34,fwd_back
124.036,-36,740,16,0,34,fwd_back
124.069,-34,743,8,0,34,fwd_back
124.135,-37,742,16,0,33,fwd_back
124.214,-49,741,16,0,34,fwd_back
124.247,-49,741,16,0,34,fwd_back
124.322,-59,737,24,0,34,fwd_back
124.399,-60,734,24,0,34,fwd_back
124.436,-60,734,24,0,34,fwd_back
124.523,-63,731,32,35,33,fwd_back
124.592,-62,730,24,35,33,fwd_back
124.625,-58,731,24,0,32,fwd_back
124.695,-58,731,24,0,31,fwd_back
124.777,-49,732,48,0,31,fwd_back
124.807,-42,734,24,0,29,fwd_back
124.884,-42,734,24,0,29,fwd_back
124.952,-43,734,8,0,29,fwd_back
124.993,-42,737,16,23,31,fwd_back
125.062,-42,737,16,23,31,fwd_back
125.141,-37,741,16,31,34,fwd_back
125.178,-33,746,24,31,34,fwd_back
125.255,-41,748,16,0,34,fwd_back
125.323,-41,748,16,0,34,fwd_back
125.365,-50,749,8,0,34,fwd_back
125.429,-56,753,24,0,35,fwd_back
125.505,-56,753,24,0,35,fwd_back
125.540,-58,759,16,0,35,fwd_back
125.620,-56,767,8,17,35,fwd_back
125.687,-56,767,8,17,35,fwd_back
125.735,-56,772,8,0,36,fwd_back
125.813,-57,776,0,17,38,fwd_back
125.882,-57,776,0,17,38,fwd_back
125.913,-59,783,-8,0,38,fwd_back
125.986,-63,789,-8,0,38,fwd_back
126.066,-63,789,-8,0,38,fwd_back
126.104,-69,790,-8,16,37,fwd_back
126.188,-72,790,-8,16,37,fwd_back
126.248,-72,790,-8,0,38,fwd_back
126.289,-73,793,-24,0,38,fwd_back
126.355,-73,797,-8,0,38,fwd_back
126.434,-73,797,-8,0,40,fwd_back
126.479,-75,799,-16,0,40,fwd_back
126.546,-73,800,-16,0,40,fwd_back
126.622,-75,797,-24,0,40,fwd_back
126.656,-75,797,-24,0,40,fwd_back
126.736,-74,793,-24,0,39,fwd_back
126.799,-72,790,-32,0,39,fwd_back
126.841,-72,790,-32,0,39,fwd_back
126.920,-68,787,-32,23,38,fwd_back
126.984,-67,784,-24,23,38,fwd_back
127.030,-71,778,-24,22,38,fwd_back
127.108,-71,778,-24,27,39,fwd_back
127.176,-72,774,-24,27,39,fwd_back
127.209,-72,770,-16,0,39,fwd_back
127.290,-72,770,-16,0,40,fwd_back
127.352,-74,765,-16,0,40,fwd_back
127.394,-73,761,-8,0,41,fwd_back
127.471,-73,761,-8,0,41,fwd_back
127.536,-70,758,-8,0,42,fwd_back
127.581,-63,754,-8,0,41,fwd_back
127.655,-59,748,-8,0,41,fwd_back
127.723,-59,748,-8,0,42,fwd_back
127.760,-49,741,-8,0,42,fwd_back
127.847,-42,736,0,0,44,fwd_back
127.913,-42,736,0,0,44,fwd_back
127.959,-39,730,0,0,44,fwd_back
128.026,-56,725,0,0,44,fwd_back
128.109,-56,725,0,0,44,fwd_back
128.139,-73,723,0,0,45,fwd_back
128.216,-84,719,8,0,46,fwd_back
128.280,-84,719,8,0,46,fwd_back
128.324,-89,718,24,0,46,fwd_back
128.391,-95,718,24,0,46,fwd_back
128.470,-95,718,24,0,46,fwd_back
128.505,-98,713,16,0,47,fwd_back
128.584,-99,710,24,0,48,fwd_back
128.650,-99,710,24,0,48,fwd_back
128.693,-98,707,24,0,48,fwd_back
128.760,-99,705,32,0,48,fwd_back
128.842,-97,705,32,25,48,fwd_back
128.887,-97,705,32,25,48,fwd_back
128.957,-92,706,32,26,48,fwd_back
129.024,-83,711,16,0,45,fwd_back
129.058,-83,711,16,0,45,fwd_back
129.138,-72,718,39,0,43,fwd_back
129.227,-45,743,32,0,43,fwd_back
129.249,-45,743,32,0,42,fwd_back
129.328,-32,762,8,0,42,fwd_back
129.396,-33,783,39,0,42,fwd_back
129.428,-50,800,32,0,42,fwd_back
129.508,-50,800,32,0,41,fwd_back
129.572,-62,815,32,0,41,fwd_back
129.626,-52,831,8,0,40,fwd_back
129.694,-52,831,8,0,40,fwd_back
129.760,-50,850,8,0,40,fwd_back
129.808,-60,864,8,0,39,fwd_back
129.876,-69,873,0,0,39,fwd_back
129.954,-69,873,0,0,39,fwd_back
129.984,-69,883,0,0,38,fwd_back
130.064,-75,896,-16,0,38,fwd_back
130.130,-75,896,-16,0,37,fwd_back
130.175,-88,911,-16,0,37,fwd_back
130.252,-91,926,-24,0,37,fwd_back
130.320,-91,926,-24,17,37,fwd_back
130.367,-94,930,-32,17,37,fwd_back
130.431,-97,938,-32,0,36,fwd_back
130.512,-97,938,-32,0,36,fwd_back
130.543,-96,939,-32,0,36,fwd_back
130.621,-91,938,-24,0,37,fwd_back
130.687,-91,938,-24,0,37,fwd_back
130.739,-74,936,-24,0,38,fwd_back
130.804,-58,932,-24,0,37,fwd_back
130.866,-58,932,-24,0,37,fwd_back
130.908,-48,929,-24,0,37,fwd_back
130.984,-45,924,-32,0,38,fwd_back
131.051,-45,924,-32,0,38,fwd_back
131.091,-41,918,-24,0,37,fwd_back
131.166,-42,910,-24,0,37,fwd_back
131.234,-43,901,-24,0,36,fwd_back
131.283,-43,901,-24,0,36,fwd_back
131.350,-41,891,-16,0,36,fwd_back
131.429,-41,882,-16,0,36,fwd_back
131.475,-41,882,-16,0,36,fwd_back
131.538,-40,873,-8,0,37,fwd_back
131.617,-41,863,-8,0,37,fwd_back
131.657,-43,855,-16,0,37,fwd_back
131.725,-43,855,-16,0,37,fwd_back
131.802,-45,844,-16,0,37,fwd_back
131.849,-44,835,-8,0,36,fwd_back
131.917,-44,835,-8,0,36,fwd_back
131.982,-46,826,-8,0,36,fwd_back
132.031,-48,818,-16,0,37,fwd_back
132.098,-50,812,-8,0,36,fwd_back
132.167,-50,812,-8,0,36,fwd_back
132.210,-51,804,-16,0,36,fwd_back
132.277,-53,790,-8,0,37,fwd_back
132.355,-53,790,-8,0,37,fwd_back
132.400,-53,773,0,0,37,fwd_back
132.469,-60,730,0,0,37,fwd_back
132.537,-60,730,0,0,37,fwd_back
132.571,-68,695,8,0,37,fwd_back
132.652,-67,672,8,0,38,fwd_back
132.720,-67,672,8,0,38,fwd_back
132.765,-69,669,8,0,38,fwd_back
132.830,-70,669,16,0,39,fwd_back
132.908,-70,669,16,0,39,fwd_back
132.944,-68,670,8,0,40,fwd_back
133.029,-66,670,16,0,40,fwd_back
133.094,-66,670,16,0,40,fwd_back
133.127,-64,667,16,0,40,fwd_back
133.207,-64,665,24,23,41,fwd_back
133.273,-64,665,24,23,41,fwd_back
133.317,-67,663,24,0,41,fwd_back
133.385,-68,661,24,0,41,fwd_back
133.463,-68,661,24,0,41,fwd_back
133.496,-66,660,16,0,42,fwd_back
133.575,-64,663,24,0,42,fwd_back
133.644,-63,664,24,0,42,fwd_back
133.700,-63,664,24,0,41,fwd_back
133.764,-59,667,32,0,41,fwd_back
133.829,-55,672,16,0,41,fwd_back
133.877,-55,672,16,0,41,fwd_back
133.946,-46,679,16,31,44,fwd_back
134.034,-37,687,32,0,45,fwd_back
134.069,-25,695,24,0,45,fwd_back
134.132,-25,695,24,0,46,fwd_back
139.390,4,719,16,0,46,head_only
139.390,20,744,16,0,45,head_only
139.390,34,762,8,0,46,head_only
139.390,34,762,8,0,46,head_only
139.390,37,777,16,0,45,head_only
139.390,32,783,8,0,44,head_only
139.390,32,783,8,0,44,head_only
139.390,23,789,8,19,45,head_only
139.390,-19,802,0,17,46,head_only
139.390,-19,802,0,17,46,head_only
139.390,-61,815,-8,0,48,head_only
139.390,-105,824,-8,0,50,head_only
139.390,-105,824,-8,0,50,head_only
139.390,-110,827,-16,0,51,head_only
139.390,-98,831,-8,0,51,head_only
139.390,-98,831,-8,16,52,head_only
139.390,-95,832,-32,0,52,head_only
139.390,-94,830,-24,0,52,head_only
139.390,-94,830,-24,22,52,head_only
139.390,-90,831,-32,22,52,head_only
139.390,-87,831,-24,0,51,head_only
139.390,-87,831,-24,0,48,head_only
139.390,-81,829,-32,0,48,head_only
139.390,-77,826,-24,0,48,head_only
139.390,-73,822,-24,0,48,head_only
139.390,-73,822,-24,0,48,head_only
139.390,-73,817,-8,0,49,head_only
139.390,-70,815,-8,0,49,head_only
139.390,-70,815,-8,0,48,head_only
139.390,-68,809,-8,0,48,head_only
139.390,-68,805,0,0,48,head_only
139.390,-68,805,0,0,48,head_only
139.390,-68,805,0,0,48,head_only
139.390,-70,810,0,0,48,head_only
139.390,-74,812,0,0,47,head_only
139.390,-79,808,0,0,47,head_only
139.390,-79,808,0,0,46,head_only
139.390,-79,799,0,0,46,head_only
139.390,-79,791,0,0,46,head_only
139.390,-79,791,0,0,44,head_only
139.390,-80,782,0,0,44,head_only
139.390,-79,772,0,0,43,head_only
139.390,-79,772,0,0,42,head_only
139.390,-77,744,0,0,42,head_only
139.390,-75,716,0,0,42,head_only
139.390,-75,716,0,0,42,head_only
139.390,-73,701,0,0,42,head_only
139.390,-77,696,0,0,41,head_only
139.390,-77,696,0,0,41,head_only
139.390,-78,692,0,0,41,head_only
139.390,-80,693,0,0,41,head_only
139.390,-80,693,0,0,41,head_only
139.390,-82,697,0,0,41,head_only
139.390,-85,695,0,0,41,head_only
139.390,-86,690,0,0,41,head_only
139.390,-86,690,0,0,41,head_only
139.390,-87,684,0,0,42,head_only
139.390,-87,676,0,0,42,head_only
139.390,-87,676,0,0,41,head_only
139.390,-89,657,0,0,41,head_only
139.390,-97,644,0,0,41,head_only
139.390,-111,634,0,0,41,head_only
139.390,-111,634,0,0,41,head_only
139.390,-118,632,0,0,41,head_only
139.390,-133,629,0,0,41,head_only
139.390,-136,629,0,0,41,head_only
139.390,-136,629,0,0,41,head_only
139.390,-133,630,0,0,41,head_only
139.390,-130,627,0,0,41,head_only
139.390,-130,627,0,0,41,head_only
139.390,-129,626,0,0,41,head_only
139.390,-130,625,0,0,37,head_only
139.390,-130,625,0,0,37,head_only
139.390,-129,626,0,0,35,head_only
139.390,-126,626,0,0,34,head_only
139.390,-126,626,0,0,34,head_only
139.390,-122,628,0,0,32,head_only
139.390,-116,630,0,0,32,head_only
139.390,-116,630,0,0,32,head_only
139.390,-113,628,0,0,32,head_only
139.390,-115,625,0,0,32,head_only
139.390,-115,625,0,0,31,head_only
139.390,-116,624,0,0,31,head_only
139.390,-115,621,0,0,31,head_only
139.439,-112,617,0,0,32,head_only
139.471,-112,617,0,0,32,head_only
139.539,-89,615,0,0,32,head_only
139.617,-65,616,0,0,33,head_only
139.652,-65,616,0,0,33,head_only
139.740,0,623,0,0,33,head_only
139.808,19,630,0,0,33,head_only
139.842,19,634,0,0,33,head_only
139.919,19,634,0,0,33,head_only
139.986,17,640,0,0,33,head_only
140.034,18,648,0,0,34,head_only
140.112,16,654,0,0,34,head_only
140.187,16,654,0,0,34,head_only
140.220,11,652,0,0,67,head_only
140.298,7,652,-8,0,35,head_only
140.362,7,652,-8,0,35,head_only
140.412,2,653,0,0,37,head_only
140.485,0,654,0,0,39,head_only
140.551,0,654,0,0,39,head_only
140.598,-1,655,0,0,41,head_only
140.663,-2,658,0,0,41,head_only
140.738,-2,658,0,0,42,head_only
140.779,-7,661,0,0,44,head_only
140.859,-11,665,8,0,44,head_only
140.925,-11,665,8,0,44,head_only
140.970,-12,669,0,0,44,head_only
141.036,-14,669,0,0,44,head_only
141.115,-14,669,0,0,45,head_only
141.151,-15,671,0,0,45,head_only
141.236,-18,674,0,0,45,head_only
141.315,-20,676,0,0,45,head_only
141.337,-20,676,0,0,44,head_only
141.406,-24,678,0,0,44,head_only
141.483,-25,678,0,0,44,head_only
141.528,-25,678,0,0,44,head_only
141.594,-25,679,0,0,44,head_only
141.672,-24,681,0,0,44,head_only
141.709,-22,685,0,0,44,head_only
141.789,-22,685,0,0,44,head_only
141.861,-21,685,0,0,44,head_only
141.895,-14,684,8,0,45,head_only
141.972,-14,684,8,0,45,head_only
142.041,-1,683,8,0,45,head_only
142.083,11,682,-8,0,45,head_only
142.157,17,677,0,0,45,head_only
142.236,17,677,0,0,47,head_only
142.271,15,674,0,0,47,head_only
142.348,9,674,0,0,49,head_only
142.418,9,674,0,0,49,head_only
142.468,5,676,0,0,49,head_only
142.546,2,682,0,0,52,head_only
142.614,2,682,0,0,52,head_only
142.649,2,688,0,0,53,head_only
142.714,5,693,0,0,55,head_only
142.794,5,693,0,0,55,head_only
142.825,12,698,0,0,56,head_only
142.904,18,698,0,0,60,head_only
142.971,18,698,0,0,60,head_only
143.008,22,698,-8,0,61,head_only
143.092,23,702,0,0,61,head_only
143.155,23,702,0,0,61,head_only
143.202,22,706,0,0,60,head_only
143.271,24,711,-8,0,60,head_only
143.336,24,711,-8,0,60,head_only
143.378,28,714,-8,0,61,head_only
143.454,31,714,0,0,61,head_only
143.531,29,711,0,0,61,head_only
143.566,29,711,0,0,61,head_only
143.635,24,708,8,0,61,head_only
143.712,19,703,8,0,61,head_only
143.750,19,703,8,0,61,head_only
143.838,15,700,0,0,63,head_only
143.895,6,698,0,0,63,head_only
143.936,1,697,8,0,63,head_only
144.004,1,697,8,0,61,head_only
144.081,0,694,0,0,61,head_only
144.127,0,691,0,0,61,head_only
144.195,0,691,0,0,59,head_only
144.271,2,690,0,0,59,head_only
144.315,12,689,8,0,57,head_only
144.383,19,689,0,0,55,head_only
144.450,19,689,0,0,55,head_only
144.495,21,688,-16,0,55,head_only
144.564,17,688,0,0,55,head_only
144.644,17,688,0,0,55,head_only
144.673,6,687,-8,0,55,head_only
144.751,-5,686,0,0,55,head_only
144.819,-5,686,0,0,55,head_only
144.865,-18,684,0,0,55,head_only
144.944,-30,680,0,0,55,head_only
145.013,-30,680,0,0,55,head_only
145.047,-40,677,0,0,55,head_only
145.114,-41,679,0,0,56,head_only
145.196,-41,679,0,0,56,head_only
145.228,-44,685,0,0,57,head_only
145.296,-47,692,0,0,57,head_only
145.373,-47,692,0,0,57,head_only
145.408,-47,696,-8,0,58,head_only
145.492,-49,696,0,0,59,head_only
145.558,-49,696,0,0,59,head_only
145.592,-50,694,0,0,59,head_only
145.671,-56,690,0,0,59,head_only
145.822,-56,690,0,0,59,head_only
145.822,-63,685,0,0,60,head_only
145.901,-74,685,0,0,60,head_only
145.921,-82,687,-8,0,61,head_only
145.988,-82,687,-8,0,61,head_only
146.040,-84,688,-8,0,62,head_only
146.137,-77,690,0,0,62,head_only
146.158,-77,690,0,0,62,head_only
146.225,-69,688,0,0,59,head_only
146.303,-66,687,0,0,59,head_only
146.336,-59,691,0,0,58,head_only
146.422,-59,691,0,0,58,head_only
146.489,-44,694,0,0,58,head_only
146.520,-15,698,0,0,55,head_only
146.600,-15,698,0,0,55,head_only
146.665,-37,695,0,0,55,head_only
146.721,-42,694,0,0,54,head_only
146.787,-44,694,-8,0,54,head_only
146.855,-44,694,-8,0,54,head_only
146.889,-49,693,8,0,51,head_only
146.970,-53,691,8,0,51,head_only
147.035,-53,691,8,0,52,head_only
147.078,-51,688,0,0,52,head_only
147.146,-50,684,8,0,52,head_only
147.225,-50,684,8,0,54,head_only
147.268,-44,681,-8,0,54,head_only
147.332,-40,679,0,0,54,head_only
147.408,-40,679,0,0,54,head_only
147.443,-41,679,0,0,53,head_only
147.521,-41,678,0,0,52,head_only
147.597,-41,678,0,0,52,head_only
147.631,-42,677,0,0,53,head_only
147.706,-43,676,-16,0,54,head_only
147.768,-43,676,-16,0,54,head_only
147.817,-47,675,0,0,52,head_only
147.883,-47,675,0,0,50,head_only
147.961,-47,675,0,0,50,head_only
147.991,-51,674,-8,0,51,head_only
148.071,-50,675,0,0,51,head_only
148.138,-50,675,0,0,48,head_only
148.195,-44,679,0,0,48,head_only
148.264,-35,685,0,0,48,head_only
148.330,-32,691,0,0,49,head_only
148.376,-32,691,0,0,49,head_only
148.442,-40,694,0,0,50,head_only
148.525,-48,698,0,0,49,head_only
148.554,-48,698,0,0,49,head_only
148.631,-54,707,0,0,49,head_only
148.698,-59,715,8,0,49,head_only
148.738,-60,716,8,0,50,head_only
148.815,-60,716,8,0,51,head_only
148.881,-57,715,0,0,51,head_only
148.928,-50,715,8,0,52,head_only
148.997,-50,715,8,0,53,head_only
149.083,-44,715,0,0,53,head_only
149.116,-40,715,0,0,52,head_only
149.183,-40,715,0,0,51,head_only
149.258,-31,715,0,0,51,head_only
149.291,-16,722,-8,0,50,head_only
149.369,-3,727,0,0,50,head_only
149.433,-3,727,0,0,49,head_only
149.488,2,727,-24,0,48,head_only
149.554,11,726,8,0,48,head_only
149.618,11,726,8,0,49,head_only
149.666,24,728,0,0,49,head_only
149.746,35,732,0,0,49,head_only
149.813,35,732,0,0,49,head_only
149.847,41,734,-8,0,49,head_only
149.921,43,739,0,0,48,head_only
149.987,43,739,0,0,48,head_only
150.033,46,741,0,0,48,head_only
150.100,55,741,0,0,48,head_only
150.177,55,741,0,0,48,head_only
150.214,60,739,8,0,49,head_only
150.299,64,737,8,0,48,head_only
150.363,64,737,8,0,48,head_only
150.410,64,734,0,0,49,head_only
150.475,58,734,0,0,49,head_only
150.560,58,734,0,0,50,head_only
150.583,53,732,0,0,52,head_only
150.663,47,729,8,0,52,head_only
150.730,40,723,0,0,52,head_only
150.775,40,723,0,0,52,head_only
150.845,32,718,-8,0,53,head_only
150.920,25,715,-8,0,54,head_only
150.956,25,715,-8,0,54,head_only
151.039,14,711,-8,0,54,head_only
151.105,-6,706,0,0,54,head_only
151.154,-5,705,8,0,55,head_only
151.221,-5,705,8,0,55,head_only
151.287,15,707,0,0,55,head_only
151.329,35,711,0,0,57,head_only
151.397,35,711,0,0,58,head_only
151.475,56,717,0,0,58,head_only
151.516,73,726,0,0,60,head_only
151.583,73,726,0,0,60,head_only
151.659,94,732,0,0,60,head_only
151.695,112,737,0,0,60,head_only
151.768,114,735,0,0,60,head_only
151.837,114,735,0,0,59,head_only
151.879,111,736,0,0,61,head_only
151.947,106,732,8,0,61,head_only
152.024,106,732,8,0,60,head_only
152.070,101,730,0,0,60,head_only
152.136,93,729,0,0,61,head_only
152.209,93,729,0,0,61,head_only
152.265,86,728,0,0,61,head_only
152.331,83,726,0,0,61,head_only
152.397,83,726,0,0,61,head_only
152.445,86,726,0,0,60,head_only
152.511,87,724,0,0,60,head_only
152.580,87,724,0,0,60,head_only
152.618,85,723,-8,0,60,head_only
152.696,81,723,8,0,58,head_only
152.771,81,723,8,0,58,head_only
152.803,77,723,0,0,57,head_only
152.879,68,721,0,0,57,head_only
152.946,68,721,0,0,57,head_only
153.002,62,720,0,0,56,head_only
153.071,65,721,0,0,56,head_only
153.158,66,720,0,0,58,head_only
153.175,66,720,0,0,58,head_only
153.257,61,723,0,0,58,head_only
153.328,50,726,0,0,60,head_only
153.358,50,726,0,0,60,head_only
153.451,36,730,0,0,61,head_only
153.515,28,731,0,0,61,head_only
153.548,22,730,8,0,63,head_only
153.616,22,730,8,0,63,head_only
153.693,21,729,0,0,63,head_only
153.725,29,724,0,0,63,head_only
153.803,29,724,0,0,62,head_only
153.877,39,720,0,0,62,head_only
153.923,49,716,0,0,62,head_only
153.994,49,716,0,0,62,head_only
154.061,41,710,-8,0,62,head_only
154.095,38,707,0,0,62,head_only
154.172,33,702,0,0,62,head_only
154.240,33,702,0,0,62,head_only
154.286,27,702,0,0,62,head_only
154.363,24,701,0,0,62,head_only
154.428,24,701,0,0,61,head_only
154.470,21,705,0,0,61,head_only
154.549,22,711,0,0,61,head_only
154.613,22,711,0,0,60,head_only
154.660,24,719,0,0,60,head_only
154.730,23,732,0,0,59,head_only
154.796,23,732,0,0,59,head_only
154.838,20,741,0,0,57,head_only
154.914,22,749,0,0,55,head_only
154.982,22,749,0,0,55,head_only
155.040,21,751,0,0,56,head_only
155.107,9,746,0,0,55,head_only
155.173,9,746,0,0,55,head_only
155.207,0,740,0,0,54,head_only
155.289,-7,735,0,0,52,head_only
155.356,-7,735,0,0,52,head_only
155.395,-42,723,0,0,50,head_only
155.460,-69,716,0,0,50,head_only
155.539,-78,712,8,0,50,head_only
155.585,-78,712,8,0,50,head_only
155.650,-76,710,-16,0,50,head_only
155.725,-71,706,0,0,50,head_only
155.760,-71,706,0,0,50,head_only
155.845,-65,702,8,0,49,head_only
155.912,-57,698,8,0,49,head_only
155.946,-45,698,0,0,49,head_only
156.025,-45,698,0,0,50,head_only
156.092,-36,699,0,0,50,head_only
156.136,-28,700,0,0,50,head_only
156.200,-28,700,0,0,51,head_only
156.278,-25,700,0,0,51,head_only
156.332,-24,699,0,0,50,head_only
156.399,-27,696,8,0,50,head_only
156.463,-27,696,8,0,50,head_only
156.510,-30,697,8,0,51,head_only
156.576,-30,702,0,0,50,head_only
156.659,-30,702,0,0,50,head_only
156.692,-27,706,0,0,50,head_only
156.759,-27,709,0,0,50,head_only
156.838,-27,709,0,0,48,head_only
156.881,-26,714,0,0,48,head_only
156.948,-23,718,0,0,48,head_only
157.024,-23,718,0,0,46,head_only
157.067,-24,719,0,0,46,head_only
157.134,-29,716,-8,0,45,head_only
157.200,-29,716,-8,0,45,head_only
157.250,-33,713,-16,0,47,head_only
157.332,-42,709,0,0,46,head_only
157.396,-42,709,0,0,46,head_only
157.429,-59,704,0,0,46,head_only
157.496,-121,700,0,0,46,head_only
157.573,-121,700,0,0,46,head_only
157.608,-178,692,0,0,46,head_only
157.684,-292,676,0,0,46,head_only
157.761,-292,676,0,0,46,head_only
157.806,-350,671,0,0,46,head_only
157.872,-329,668,0,0,46,head_only
157.949,-318,666,0,0,47,head_only
157.983,-318,666,0,0,47,head_only
158.050,-307,666,0,0,47,head_only
158.131,-302,669,0,0,48,head_only
158.171,-302,669,0,0,48,head_only
158.239,-304,673,0,0,48,head_only
158.318,-304,677,0,0,49,head_only
158.366,-302,679,8,0,49,head_only
158.433,-302,679,8,0,51,head_only
158.502,-294,684,8,0,51,head_only
158.546,-285,685,8,0,50,head_only
158.612,-285,685,8,0,50,head_only
158.690,-274,684,0,0,50,head_only
158.730,-262,685,0,0,52,head_only
158.796,-253,687,0,0,53,head_only
158.876,-253,687,0,0,53,head_only
158.906,-244,688,0,0,54,head_only
158.986,-233,686,-8,0,54,head_only
159.063,-233,686,-8,0,54,head_only
159.090,-223,683,8,0,54,head_only
159.169,-213,683,8,0,54,head_only
159.244,-213,683,8,0,55,head_only
159.277,-200,686,8,0,56,head_only
159.355,-188,690,0,0,56,head_only
164.620,-188,690,0,0,56,natural_typing
164.620,-177,692,0,0,56,natural_typing
164.620,-169,693,0,0,56,natural_typing
164.620,-169,693,0,0,55,natural_typing
164.620,-164,695,0,0,55,natural_typing
164.620,-164,698,0,0,54,natural_typing
164.620,-164,698,0,0,54,natural_typing
164.620,-164,699,0,0,55,natural_typing
164.620,-158,698,8,0,55,natural_typing
164.620,-158,698,8,0,55,natural_typing
164.620,-151,693,0,0,55,natural_typing
164.620,-146,684,-8,0,57,natural_typing
164.620,-139,676,0,0,57,natural_typing
164.620,-139,676,0,0,58,natural_typing
164.620,-129,674,-8,0,60,natural_typing
164.620,-123,671,-8,0,60,natural_typing
164.620,-119,673,0,0,60,natural_typing
164.620,-119,673,0,0,60,natural_typing
164.620,-117,676,0,0,60,natural_typing
164.620,-115,678,0,0,62,natural_typing
164.620,-115,678,0,0,62,natural_typing
164.620,-112,677,0,0,63,natural_typing
164.620,-105,675,0,0,63,natural_typing
164.620,-100,672,0,0,64,natural_typing
164.620,-100,672,0,0,65,natural_typing
164.620,-98,669,0,0,65,natural_typing
164.620,-103,668,0,0,67,natural_typing
164.620,-103,668,0,0,67,natural_typing
164.620,-107,664,0,0,69,natural_typing
164.620,-108,660,0,0,68,natural_typing
164.620,-108,660,0,0,68,natural_typing
164.620,-108,657,0,0,67,natural_typing
164.620,-107,655,0,0,67,natural_typing
164.620,-107,655,0,0,67,natural_typing
164.620,-105,653,0,0,67,natural_typing
164.620,-104,649,0,0,68,natural_typing
164.620,-104,649,0,0,68,natural_typing
164.620,-103,644,0,0,82,natural_typing
164.620,-107,640,0,0,82,natural_typing
164.620,-107,640,0,0,82,natural_typing
164.620,-114,643,0,0,81,natural_typing
164.620,-120,653,0,0,81,natural_typing
164.620,-125,660,0,0,81,natural_typing
164.620,-125,660,0,0,81,natural_typing
164.620,-134,665,0,0,81,natural_typing
164.620,-143,670,0,0,70,natural_typing
164.620,-143,670,0,0,70,natural_typing
164.620,-159,679,0,0,69,natural_typing
164.620,-160,686,0,0,69,natural_typing
164.620,-160,690,0,0,67,natural_typing
164.620,-160,690,0,0,66,natural_typing
164.620,-158,692,0,0,66,natural_typing
164.620,-155,689,0,0,81,natural_typing
164.620,-152,684,0,0,82,natural_typing
164.620,-152,684,0,0,82,natural_typing
164.620,-149,679,0,0,82,natural_typing
164.620,-146,677,0,0,83,natural_typing
164.620,-146,677,0,0,83,natural_typing
164.620,-142,677,0,0,81,natural_typing
164.620,-139,679,0,0,62,natural_typing
164.620,-139,679,0,0,62,natural_typing
164.620,-134,678,8,0,62,natural_typing
164.620,-126,680,8,0,62,natural_typing
164.620,-126,680,8,24,83,natural_typing
164.620,-121,681,16,0,84,natural_typing
164.620,-118,684,16,0,84,natural_typing
164.620,-118,684,16,27,86,natural_typing
164.620,-113,687,8,27,86,natural_typing
164.620,-111,689,24,0,85,natural_typing
164.620,-111,689,24,0,84,natural_typing
164.620,-111,691,16,0,84,natural_typing
164.620,-110,692,8,0,83,natural_typing
164.620,-109,692,0,0,83,natural_typing
164.620,-109,692,0,0,84,natural_typing
164.620,-106,694,-8,0,85,natural_typing
164.620,-104,694,-16,0,85,natural_typing
164.620,-104,694,-16,0,83,natural_typing
164.620,-100,696,-8,0,81,natural_typing
164.620,-96,696,-8,0,81,natural_typing
164.620,-91,696,0,0,63,natural_typing
164.620,-91,696,0,0,62,natural_typing
164.620,-88,692,0,0,62,natural_typing
164.620,-82,691,0,0,62,natural_typing
164.620,-82,691,0,0,62,natural_typing
164.643,-80,688,0,0,61,natural_typing
164.700,-79,689,0,0,61,natural_typing
164.766,-81,692,0,0,61,natural_typing
164.832,-81,692,0,0,62,natural_typing
164.880,-83,692,0,0,62,natural_typing
164.943,-84,691,0,0,62,natural_typing
165.028,-84,691,0,0,61,natural_typing
165.062,-84,690,0,0,61,natural_typing
165.130,-84,691,0,0,60,natural_typing
165.210,-84,691,0,0,60,natural_typing
165.242,-83,693,0,0,60,natural_typing
165.319,-83,694,0,0,61,natural_typing
165.397,-83,694,0,0,61,natural_typing
165.433,-82,693,0,0,61,natural_typing
165.511,-77,693,0,0,59,natural_typing
165.576,-77,693,0,0,59,natural_typing
165.617,-73,694,0,0,58,natural_typing
165.694,-70,696,0,0,56,natural_typing
165.761,-70,696,0,0,56,natural_typing
165.806,-69,697,0,0,54,natural_typing
165.882,-69,701,0,0,53,natural_typing
165.961,-72,705,0,0,53,natural_typing
165.994,-72,705,0,0,54,natural_typing
166.063,-71,707,0,0,54,natural_typing
166.142,-67,709,0,0,54,natural_typing
166.179,-67,709,0,0,54,natural_typing
166.262,-63,709,0,0,54,natural_typing
166.321,-58,705,0,0,54,natural_typing
166.362,-52,703,0,0,54,natural_typing
166.436,-52,703,0,0,54,natural_typing
166.504,-47,705,0,0,54,natural_typing
166.549,-38,705,0,0,56,natural_typing
166.629,-31,704,0,0,56,natural_typing
166.698,-31,704,0,0,56,natural_typing
166.744,-30,699,0,0,56,natural_typing
166.808,-34,692,0,0,56,natural_typing
166.896,-34,692,0,0,56,natural_typing
166.929,-38,691,0,0,56,natural_typing
166.996,-36,690,-8,0,56,natural_typing
167.073,-36,690,-8,0,56,natural_typing
167.106,-23,697,0,0,56,natural_typing
167.182,-12,704,0,0,55,natural_typing
167.263,-12,704,0,0,55,natural_typing
167.304,-8,707,0,0,54,natural_typing
167.382,-9,711,0,0,54,natural_typing
167.444,-9,711,0,0,52,natural_typing
167.486,-15,712,0,0,49,natural_typing
167.554,-27,709,0,0,49,natural_typing
167.629,-27,709,0,0,49,natural_typing
167.678,-43,706,0,0,49,natural_typing
167.741,-83,699,0,0,49,natural_typing
167.810,-83,699,0,0,48,natural_typing
167.855,-126,692,0,0,48,natural_typing
167.924,-138,682,16,0,48,natural_typing
168.000,-133,679,0,0,48,natural_typing
168.049,-133,679,0,0,48,natural_typing
168.116,-120,678,0,0,49,natural_typing
168.180,-108,677,0,0,49,natural_typing
168.224,-108,677,0,0,48,natural_typing
168.302,-115,677,-8,0,47,natural_typing
168.369,-116,676,0,0,47,natural_typing
168.406,-128,675,0,0,46,natural_typing
168.485,-128,675,0,0,45,natural_typing
168.589,-137,674,0,0,45,natural_typing
168.607,-139,673,0,0,45,natural_typing
168.666,-139,673,0,0,45,natural_typing
168.754,-140,672,0,0,44,natural_typing
168.788,-139,674,0,0,43,natural_typing
168.855,-142,675,8,0,43,natural_typing
168.924,-142,675,8,0,42,natural_typing
168.978,-140,677,0,0,42,natural_typing
169.282,-137,685,0,0,42,natural_typing
169.282,-137,685,0,0,41,natural_typing
169.282,-136,693,0,0,41,natural_typing
169.282,-135,699,0,0,39,natural_typing
169.302,-135,699,0,0,39,natural_typing
169.335,-132,700,0,0,39,natural_typing
169.412,-123,700,0,0,38,natural_typing
169.480,-123,700,0,0,38,natural_typing
169.524,-116,699,0,0,38,natural_typing
169.602,-114,697,0,0,37,natural_typing
169.667,-114,697,0,0,37,natural_typing
169.710,-110,694,0,0,39,natural_typing
169.779,-106,695,0,0,39,natural_typing
169.846,-106,695,0,0,39,natural_typing
169.885,-98,697,0,0,40,natural_typing
169.964,-91,699,0,0,40,natural_typing
170.032,-91,699,0,0,40,natural_typing
170.074,-85,701,0,0,40,natural_typing
170.151,-81,703,0,0,40,natural_typing
170.219,-78,706,0,0,40,natural_typing
170.452,-78,706,0,0,40,natural_typing
170.452,-78,707,0,0,42,natural_typing
170.452,-80,708,0,0,42,natural_typing
170.452,-80,708,0,0,42,natural_typing
170.515,-78,708,0,0,43,natural_typing
170.592,-78,706,0,0,43,natural_typing
170.636,-78,709,0,0,44,natural_typing
170.702,-78,709,0,0,45,natural_typing
170.779,-75,715,0,0,45,natural_typing
170.823,-58,720,-8,0,45,natural_typing
170.929,-58,720,-8,0,47,natural_typing
170.960,-34,722,-8,0,47,natural_typing
171.015,33,726,0,0,48,natural_typing
171.074,33,726,0,0,48,natural_typing
171.150,26,718,0,0,49,natural_typing
171.189,18,713,0,0,49,natural_typing
171.258,11,713,0,0,49,natural_typing
171.333,11,713,0,0,49,natural_typing
171.377,1,718,0,0,49,natural_typing
171.436,-12,723,-8,0,50,natural_typing
171.514,-12,723,-8,0,51,natural_typing
171.551,-22,730,-8,0,51,natural_typing
171.628,-37,741,0,0,51,natural_typing
171.694,-37,741,0,0,51,natural_typing
171.746,-53,749,0,0,52,natural_typing
171.812,-73,755,0,0,53,natural_typing
171.885,-73,755,0,0,53,natural_typing
171.924,-133,753,8,0,54,natural_typing
171.989,-173,749,0,0,53,natural_typing
172.068,-173,749,0,0,53,natural_typing
172.100,-175,749,0,0,53,natural_typing
172.178,-170,747,-8,0,52,natural_typing
172.296,-170,747,-8,0,52,natural_typing
172.296,-164,750,0,0,52,natural_typing
172.362,-160,756,0,0,52,natural_typing
172.441,-160,756,0,0,52,natural_typing
172.469,-155,763,0,0,52,natural_typing
172.547,-162,767,0,0,52,natural_typing
172.624,-162,767,0,0,52,natural_typing
172.660,-168,769,0,0,52,natural_typing
172.745,-165,769,-8,0,53,natural_typing
172.810,-156,771,0,0,53,natural_typing
172.849,-156,771,0,0,53,natural_typing
173.099,-142,771,0,0,51,natural_typing
173.099,-130,770,-8,0,51,natural_typing
173.099,-124,772,0,0,51,natural_typing
173.118,-124,772,0,0,52,natural_typing
173.186,-127,775,0,0,52,natural_typing
173.219,-130,779,0,0,52,natural_typing
173.286,-130,779,0,0,52,natural_typing
173.364,-129,780,0,0,52,natural_typing
173.408,-134,781,0,0,53,natural_typing
173.484,-134,781,0,0,53,natural_typing
173.550,-141,781,0,0,53,natural_typing
173.584,-152,787,0,0,54,natural_typing
173.667,-158,791,0,0,54,natural_typing
173.726,-158,791,0,0,54,natural_typing
173.843,-153,786,0,0,54,natural_typing
173.843,-145,784,0,0,53,natural_typing
173.920,-145,784,0,0,54,natural_typing
173.960,-133,781,0,0,54,natural_typing
174.025,-128,778,0,0,53,natural_typing
174.100,-128,778,0,0,53,natural_typing
174.143,-123,778,0,0,54,natural_typing
174.218,-119,781,0,0,55,natural_typing
174.286,-119,781,0,0,55,natural_typing
174.320,-115,781,0,0,55,natural_typing
174.753,-110,781,0,0,57,natural_typing
174.753,-110,781,0,0,57,natural_typing
174.753,-109,781,0,0,57,natural_typing
174.753,-104,779,0,0,57,natural_typing
174.753,-104,779,0,0,57,natural_typing
174.753,-100,779,0,0,57,natural_typing
174.773,-99,778,0,0,57,natural_typing
174.839,-99,778,0,0,57,natural_typing
174.883,-96,777,-8,0,57,natural_typing
174.950,-96,776,0,0,57,natural_typing
175.029,-102,772,8,0,58,natural_typing
175.130,-102,772,8,0,58,natural_typing
175.149,-109,767,0,0,58,natural_typing
175.227,-104,769,-8,0,57,natural_typing
175.250,-104,769,-8,0,57,natural_typing
175.329,-101,770,0,0,58,natural_typing
175.396,-100,764,0,0,58,natural_typing
175.439,-98,759,0,0,58,natural_typing
175.506,-98,759,0,0,59,natural_typing
175.584,-94,757,0,0,59,natural_typing
175.620,-89,759,0,0,58,natural_typing
175.697,-89,759,0,0,57,natural_typing
175.763,-81,765,0,0,57,natural_typing
175.805,-73,770,8,0,56,natural_typing
175.884,-73,770,8,0,57,natural_typing
175.951,-64,777,8,0,57,natural_typing
175.996,-62,784,0,0,59,natural_typing
176.062,-61,793,0,0,59,natural_typing
176.130,-61,793,0,0,61,natural_typing
176.176,-61,798,0,0,61,natural_typing
176.241,-61,797,0,0,63,natural_typing
176.322,-61,797,0,0,64,natural_typing
176.353,-58,792,0,0,64,natural_typing
176.430,-56,787,0,0,65,natural_typing
176.507,-56,787,0,0,65,natural_typing
176.552,-57,782,0,0,64,natural_typing
176.629,-54,774,0,0,64,natural_typing
176.696,-54,774,0,0,64,natural_typing
176.732,-52,770,0,0,63,natural_typing
176.806,-55,766,0,0,62,natural_typing
176.870,-55,766,0,0,62,natural_typing
176.910,-57,760,0,0,63,natural_typing
176.985,-63,758,0,0,63,natural_typing
177.062,-63,758,0,0,63,natural_typing
177.100,-66,758,0,0,62,natural_typing
177.178,-66,763,0,0,62,natural_typing
177.245,-66,763,0,0,62,natural_typing
177.278,-69,771,0,0,61,natural_typing
177.358,-68,781,0,0,61,natural_typing
177.424,-72,788,0,0,60,natural_typing
177.466,-72,788,0,0,60,natural_typing
177.542,-74,788,0,0,60,natural_typing
177.613,-74,783,0,0,59,natural_typing
177.657,-74,783,0,0,59,natural_typing
177.735,-76,778,0,0,58,natural_typing
177.801,-77,770,0,0,58,natural_typing
177.849,-77,762,0,0,58,natural_typing
177.912,-77,762,0,0,57,natural_typing
177.979,-73,757,0,0,57,natural_typing
178.024,-72,754,0,0,56,natural_typing
178.101,-72,754,0,0,54,natural_typing
178.167,-70,754,0,0,54,natural_typing
178.204,-71,753,0,0,52,natural_typing
178.295,-71,753,0,0,50,natural_typing
178.362,-72,752,0,0,50,natural_typing
178.396,-77,752,0,0,48,natural_typing
178.462,-80,754,0,0,48,natural_typing
178.540,-80,754,0,0,46,natural_typing
178.583,-85,754,0,0,45,natural_typing
178.660,-90,755,0,0,45,natural_typing
178.725,-90,755,0,0,45,natural_typing
178.773,-93,755,0,0,45,natural_typing
178.836,-94,752,0,0,44,natural_typing
178.908,-94,752,0,0,45,natural_typing
178.956,-92,746,0,0,45,natural_typing
179.023,-87,743,0,0,46,natural_typing
179.101,-87,743,0,0,46,natural_typing
179.134,-83,740,0,0,46,natural_typing
179.213,-74,739,0,0,47,natural_typing
179.281,-74,739,0,0,47,natural_typing
179.316,-67,738,0,0,47,natural_typing
179.397,-59,736,0,0,47,natural_typing
179.465,-59,736,0,0,47,natural_typing
179.499,-56,734,-8,0,46,natural_typing
179.575,-53,734,-16,0,46,natural_typing
179.654,-53,734,-16,0,48,natural_typing
179.687,-51,732,0,0,50,natural_typing
179.762,-49,731,0,0,50,natural_typing
179.830,-51,729,0,0,52,natural_typing
179.879,-51,729,0,0,52,natural_typing
179.954,-53,725,0,0,54,natural_typing
180.020,-55,720,0,0,55,natural_typing
180.063,-55,720,0,0,55,natural_typing
180.135,-53,717,0,0,55,natural_typing
180.198,-51,719,0,0,55,natural_typing
180.240,-51,718,0,0,55,natural_typing
180.313,-51,718,0,0,55,natural_typing
180.392,-50,719,0,0,55,natural_typing
180.425,-54,715,0,0,55,natural_typing
180.507,-54,715,0,0,56,natural_typing
180.575,-59,710,0,0,56,natural_typing
180.657,-62,708,0,0,57,natural_typing
180.688,-62,708,0,0,57,natural_typing
180.762,-65,706,0,0,57,natural_typing
180.800,-67,709,0,0,57,natural_typing
180.878,-67,718,0,0,57,natural_typing
180.942,-67,718,0,0,58,natural_typing
180.987,-59,730,0,0,59,natural_typing
181.054,-40,755,0,0,59,natural_typing
181.133,-40,755,0,0,60,natural_typing
181.170,-27,755,0,0,60,natural_typing
181.253,-13,749,0,0,62,natural_typing
181.320,-13,749,0,0,63,natural_typing
181.354,-9,742,0,0,63,natural_typing
181.430,-10,739,0,0,65,natural_typing
181.496,-10,739,0,0,65,natural_typing
181.541,-12,738,0,0,67,natural_typing
181.627,-14,738,0,0,68,natural_typing
181.679,-14,738,0,0,68,natural_typing
181.725,-16,737,0,0,71,natural_typing
181.793,-18,737,0,0,72,natural_typing
181.860,-18,737,0,0,72,natural_typing
181.907,-22,739,0,0,73,natural_typing
181.985,-25,739,0,0,74,natural_typing
182.049,-25,739,0,0,74,natural_typing
182.094,-28,738,0,0,77,natural_typing
182.164,-29,734,-8,0,77,natural_typing
182.249,-32,732,-8,0,81,natural_typing
182.272,-32,732,-8,0,81,natural_typing
182.353,-34,732,0,21,81,natural_typing
182.463,-35,735,0,21,84,natural_typing
182.463,-35,735,0,21,84,natural_typing
182.528,-38,735,-8,0,87,natural_typing
182.609,-41,735,-8,0,87,natural_typing
182.650,-40,733,-8,0,89,natural_typing
182.714,-40,733,-8,0,89,natural_typing
182.794,-35,731,-8,0,89,natural_typing
182.839,-33,730,0,0,90,natural_typing
182.918,-33,730,0,0,91,natural_typing
182.985,-31,730,0,0,91,natural_typing
183.024,-26,729,-8,0,90,natural_typing
183.090,-16,726,0,0,92,natural_typing
183.166,-16,726,0,0,92,natural_typing
183.199,-9,723,-8,0,91,natural_typing
183.277,-6,717,-24,0,91,natural_typing
183.403,-6,717,-24,0,91,natural_typing
183.403,-4,714,-8,0,91,natural_typing
183.457,0,711,0,0,91,natural_typing
183.533,0,711,0,0,92,natural_typing
183.576,5,707,-8,0,92,natural_typing
183.641,6,702,0,0,90,natural_typing
183.719,6,702,0,0,90,natural_typing
183.757,5,697,0,0,90,natural_typing
183.835,3,694,0,0,88,natural_typing
183.903,3,694,0,0,88,natural_typing
183.933,0,690,8,0,85,natural_typing
184.012,0,684,8,0,82,natural_typing
184.078,0,684,8,0,82,natural_typing
184.125,-1,679,8,0,82,natural_typing
184.194,-2,672,8,0,83,natural_typing
184.269,-2,672,8,0,83,natural_typing
184.308,-4,664,0,0,86,natural_typing
184.388,-4,653,0,0,89,natural_typing
184.455,-4,653,0,0,89,natural_typing
184.491,-3,646,0,0,92,natural_typing
184.569,-4,641,0,0,92,natural_typing
184.635,-7,641,0,24,92,natural_typing
184.674,-7,641,0,24,92,natural_typing
184.744,-11,643,0,0,94,natural_typing
184.822,-16,645,0,0,94,natural_typing
184.877,-16,645,0,0,94,natural_typing
184.945,-20,646,0,0,96,natural_typing
185.023,-23,645,0,0,98,natural_typing
185.056,-27,641,0,0,98,natural_typing
185.123,-27,641,0,0,100,natural_typing
185.201,-28,637,0,0,100,natural_typing
185.231,-28,634,0,0,100,natural_typing
185.310,-28,634,0,0,100,natural_typing
185.376,-29,635,0,0,100,natural_typing
185.423,-29,635,8,26,100,natural_typing
185.497,-29,635,8,0,100,natural_typing
185.567,-29,635,8,0,100,natural_typing
185.609,-29,636,0,0,100,natural_typing
185.675,-28,637,0,0,100,natural_typing
185.744,-28,637,0,0,100,natural_typing
185.792,-26,638,8,0,100,natural_typing
185.860,-23,638,8,0,100,natural_typing
185.938,-23,638,8,0,100,natural_typing
185.969,-22,639,8,0,100,natural_typing
186.049,-21,643,8,0,100,natural_typing
186.117,-21,643,8,0,100,natural_typing
186.170,-20,647,0,0,100,natural_typing
186.239,-19,654,16,0,100,natural_typing
186.298,-19,654,16,0,100,natural_typing
186.339,-18,658,0,0,100,natural_typing
186.415,-20,660,0,0,100,natural_typing
186.482,-20,660,0,0,100,natural_typing
186.525,-26,662,-8,0,100,natural_typing
186.600,-27,664,-8,0,100,natural_typing
186.668,-27,664,-8,0,100,natural_typing
186.715,-26,668,-8,0,100,natural_typing
186.782,-23,669,-8,26,100,natural_typing
186.860,-23,669,-8,26,100,natural_typing
186.897,-23,669,-8,0,100,natural_typing
186.975,-24,668,-8,0,100,natural_typing
187.042,-24,666,0,0,100,natural_typing
187.087,-24,666,0,0,100,natural_typing
187.154,-24,660,-8,0,100,natural_typing
187.232,-25,657,8,0,100,natural_typing
187.270,-25,657,8,0,100,natural_typing
187.338,-33,652,0,0,100,natural_typing
187.415,-37,649,0,0,100,natural_typing
187.456,-38,643,-16,0,100,natural_typing
187.524,-38,643,-16,0,97,natural_typing
187.601,-34,638,-39,0,97,natural_typing
187.644,-33,632,-88,0,98,natural_typing
187.713,-33,632,-88,0,99,natural_typing
187.781,-31,630,-8,0,99,natural_typing
187.824,-31,631,-8,0,98,natural_typing
187.903,-31,632,-8,0,99,natural_typing
188.007,-31,632,-8,0,99,natural_typing
188.007,-27,635,-8,0,100,natural_typing
188.074,-20,636,0,0,100,natural_typing
188.152,-20,636,0,0,100,natural_typing
188.194,-15,635,-8,0,100,natural_typing
188.261,-10,634,0,0,100,natural_typing
188.330,-10,634,0,0,98,natural_typing
188.384,-6,632,0,0,98,natural_typing
188.451,-1,630,0,0,95,natural_typing
188.518,-1,630,0,0,92,natural_typing
188.563,5,627,0,0,92,natural_typing
188.631,15,626,0,0,92,natural_typing
188.710,15,626,0,0,92,natural_typing
188.740,28,629,0,0,94,natural_typing
188.816,43,634,0,0,92,natural_typing
188.883,43,634,0,0,92,natural_typing
188.929,54,642,8,0,91,natural_typing
189.016,56,648,0,0,89,natural_typing
189.083,56,648,0,0,89,natural_typing
189.117,58,653,0,0,87,natural_typing
189.182,57,661,0,0,87,natural_typing
189.261,54,666,0,0,87,natural_typing
189.304,54,666,0,0,87,natural_typing
189.369,50,670,0,0,87,natural_typing
189.448,45,672,0,0,87,natural_typing
189.482,45,672,0,0,88,natural_typing
189.562,41,673,0,0,88,natural_typing
189.627,36,672,0,0,89,natural_typing
189.669,36,672,0,0,89,natural_typing
189.748,31,670,0,0,87,natural_typing
189.813,26,668,0,0,86,natural_typing
189.851,20,667,0,0,86,natural_typing
189.930,20,667,0,0,85,natural_typing
190.008,10,668,0,0,85,natural_typing
190.041,4,670,0,0,85,natural_typing
190.108,4,670,0,0,85,natural_typing
190.184,-6,670,0,0,85,natural_typing
190.229,-40,672,0,0,84,natural_typing
190.297,-47,671,0,0,82,natural_typing
190.373,-47,671,0,0,82,natural_typing
190.410,-45,672,0,0,80,natural_typing
190.488,-34,669,0,0,76,natural_typing
190.554,-34,669,0,0,76,natural_typing
190.601,-18,665,0,0,75,natural_typing
190.670,-9,663,-8,0,75,natural_typing
190.750,-9,663,-8,0,73,natural_typing
190.780,-10,664,0,0,72,natural_typing
190.848,-19,665,8,0,72,natural_typing
190.926,-19,665,8,0,73,natural_typing
190.962,-44,668,0,0,73,natural_typing
191.051,-58,674,0,0,71,natural_typing
191.116,-58,674,0,0,72,natural_typing
191.149,-70,682,0,0,72,natural_typing
191.226,-73,688,0,0,74,natural_typing
191.305,-73,688,0,0,74,natural_typing
191.335,-78,685,0,0,75,natural_typing
191.412,-77,682,0,0,81,natural_typing
191.477,-77,682,0,0,81,natural_typing
191.530,-67,681,0,0,81,natural_typing
191.634,-62,680,0,0,74,natural_typing
191.665,-66,676,0,0,74,natural_typing
191.699,-66,676,0,0,73,natural_typing
191.778,-65,672,0,0,73,natural_typing
191.867,-67,669,0,0,73,natural_typing
191.887,-67,669,0,0,73,natural_typing
191.964,-66,667,0,0,73,natural_typing
192.031,-65,670,0,0,73,natural_typing
192.078,-65,670,0,0,73,natural_typing
192.155,-59,673,0,0,75,natural_typing
192.221,-54,677,-8,0,74,natural_typing
192.265,-47,677,0,0,74,natural_typing
192.333,-47,677,0,0,75,natural_typing
192.412,-42,677,0,0,75,natural_typing
192.454,-44,676,0,0,77,natural_typing
192.522,-44,676,0,0,78,natural_typing
192.590,-44,676,0,0,78,natural_typing
192.623,-44,674,0,0,79,natural_typing
192.703,-42,672,0,30,80,natural_typing
192.771,-42,672,0,30,80,natural_typing
192.815,-44,673,0,0,82,natural_typing
192.883,-44,677,0,0,82,natural_typing
192.958,-44,677,0,0,82,natural_typing
193.006,-43,679,0,0,82,natural_typing
193.075,-38,682,8,0,82,natural_typing
193.142,-38,682,8,0,83,natural_typing
193.184,-36,685,0,0,82,natural_typing
193.252,-38,687,0,0,82,natural_typing
193.331,-38,687,0,0,81,natural_typing
193.375,-38,689,0,0,81,natural_typing
193.437,-37,698,0,0,80,natural_typing
193.515,-37,698,0,0,78,natural_typing
193.551,-40,704,0,0,78,natural_typing
193.628,-46,705,-8,0,75,natural_typing
193.701,-46,705,-8,0,75,natural_typing
193.774,-50,702,0,0,76,natural_typing
193.815,-51,698,0,0,78,natural_typing
193.881,-51,698,0,0,78,natural_typing
193.938,-56,693,-8,0,80,natural_typing
194.007,-57,689,0,0,80,natural_typing
194.213,-50,687,0,0,80,natural_typing
194.213,-50,687,0,0,80,natural_typing
194.213,-46,686,0,0,79,natural_typing
194.257,-45,687,0,0,79,natural_typing
194.303,-45,687,0,0,80,natural_typing
194.361,-50,687,0,0,80,natural_typing
194.434,-55,686,0,0,80,natural_typing
194.488,-56,686,0,0,81,natural_typing
194.565,-56,686,0,0,81,natural_typing
194.631,-55,685,0,0,81,natural_typing
194.665,-55,683,0,0,81,natural_typing
194.732,-55,683,0,0,82,natural_typing
194.810,-58,683,0,0,82,natural_typing
194.843,-59,684,0,0,82,natural_typing
194.922,-59,684,0,0,81,natural_typing
194.988,-59,687,0,0,81,natural_typing
195.036,-56,690,-8,0,82,natural_typing
195.120,-54,693,0,0,82,natural_typing
195.180,-54,693,0,0,82,natural_typing
195.221,-47,695,-8,0,80,natural_typing
195.298,-41,699,0,0,79,natural_typing
195.366,-41,699,0,0,79,natural_typing
195.408,-38,702,0,0,78,natural_typing
195.470,-38,700,0,0,78,natural_typing
195.544,-38,700,0,0,79,natural_typing
195.590,-37,697,0,0,80,natural_typing
195.655,-37,695,0,0,80,natural_typing
195.739,-37,695,0,0,80,natural_typing
195.774,-36,694,0,0,80,natural_typing
195.842,-36,692,0,0,80,natural_typing
195.921,-36,692,0,0,80,natural_typing
195.955,-37,689,0,0,80,natural_typing
196.032,-38,690,0,0,80,natural_typing
196.099,-38,690,0,0,80,natural_typing
196.149,-39,690,0,0,79,natural_typing
196.209,-40,687,0,0,79,natural_typing
196.283,-40,687,0,0,79,natural_typing
196.326,-39,685,0,0,78,natural_typing
196.400,-43,685,0,0,77,natural_typing
196.478,-43,685,0,0,77,natural_typing
196.508,-43,685,0,0,75,natural_typing
196.583,-43,689,0,0,73,natural_typing
196.648,-41,691,0,0,73,natural_typing
196.698,-41,691,0,0,69,natural_typing
196.764,-40,691,0,0,69,natural_typing
196.842,-41,696,0,0,69,natural_typing
196.874,-41,696,0,0,68,natural_typing
196.953,-40,703,0,0,68,natural_typing
197.020,-36,709,8,0,69,natural_typing
197.077,-28,711,0,0,69,natural_typing
197.146,-28,711,0,0,69,natural_typing
197.215,-18,705,0,0,69,natural_typing
197.260,-13,697,0,0,69,natural_typing
197.326,-12,688,8,0,67,natural_typing
197.408,-12,688,8,0,67,natural_typing
197.437,-15,684,0,0,68,natural_typing
197.514,-15,679,0,0,69,natural_typing
197.581,-15,679,0,0,69,natural_typing
197.619,-19,681,0,0,71,natural_typing
197.692,-29,690,0,0,70,natural_typing
197.761,-29,690,0,0,70,natural_typing
197.811,-36,702,0,0,68,natural_typing
197.878,-40,710,8,0,66,natural_typing
197.956,-40,710,8,0,66,natural_typing
197.990,-36,714,0,0,66,natural_typing
198.059,-31,714,0,0,66,natural_typing
198.136,-31,714,0,0,66,natural_typing
198.169,-19,714,0,0,66,natural_typing
198.248,-8,713,0,0,66,natural_typing
198.326,-8,713,0,0,66,natural_typing
198.355,-1,712,0,0,66,natural_typing
198.434,0,709,0,0,65,natural_typing
198.509,0,709,0,0,65,natural_typing
198.550,-10,705,0,0,66,natural_typing
198.617,-22,698,0,0,67,natural_typing
198.685,-22,698,0,0,67,natural_typing
198.731,-40,694,0,0,67,natural_typing
198.798,-100,707,0,0,66,natural_typing
198.879,-159,725,0,0,66,natural_typing
198.910,-159,725,0,0,65,natural_typing
198.986,-277,769,0,0,64,natural_typing
199.063,-278,771,0,0,64,natural_typing
199.108,-278,771,0,0,63,natural_typing
199.186,-274,770,0,0,62,natural_typing
199.249,-264,766,0,0,62,natural_typing
199.298,-254,761,0,0,61,natural_typing
199.363,-254,761,0,0,61,natural_typing
199.429,-244,758,0,0,61,natural_typing
199.470,-229,755,0,0,61,natural_typing
199.546,-229,755,0,0,60,natural_typing
199.622,-197,746,0,0,60,natural_typing
199.664,-174,737,0,0,60,natural_typing
199.743,-155,732,0,0,60,natural_typing
199.809,-155,732,0,0,60,natural_typing
199.843,-146,730,0,0,58,natural_typing
199.921,-135,730,0,0,58,natural_typing
199.989,-135,730,0,0,58,natural_typing
200.023,-114,732,0,0,58,natural_typing
200.101,-107,734,0,0,57,natural_typing
200.169,-107,734,0,0,57,natural_typing
200.217,-105,736,0,0,56,natural_typing
200.280,-100,736,0,0,56,natural_typing
200.349,-100,736,0,0,56,natural_typing
200.393,-95,731,0,0,56,natural_typing
200.471,-89,722,0,0,56,natural_typing
200.537,-89,722,0,0,57,natural_typing
200.572,-85,712,0,0,57,natural_typing
200.648,-87,705,0,0,57,natural_typing
200.732,-87,705,0,0,58,natural_typing
200.765,-90,700,0,0,58,natural_typing
200.832,-94,694,0,0,57,natural_typing
200.911,-94,694,0,0,57,natural_typing
200.941,-94,690,0,0,56,natural_typing
201.017,-94,685,0,0,54,natural_typing
201.091,-94,685,0,0,54,natural_typing
201.138,-92,682,0,0,52,natural_typing
201.223,-84,683,0,0,50,natural_typing
201.282,-78,685,0,0,50,natural_typing
201.323,-78,685,0,0,48,natural_typing
201.391,-74,688,0,0,47,natural_typing
201.469,-73,690,0,0,47,natural_typing
201.507,-73,690,0,0,46,natural_typing
201.573,-68,692,0,0,44,natural_typing
201.651,-62,693,0,0,44,natural_typing
201.699,-60,695,0,0,44,natural_typing
201.797,-60,695,0,0,44,natural_typing
201.833,-56,695,0,0,43,natural_typing
201.868,-54,693,0,0,43,natural_typing
201.945,-54,693,0,0,43,natural_typing
202.023,-49,693,0,0,42,natural_typing
202.061,-39,692,0,0,42,natural_typing
202.128,-39,692,0,0,42,natural_typing
202.206,-30,691,0,0,42,natural_typing
202.250,-27,689,0,0,42,natural_typing
202.328,-27,683,0,0,42,natural_typing
202.396,-27,683,0,0,42,natural_typing
202.429,-28,679,0,0,41,natural_typing
202.496,-29,670,0,0,40,natural_typing
202.573,-29,670,0,0,40,natural_typing
202.608,-31,659,0,0,40,natural_typing
202.687,-28,653,0,0,39,natural_typing
202.751,-28,653,0,0,39,natural_typing
202.801,-27,649,0,0,38,natural_typing
202.874,-28,647,0,0,38,natural_typing
202.938,-28,647,0,0,38,natural_typing
202.981,-31,646,0,0,39,natural_typing
203.046,-34,646,8,0,39,natural_typing
203.124,-34,646,8,0,40,natural_typing
203.168,-38,646,0,0,40,natural_typing
203.246,-48,645,0,0,41,natural_typing
203.315,-48,645,0,0,42,natural_typing
203.347,-62,649,0,0,42,natural_typing
203.425,-81,655,0,0,42,natural_typing
203.502,-81,655,0,0,42,natural_typing
203.534,-94,658,0,0,43,natural_typing
203.612,-93,656,0,0,42,natural_typing
203.680,-83,654,0,0,42,natural_typing
203.730,-83,654,0,0,41,natural_typing
203.798,-63,649,0,0,42,natural_typing
203.863,-11,642,0,0,42,natural_typing
203.909,-11,642,0,0,41,natural_typing
203.975,14,633,0,0,41,natural_typing
204.053,27,631,0,0,41,natural_typing
204.089,27,620,0,0,40,natural_typing
204.172,27,620,0,0,40,natural_typing
204.247,23,619,0,0,40,natural_typing
204.270,19,617,8,0,40,natural_typing
204.348,19,617,8,0,41,natural_typing
204.428,17,617,8,0,41,natural_typing
204.461,20,616,0,0,41,natural_typing
204.529,20,616,0,0,43,natural_typing
204.608,27,618,0,0,43,natural_typing
204.641,33,617,0,0,45,natural_typing
204.721,43,614,0,0,46,natural_typing
204.784,43,614,0,0,46,natural_typing
204.824,51,612,0,0,46,natural_typing
204.903,53,612,0,0,47,natural_typing
204.969,53,612,0,0,47,natural_typing
205.015,52,608,0,0,48,natural_typing
205.092,52,606,0,0,50,natural_typing
205.160,52,606,0,0,50,natural_typing
205.204,50,606,0,0,52,natural_typing
205.272,51,605,0,0,52,natural_typing
205.353,51,605,0,0,52,natural_typing
205.383,50,605,0,0,54,natural_typing
205.462,49,609,0,0,54,natural_typing
205.524,49,609,0,0,55,natural_typing
205.577,46,611,0,0,55,natural_typing
205.655,40,610,0,0,58,natural_typing
205.718,40,610,0,0,60,natural_typing
205.751,37,605,0,0,60,natural_typing
205.826,33,600,0,0,61,natural_typing
205.905,33,600,0,0,61,natural_typing
205.937,31,598,0,0,64,natural_typing
206.015,30,597,0,0,65,natural_typing
206.082,28,599,0,0,65,natural_typing
206.138,28,599,0,0,65,natural_typing
206.197,28,602,0,0,65,natural_typing
206.283,28,608,0,0,65,natural_typing
206.305,28,608,0,0,65,natural_typing
206.381,31,613,0,0,68,natural_typing
206.459,31,623,8,0,68,natural_typing
206.490,26,634,0,0,68,natural_typing
206.566,26,634,0,0,68,natural_typing
206.632,16,647,0,0,67,natural_typing
206.679,3,660,-8,0,67,natural_typing
206.744,3,660,-8,0,67,natural_typing
206.825,-47,675,0,0,68,natural_typing
206.865,-99,693,0,0,68,natural_typing
206.932,-99,693,0,0,69,natural_typing
207.008,-141,693,0,0,69,natural_typing
207.052,-165,688,-8,0,68,natural_typing
207.133,-164,681,0,0,67,natural_typing
207.198,-164,681,0,0,67,natural_typing
207.233,-161,671,0,0,68,natural_typing
207.311,-156,664,0,0,68,natural_typing
207.375,-156,664,0,0,68,natural_typing
207.420,-151,649,-8,0,68,natural_typing
207.489,-141,641,0,0,69,natural_typing
207.564,-141,641,0,0,69,natural_typing
207.601,-131,638,0,0,70,natural_typing
207.681,-119,626,0,0,71,natural_typing
207.749,-119,626,0,0,71,natural_typing
207.791,-114,614,0,0,71,natural_typing
207.856,-151,599,0,0,71,natural_typing
207.930,-151,599,0,0,71,natural_typing
207.974,-187,583,0,0,71,natural_typing
208.042,-222,579,0,0,71,natural_typing
208.120,-222,579,0,0,73,natural_typing
208.153,-212,583,0,0,73,natural_typing
208.231,-194,585,0,0,74,natural_typing
208.297,-194,585,0,0,74,natural_typing
208.341,-186,582,8,0,76,natural_typing
208.419,-179,579,-8,0,74,natural_typing
208.486,-171,575,-8,0,74,natural_typing
208.522,-171,575,-8,0,73,natural_typing
208.600,-162,575,0,0,73,natural_typing
208.669,-149,578,-8,0,73,natural_typing
208.711,-149,578,-8,0,73,natural_typing
208.780,-140,581,0,0,74,natural_typing
208.858,-143,586,0,0,74,natural_typing
208.902,-145,590,0,0,76,natural_typing
208.982,-145,590,0,0,76,natural_typing
209.050,-145,596,0,0,75,natural_typing
209.084,-145,602,0,0,75,natural_typing
209.152,-145,602,0,0,75,natural_typing
209.231,-142,606,0,0,74,natural_typing
209.276,-141,611,0,0,74,natural_typing
209.343,-141,614,0,0,75,natural_typing
209.421,-141,614,0,0,76,natural_typing
209.459,-143,616,0,0,76,natural_typing
209.527,-142,619,0,0,76,natural_typing
209.607,-142,619,0,0,76,natural_typing
214.838,-139,621,0,0,75,natural_reach
214.838,-134,623,0,0,74,natural_reach
214.838,-134,623,0,0,74,natural_reach
214.838,-130,631,0,0,74,natural_reach
214.838,-128,638,0,0,73,natural_reach
214.838,-128,638,0,0,73,natural_reach
214.838,-123,643,0,0,73,natural_reach
214.838,-116,645,0,0,73,natural_reach
214.838,-116,645,0,0,73,natural_reach
214.838,-104,646,0,0,73,natural_reach
214.838,-93,644,0,0,73,natural_reach
214.838,-93,644,0,0,74,natural_reach
214.838,-85,645,-8,0,72,natural_reach
214.838,-77,646,0,0,72,natural_reach
214.838,-74,647,0,0,72,natural_reach
214.838,-74,647,0,0,72,natural_reach
214.838,-76,648,0,0,74,natural_reach
214.838,-76,649,0,0,75,natural_reach
214.838,-76,649,0,0,75,natural_reach
214.838,-75,648,0,0,76,natural_reach
214.838,-71,649,0,0,76,natural_reach
214.838,-68,650,0,0,77,natural_reach
214.838,-68,650,0,0,77,natural_reach
214.838,-61,651,0,0,77,natural_reach
214.838,-53,649,0,0,78,natural_reach
214.838,-53,649,0,0,77,natural_reach
214.838,-50,647,-8,0,77,natural_reach
214.838,-47,640,8,0,79,natural_reach
214.838,-46,634,0,0,79,natural_reach
214.838,-46,634,0,0,79,natural_reach
214.838,-45,635,0,0,79,natural_reach
214.838,-42,635,0,0,79,natural_reach
214.838,-42,635,0,0,79,natural_reach
214.838,-41,635,8,0,81,natural_reach
214.838,-41,637,8,0,81,natural_reach
214.838,-41,637,8,0,81,natural_reach
214.838,-41,640,8,0,84,natural_reach
214.838,-45,643,8,0,84,natural_reach
214.838,-45,643,8,0,87,natural_reach
214.838,-47,646,8,0,87,natural_reach
214.838,-47,650,8,0,88,natural_reach
214.838,-47,650,8,0,86,natural_reach
214.838,-49,651,8,0,86,natural_reach
214.838,-52,650,0,0,86,natural_reach
214.838,-52,650,0,0,86,natural_reach
214.838,-56,651,0,0,88,natural_reach
214.838,-58,654,0,0,89,natural_reach
214.838,-58,656,-8,0,89,natural_reach
214.838,-58,656,-8,0,88,natural_reach
214.838,-52,660,-8,0,87,natural_reach
214.838,-46,663,-8,0,87,natural_reach
214.838,-46,663,-8,0,87,natural_reach
214.838,-44,666,-8,0,87,natural_reach
214.838,-46,668,-8,0,87,natural_reach
214.838,-45,669,-8,0,85,natural_reach
214.838,-45,669,-8,0,85,natural_reach
214.838,-46,666,0,0,85,natural_reach
214.838,-53,661,0,0,85,natural_reach
214.838,-53,661,0,0,85,natural_reach
214.838,-59,656,0,0,85,natural_reach
214.838,-62,650,0,0,85,natural_reach
214.838,-64,645,0,0,84,natural_reach
214.838,-64,645,0,0,84,natural_reach
214.838,-67,642,0,0,84,natural_reach
214.838,-74,640,0,0,84,natural_reach
214.838,-74,640,0,0,84,natural_reach
214.838,-78,640,0,0,84,natural_reach
214.838,-81,641,0,0,83,natural_reach
214.838,-81,641,0,0,83,natural_reach
214.838,-84,642,0,0,84,natural_reach
214.838,-85,640,0,0,83,natural_reach
214.838,-85,640,0,0,83,natural_reach
214.838,-85,638,0,0,82,natural_reach
214.838,-84,636,0,0,81,natural_reach
214.838,-84,636,0,0,81,natural_reach
214.838,-82,634,0,0,81,natural_reach
214.838,-81,634,0,0,81,natural_reach
214.838,-81,634,0,0,82,natural_reach
214.838,-80,633,0,0,82,natural_reach
214.838,-80,631,0,0,82,natural_reach
214.838,-79,630,0,0,82,natural_reach
214.838,-79,630,0,0,82,natural_reach
214.838,-80,629,0,0,81,natural_reach
214.838,-79,627,0,0,79,natural_reach
214.850,-79,627,0,0,79,natural_reach
214.925,-79,624,0,0,78,natural_reach
215.002,-79,622,0,0,78,natural_reach
215.044,-78,620,0,0,78,natural_reach
215.112,-78,620,0,0,78,natural_reach
215.188,-77,615,0,0,78,natural_reach
215.221,-76,612,0,0,78,natural_reach
215.299,-76,612,0,0,77,natural_reach
215.378,-75,608,0,0,77,natural_reach
215.419,-73,607,0,0,77,natural_reach
215.485,-71,603,0,0,76,natural_reach
215.561,-71,603,0,0,76,natural_reach
215.608,-69,602,0,0,76,natural_reach
215.687,-68,602,0,0,75,natural_reach
215.754,-68,602,0,0,75,natural_reach
215.788,-67,602,0,0,75,natural_reach
215.868,-65,603,0,0,75,natural_reach
215.932,-65,603,0,0,72,natural_reach
215.978,-66,602,0,0,72,natural_reach
216.045,-67,601,0,0,69,natural_reach
216.125,-67,601,0,0,66,natural_reach
216.163,-68,600,0,0,66,natural_reach
216.232,-68,600,0,0,67,natural_reach
216.317,-68,600,0,0,67,natural_reach
216.350,-69,601,0,0,64,natural_reach
216.416,-71,603,0,0,62,natural_reach
216.492,-73,605,0,0,62,natural_reach
216.536,-73,605,0,0,59,natural_reach
216.603,-75,607,0,0,59,natural_reach
216.682,-78,608,0,0,59,natural_reach
216.720,-78,608,0,0,59,natural_reach
216.798,-85,611,0,26,60,natural_reach
216.865,-92,613,0,26,60,natural_reach
216.906,-98,620,0,0,59,natural_reach
216.972,-98,620,0,0,61,natural_reach
217.048,-110,625,0,0,61,natural_reach
217.095,-118,630,0,0,63,natural_reach
217.162,-118,630,0,0,63,natural_reach
217.240,-113,632,0,0,62,natural_reach
217.277,-110,629,8,0,60,natural_reach
217.355,-109,629,-8,0,60,natural_reach
217.419,-109,629,-8,0,59,natural_reach
217.465,-107,631,-8,0,59,natural_reach
217.542,-102,632,-8,0,60,natural_reach
217.610,-102,632,-8,0,59,natural_reach
217.647,-100,632,-16,0,59,natural_reach
217.729,-106,631,-8,0,59,natural_reach
217.797,-106,631,-8,0,59,natural_reach
217.845,-110,631,-16,0,58,natural_reach
217.913,-111,631,-8,0,59,natural_reach
217.983,-111,631,-8,0,59,natural_reach
218.026,-113,630,-8,0,59,natural_reach
218.092,-116,630,-8,0,62,natural_reach
218.172,-116,630,-8,0,62,natural_reach
218.211,-119,628,-8,0,62,natural_reach
218.289,-119,624,-8,0,62,natural_reach
218.356,-119,624,-8,0,62,natural_reach
218.391,-120,620,0,0,62,natural_reach
218.459,-122,618,0,0,62,natural_reach
218.536,-122,618,0,0,62,natural_reach
218.592,-125,622,8,0,61,natural_reach
218.661,-128,624,8,0,61,natural_reach
218.727,-135,628,16,0,62,natural_reach
218.762,-135,628,16,0,62,natural_reach
218.831,-138,632,16,0,62,natural_reach
218.907,-135,635,16,0,62,natural_reach
218.955,-135,635,16,0,62,natural_reach
219.026,-128,639,16,0,60,natural_reach
219.095,-114,642,8,0,60,natural_reach
219.136,-103,645,24,0,59,natural_reach
219.204,-103,645,24,0,59,natural_reach
219.273,-96,648,16,0,59,natural_reach
219.318,-88,652,16,0,59,natural_reach
219.386,-88,652,16,0,59,natural_reach
219.467,-83,655,8,0,59,natural_reach
219.510,-79,658,8,0,58,natural_reach
219.577,-73,664,8,0,57,natural_reach
219.654,-73,664,8,0,57,natural_reach
219.688,-59,672,8,0,55,natural_reach
219.769,-19,699,8,0,55,natural_reach
219.835,-19,699,8,0,56,natural_reach
219.878,10,720,0,0,56,natural_reach
219.946,5,721,8,0,56,natural_reach
220.024,5,721,8,0,56,natural_reach
220.060,3,720,0,0,56,natural_reach
220.147,4,719,0,0,55,natural_reach
220.210,4,719,0,0,55,natural_reach
220.243,12,719,0,0,56,natural_reach
220.311,19,719,0,0,56,natural_reach
220.389,19,719,0,0,56,natural_reach
220.423,33,719,0,0,56,natural_reach
220.497,42,722,0,0,57,natural_reach
220.571,42,722,0,0,57,natural_reach
220.621,58,725,0,0,57,natural_reach
220.688,70,727,0,0,55,natural_reach
220.754,70,727,0,0,55,natural_reach
220.803,73,729,0,0,52,natural_reach
220.867,69,730,0,0,52,natural_reach
220.935,69,730,0,0,52,natural_reach
220.977,63,732,8,0,51,natural_reach
221.057,59,731,-16,0,51,natural_reach
221.123,56,730,-16,31,49,natural_reach
221.172,56,730,-16,31,49,natural_reach
221.238,49,728,-24,27,49,natural_reach
221.317,39,725,-24,0,48,natural_reach
221.347,39,725,-24,0,48,natural_reach
221.426,29,721,-16,22,49,natural_reach
221.490,21,716,-24,22,49,natural_reach
221.534,18,714,-16,0,47,natural_reach
221.611,18,714,-16,0,46,natural_reach
221.680,14,711,-16,0,46,natural_reach
221.737,10,707,-8,0,46,natural_reach
221.792,10,707,-8,0,46,natural_reach
221.880,5,698,-8,0,46,natural_reach
221.903,1,688,-8,0,46,natural_reach
222.001,-3,677,-8,16,48,natural_reach
222.069,-3,677,-8,16,48,natural_reach
222.094,-11,670,0,0,47,natural_reach
222.177,-31,664,0,0,47,natural_reach
222.252,-31,664,0,22,49,natural_reach
222.272,-97,650,0,0,49,natural_reach
222.353,-144,651,8,0,49,natural_reach
222.419,-144,651,8,0,46,natural_reach
222.476,-149,653,8,0,46,natural_reach
222.550,-149,654,16,0,48,natural_reach
222.606,-149,654,16,0,48,natural_reach
222.646,-147,654,16,0,47,natural_reach
222.711,-144,654,8,0,46,natural_reach
222.790,-144,654,8,0,46,natural_reach
222.833,-136,658,16,0,46,natural_reach
222.901,-109,680,8,0,46,natural_reach
222.968,-109,680,8,0,46,natural_reach
223.015,-84,695,8,0,47,natural_reach
223.100,-73,704,8,0,47,natural_reach
223.169,-73,704,8,0,47,natural_reach
223.191,-60,709,-8,0,47,natural_reach
223.273,-43,710,-8,0,47,natural_reach
223.380,-43,710,-8,0,47,natural_reach
223.380,-35,709,-8,0,46,natural_reach
223.467,-26,707,-24,0,46,natural_reach
223.525,-19,705,-24,0,46,natural_reach
223.567,-19,705,-24,0,46,natural_reach
223.643,25,704,-16,0,46,natural_reach
223.728,66,704,-24,27,48,natural_reach
223.778,127,686,-32,27,48,natural_reach
223.834,127,686,-32,0,48,natural_reach
223.903,149,637,-24,0,48,natural_reach
223.939,156,586,-16,0,47,natural_reach
224.082,178,537,-8,0,48,natural_reach
224.131,189,502,-8,0,50,natural_reach
224.200,189,502,-8,0,50,natural_reach
224.270,194,494,-8,0,50,natural_reach
224.311,199,493,0,0,52,natural_reach
224.378,194,492,8,0,52,natural_reach
224.456,194,492,8,0,52,natural_reach
224.496,195,484,-8,0,52,natural_reach
224.565,195,475,-8,0,52,natural_reach
224.634,195,475,-8,0,53,natural_reach
224.676,198,478,8,0,54,natural_reach
224.756,197,476,16,0,54,natural_reach
224.821,197,476,16,0,54,natural_reach
224.867,198,474,16,0,54,natural_reach
224.933,198,474,24,0,55,natural_reach
225.012,198,474,24,0,55,natural_reach
225.054,195,479,24,0,55,natural_reach
225.121,192,486,24,0,54,natural_reach
225.188,192,486,24,0,54,natural_reach
225.233,191,494,24,0,54,natural_reach
225.303,196,503,16,0,54,natural_reach
225.380,196,503,16,0,54,natural_reach
225.419,202,513,24,0,53,natural_reach
225.490,207,520,8,0,55,natural_reach
225.556,207,520,8,0,55,natural_reach
225.609,204,527,8,0,55,natural_reach
225.675,197,537,8,0,54,natural_reach
225.754,192,548,16,0,54,natural_reach
225.795,192,548,16,0,53,natural_reach
225.861,198,558,8,0,53,natural_reach
225.936,203,568,8,0,52,natural_reach
225.985,203,568,8,0,51,natural_reach
226.050,193,574,-8,0,51,natural_reach
226.135,179,580,0,0,50,natural_reach
226.167,167,585,-8,0,50,natural_reach
226.234,167,585,-8,0,50,natural_reach
226.310,158,590,-8,28,52,natural_reach
226.351,147,593,0,28,52,natural_reach
226.417,147,593,0,23,55,natural_reach
226.494,140,592,-8,23,55,natural_reach
226.531,134,590,-8,0,55,natural_reach
226.617,125,592,0,0,55,natural_reach
226.682,125,592,0,0,55,natural_reach
226.715,118,596,0,0,55,natural_reach
226.794,115,604,0,0,54,natural_reach
226.917,115,604,0,0,54,natural_reach
226.917,110,612,0,0,54,natural_reach
226.970,104,615,0,0,54,natural_reach
227.063,104,615,0,0,55,natural_reach
227.081,100,615,0,0,56,natural_reach
227.154,95,617,0,0,56,natural_reach
227.231,95,617,0,0,56,natural_reach
227.265,88,620,0,0,56,natural_reach
227.346,82,625,-8,0,59,natural_reach
227.418,82,625,-8,0,60,natural_reach
227.457,72,630,-8,0,60,natural_reach
227.524,63,632,-8,0,62,natural_reach
227.602,63,632,-8,0,62,natural_reach
227.654,53,634,-16,0,61,natural_reach
227.719,46,636,-32,0,60,natural_reach
227.786,46,636,-32,0,60,natural_reach
227.836,36,639,-16,0,59,natural_reach
227.904,30,639,-24,0,60,natural_reach
227.972,24,639,-24,0,60,natural_reach
228.016,24,639,-24,0,60,natural_reach
228.085,14,641,-8,0,60,natural_reach
228.152,8,639,-16,0,60,natural_reach
228.194,8,639,-16,0,60,natural_reach
228.264,1,636,-8,0,60,natural_reach
228.345,-2,630,-8,0,59,natural_reach
228.440,-2,630,-8,0,59,natural_reach
228.463,-10,624,0,0,59,natural_reach
228.526,-20,620,8,0,60,natural_reach
228.565,-28,618,8,0,60,natural_reach
228.645,-28,618,8,0,59,natural_reach
228.714,-35,618,16,0,59,natural_reach
228.757,-40,618,16,0,59,natural_reach
228.818,-40,618,16,0,58,natural_reach
228.898,-40,622,16,0,58,natural_reach
228.936,-40,626,0,0,57,natural_reach
229.004,-43,628,8,0,57,natural_reach
229.080,-43,628,8,0,57,natural_reach
229.122,-46,631,8,0,60,natural_reach
229.191,-49,634,8,0,60,natural_reach
229.259,-49,634,8,0,60,natural_reach
229.302,-51,637,0,0,62,natural_reach
229.372,-53,640,0,0,64,natural_reach
229.449,-53,640,0,0,64,natural_reach
229.487,-50,642,0,0,66,natural_reach
229.556,-48,645,0,0,66,natural_reach
229.642,-48,645,0,0,69,natural_reach
229.676,-51,646,0,0,71,natural_reach
229.745,-54,647,0,0,71,natural_reach
229.824,-54,647,0,0,72,natural_reach
229.855,-57,647,0,0,72,natural_reach
229.951,-63,646,0,0,75,natural_reach
230.025,-63,646,0,0,75,natural_reach
230.058,-67,645,8,0,77,natural_reach
230.120,-67,640,0,0,78,natural_reach
230.192,-67,640,0,0,78,natural_reach
230.251,-64,638,0,0,78,natural_reach
230.305,-56,638,0,0,77,natural_reach
230.373,-50,635,0,0,77,natural_reach
230.418,-50,635,0,0,76,natural_reach
230.491,-47,632,0,0,77,natural_reach
230.556,-46,629,0,0,77,natural_reach
230.618,-46,629,0,0,79,natural_reach
230.683,-46,629,0,0,79,natural_reach
230.748,-49,629,0,0,81,natural_reach
230.782,-49,629,0,0,84,natural_reach
230.860,-58,631,0,0,84,natural_reach
230.937,-67,631,0,0,85,natural_reach
230.967,-71,630,0,0,85,natural_reach
231.034,-71,630,0,0,84,natural_reach
231.109,-72,629,0,0,83,natural_reach
231.165,-70,625,0,0,83,natural_reach
231.232,-70,625,0,0,84,natural_reach
231.299,-67,619,0,0,84,natural_reach
231.333,-65,613,0,0,82,natural_reach
231.409,-63,605,0,0,82,natural_reach
231.486,-63,605,0,0,82,natural_reach
231.525,-63,597,0,0,81,natural_reach
231.589,-62,590,0,0,82,natural_reach
231.665,-62,590,0,0,82,natural_reach
231.707,-59,590,0,0,83,natural_reach
231.782,-60,592,0,0,84,natural_reach
231.855,-60,592,0,0,84,natural_reach
231.894,-61,601,0,0,84,natural_reach
231.970,-59,611,0,0,84,natural_reach
232.035,-59,611,0,0,85,natural_reach
232.083,-55,618,0,0,85,natural_reach
232.150,-49,625,0,0,85,natural_reach
232.233,-49,625,0,0,84,natural_reach
232.267,-39,632,0,0,84,natural_reach
232.332,-31,637,0,0,84,natural_reach
232.406,-31,637,0,0,85,natural_reach
232.449,-30,641,0,0,85,natural_reach
232.516,-31,640,0,22,87,natural_reach
232.594,-31,640,0,22,87,natural_reach
232.638,-31,641,0,0,89,natural_reach
232.716,-33,645,0,25,93,natural_reach
232.783,-37,649,-8,25,93,natural_reach
232.816,-37,649,-8,0,96,natural_reach
232.897,-38,653,-8,0,98,natural_reach
232.962,-29,655,-8,0,98,natural_reach
233.006,-29,655,-8,0,99,natural_reach
233.071,-22,657,0,0,99,natural_reach
233.151,-9,657,-8,0,98,natural_reach
233.198,-9,657,-8,0,100,natural_reach
233.263,-1,656,-16,0,100,natural_reach
233.330,11,654,-8,0,100,natural_reach
233.378,44,645,0,0,100,natural_reach
233.444,44,645,0,0,99,natural_reach
233.528,90,641,8,0,97,natural_reach
233.562,132,637,8,0,97,natural_reach
233.629,132,637,8,0,97,natural_reach
233.709,122,638,8,0,97,natural_reach
233.741,116,641,0,0,95,natural_reach
233.818,102,642,8,0,94,natural_reach
233.884,102,642,8,0,94,natural_reach
233.941,90,643,0,0,93,natural_reach
234.006,89,644,0,0,90,natural_reach
234.082,89,644,0,0,90,natural_reach
234.115,94,644,0,23,92,natural_reach
234.183,106,643,8,26,93,natural_reach
234.265,106,643,8,26,93,natural_reach
234.295,118,643,0,0,91,natural_reach
234.373,115,645,0,0,91,natural_reach
234.442,115,645,0,0,90,natural_reach
234.486,105,644,-8,0,90,natural_reach
234.554,94,644,-8,0,90,natural_reach
234.631,94,644,-8,0,89,natural_reach
234.665,84,644,-8,0,89,natural_reach
234.734,75,644,-8,22,89,natural_reach
234.811,75,644,-8,25,90,natural_reach
240.055,69,647,0,25,90,stand_sit
240.055,67,647,0,0,90,stand_sit
240.055,67,647,0,0,90,stand_sit
240.055,63,647,8,0,91,stand_sit
240.055,58,646,8,28,93,stand_sit
240.055,52,646,8,28,93,stand_sit
240.055,52,646,8,28,94,stand_sit
240.055,49,646,8,0,93,stand_sit
240.055,42,646,8,0,93,stand_sit
240.055,42,646,8,0,93,stand_sit
240.055,35,639,96,0,93,stand_sit
240.055,32,632,0,0,93,stand_sit
240.055,30,630,8,0,93,stand_sit
240.055,30,630,8,0,93,stand_sit
240.055,36,628,8,0,93,stand_sit
240.055,40,630,0,0,91,stand_sit
240.055,51,633,0,0,91,stand_sit
240.055,51,633,0,0,90,stand_sit
240.055,66,638,0,0,90,stand_sit
240.055,75,642,-16,0,88,stand_sit
240.055,75,642,-16,0,89,stand_sit
240.055,84,649,-8,0,89,stand_sit
240.055,88,653,-16,0,89,stand_sit
240.055,88,653,-16,0,89,stand_sit
240.055,86,654,-16,27,92,stand_sit
240.055,85,654,-8,22,93,stand_sit
240.055,85,654,-8,22,93,stand_sit
240.055,76,655,-8,0,91,stand_sit
240.055,56,652,-8,0,90,stand_sit
240.055,56,652,-8,0,90,stand_sit
240.055,38,648,-8,0,87,stand_sit
240.055,27,643,0,0,85,stand_sit
240.055,27,643,0,0,85,stand_sit
240.055,19,626,0,0,84,stand_sit
240.055,5,607,0,0,85,stand_sit
240.055,-12,601,0,0,85,stand_sit
240.055,-12,601,0,0,85,stand_sit
240.055,-24,596,0,0,85,stand_sit
240.055,-35,591,0,0,85,stand_sit
240.055,-35,591,0,0,84,stand_sit
240.055,-42,589,0,0,84,stand_sit
240.055,-46,598,0,0,86,stand_sit
240.055,-49,604,0,0,86,stand_sit
240.055,-49,604,0,0,87,stand_sit
240.055,-51,609,0,0,87,stand_sit
240.055,-51,613,0,0,87,stand_sit
240.055,-51,613,0,0,89,stand_sit
240.055,-50,614,0,0,89,stand_sit
240.055,-50,612,0,0,90,stand_sit
240.055,-49,610,0,0,89,stand_sit
240.055,-49,610,0,0,89,stand_sit
240.055,-51,606,0,0,93,stand_sit
240.055,-55,606,0,0,91,stand_sit
240.055,-55,606,0,0,91,stand_sit
240.055,-58,608,0,0,91,stand_sit
240.055,-62,610,0,0,91,stand_sit
240.055,-62,610,0,0,91,stand_sit
240.055,-69,612,0,0,91,stand_sit
240.055,-92,612,0,0,91,stand_sit
240.055,-92,612,0,0,89,stand_sit
240.055,-159,610,0,0,88,stand_sit
240.055,-177,619,0,0,88,stand_sit
240.055,-177,619,0,0,88,stand_sit
240.055,-166,619,0,0,88,stand_sit
240.055,-160,620,0,0,85,stand_sit
240.055,-160,620,0,0,85,stand_sit
240.055,-157,621,0,0,85,stand_sit
240.055,-151,623,0,0,85,stand_sit
240.055,-147,625,0,0,85,stand_sit
240.055,-147,625,0,0,84,stand_sit
240.055,-144,627,0,0,84,stand_sit
240.055,-142,628,0,0,84,stand_sit
240.055,-142,628,0,0,85,stand_sit
240.055,-140,627,0,0,84,stand_sit
240.055,-139,627,0,0,84,stand_sit
240.055,-135,628,0,0,86,stand_sit
240.055,-135,628,0,0,88,stand_sit
240.055,-131,629,0,0,88,stand_sit
240.055,-123,629,0,0,92,stand_sit
240.055,-123,629,0,0,92,stand_sit
240.055,-114,623,0,0,95,stand_sit
240.055,-107,619,0,0,100,stand_sit
240.055,-106,617,0,0,100,stand_sit
240.055,-106,617,0,0,100,stand_sit
240.067,-106,618,0,0,100,stand_sit
240.142,-107,620,0,0,100,stand_sit
240.222,-107,620,0,0,100,stand_sit
240.253,-107,622,0,0,100,stand_sit
240.329,-105,625,0,0,100,stand_sit
240.398,-105,625,0,0,100,stand_sit
240.441,-102,628,0,0,100,stand_sit
240.523,-101,630,0,0,100,stand_sit
240.588,-101,630,0,0,100,stand_sit
240.636,-94,632,0,0,100,stand_sit
240.703,-86,632,0,0,100,stand_sit
240.785,-86,632,0,0,100,stand_sit
240.819,-80,630,0,0,100,stand_sit
240.888,-78,628,0,0,100,stand_sit
240.955,-78,628,0,0,100,stand_sit
241.000,-79,627,0,0,100,stand_sit
241.070,-81,627,0,0,100,stand_sit
241.150,-84,627,0,24,100,stand_sit
241.186,-84,627,0,23,100,stand_sit
241.265,-86,628,0,23,100,stand_sit
241.329,-86,630,0,0,100,stand_sit
241.372,-86,630,0,0,100,stand_sit
241.441,-85,629,0,0,100,stand_sit
241.520,-83,629,8,0,100,stand_sit
241.562,-80,629,8,0,100,stand_sit
241.631,-80,629,8,0,100,stand_sit
241.709,-80,631,8,0,100,stand_sit
241.746,-82,632,8,0,100,stand_sit
241.834,-82,632,8,0,100,stand_sit
241.902,-84,632,8,0,100,stand_sit
241.936,-86,631,16,0,100,stand_sit
242.015,-90,633,8,0,100,stand_sit
242.081,-90,633,8,0,100,stand_sit
242.126,-94,636,0,0,100,stand_sit
242.194,-95,638,16,0,100,stand_sit
242.272,-95,638,16,0,100,stand_sit
242.317,-91,643,8,0,100,stand_sit
242.385,-89,646,-16,0,100,stand_sit
242.450,-89,646,-16,0,100,stand_sit
242.495,-81,648,-32,0,100,stand_sit
242.561,-76,647,-48,0,100,stand_sit
242.647,-76,647,-48,0,100,stand_sit
242.680,-70,645,-48,0,100,stand_sit
242.747,-66,640,-48,0,100,stand_sit
242.827,-66,640,-48,0,100,stand_sit
242.869,-64,637,-32,0,100,stand_sit
242.937,-60,636,-32,0,100,stand_sit
243.006,-50,635,-24,0,100,stand_sit
243.052,-50,635,-24,0,100,stand_sit
243.120,-35,634,-16,0,100,stand_sit
243.200,21,624,-8,0,100,stand_sit
243.237,21,624,-8,0,100,stand_sit
243.324,69,618,0,0,100,stand_sit
243.391,162,604,0,0,100,stand_sit
243.424,197,600,8,0,100,stand_sit
243.491,197,600,8,0,100,stand_sit
243.580,217,592,8,0,100,stand_sit
243.602,238,591,8,0,97,stand_sit
243.687,238,591,8,0,92,stand_sit
243.754,248,590,32,0,92,stand_sit
243.797,240,591,39,0,88,stand_sit
243.866,240,591,39,0,88,stand_sit
243.934,229,596,64,0,84,stand_sit
243.979,221,602,64,0,71,stand_sit
244.058,212,609,48,0,71,stand_sit
244.126,212,609,48,0,68,stand_sit
244.169,205,616,48,0,68,stand_sit
244.237,213,619,24,0,66,stand_sit
244.316,213,619,24,0,64,stand_sit
244.348,226,625,39,0,64,stand_sit
244.426,238,636,48,0,62,stand_sit
244.492,238,636,48,0,62,stand_sit
244.545,279,670,48,0,61,stand_sit
244.613,292,682,48,0,60,stand_sit
244.694,292,682,48,0,60,stand_sit
244.716,296,694,48,0,59,stand_sit
244.794,298,703,56,0,59,stand_sit
244.860,298,703,56,0,59,stand_sit
244.902,303,713,48,0,57,stand_sit
244.984,311,722,32,0,56,stand_sit
245.066,311,722,32,0,56,stand_sit
245.088,322,732,39,0,52,stand_sit
245.154,331,745,8,0,52,stand_sit
245.231,331,745,8,0,47,stand_sit
245.265,339,758,8,0,47,stand_sit
245.344,348,769,8,0,44,stand_sit
245.420,356,782,8,0,43,stand_sit
245.465,356,782,8,0,43,stand_sit
245.526,367,792,8,0,39,stand_sit
245.602,380,801,8,0,39,stand_sit
245.642,380,801,8,0,35,stand_sit
245.721,396,808,8,0,34,stand_sit
245.790,410,816,8,0,34,stand_sit
245.826,425,825,24,0,33,stand_sit
245.905,425,825,24,0,31,stand_sit
245.967,438,834,24,0,31,stand_sit
246.012,454,842,16,0,29,stand_sit
246.089,454,842,16,0,28,stand_sit
246.156,476,852,8,0,28,stand_sit
246.201,544,883,8,0,28,stand_sit
246.269,605,910,8,0,28,stand_sit
246.348,605,910,8,0,27,stand_sit
246.381,625,919,8,0,26,stand_sit
246.458,651,932,0,0,26,stand_sit
246.537,651,932,0,0,25,stand_sit
246.570,742,968,-8,0,25,stand_sit
246.640,836,1004,-8,0,24,stand_sit
246.714,836,1004,-8,0,23,stand_sit
246.761,921,1036,-8,0,23,stand_sit
246.839,998,1065,-8,0,22,stand_sit
246.897,998,1065,-8,0,22,stand_sit
246.940,1068,1092,-8,0,21,stand_sit
247.008,1130,1115,-8,0,20,stand_sit
247.085,1130,1115,-8,0,20,stand_sit
247.119,1180,1119,-16,0,20,stand_sit
247.203,1192,1118,-24,0,19,stand_sit
247.269,1192,1118,-24,0,19,stand_sit
247.303,1200,1114,-24,0,18,stand_sit
247.383,1187,1111,-32,0,17,stand_sit
247.463,1187,1111,-32,0,17,stand_sit
247.485,1172,1108,-39,0,16,stand_sit
247.561,1153,1102,-48,0,16,stand_sit
247.638,1153,1102,-48,0,13,stand_sit
247.676,1138,1095,-64,0,13,stand_sit
247.752,1122,1087,-64,0,12,stand_sit
247.830,1108,1078,-56,0,11,stand_sit
247.864,1108,1078,-56,0,11,stand_sit
247.932,1091,1068,-32,0,10,stand_sit
248.010,1072,1057,-24,0,10,stand_sit
248.052,1016,1032,-39,0,10,stand_sit
248.130,1016,1032,-39,0,9,stand_sit
248.204,960,1018,-24,0,9,stand_sit
248.238,906,1021,-48,0,9,stand_sit
248.306,906,1021,-48,0,9,stand_sit
248.375,854,1024,-32,0,9,stand_sit
248.422,790,1014,-24,0,9,stand_sit
248.486,790,1014,-24,0,9,stand_sit
248.564,648,963,-16,0,9,stand_sit
248.597,529,903,-16,0,9,stand_sit
248.674,418,837,-16,0,10,stand_sit
248.753,418,837,-16,0,10,stand_sit
248.790,402,795,-8,16,12,stand_sit
248.859,393,770,-8,16,12,stand_sit
248.945,393,770,-8,20,13,stand_sit
248.968,378,760,-16,20,13,stand_sit
249.046,344,748,-8,0,14,stand_sit
249.113,344,748,-8,0,16,stand_sit
249.159,308,740,0,0,16,stand_sit
249.229,277,726,-8,0,18,stand_sit
249.296,277,726,-8,0,18,stand_sit
249.345,234,690,-8,16,20,stand_sit
249.411,188,656,8,0,21,stand_sit
249.480,188,656,8,0,21,stand_sit
249.529,145,622,8,0,22,stand_sit
249.594,93,621,8,0,23,stand_sit
249.674,93,621,8,0,23,stand_sit
249.707,75,635,24,0,24,stand_sit
249.783,54,643,24,0,25,stand_sit
249.859,54,643,24,0,25,stand_sit
249.892,53,651,39,0,25,stand_sit
249.960,71,662,56,0,25,stand_sit
250.039,71,662,56,0,25,stand_sit
250.084,84,666,32,0,26,stand_sit
250.151,97,671,24,0,26,stand_sit
250.230,91,675,32,0,27,stand_sit
250.262,91,675,32,0,27,stand_sit
250.342,83,678,8,0,27,stand_sit
250.413,72,682,8,0,29,stand_sit
250.455,36,691,0,0,29,stand_sit
250.533,36,691,0,0,29,stand_sit
250.595,2,697,8,0,29,stand_sit
250.635,-16,700,-24,0,30,stand_sit
250.711,-16,700,-24,0,30,stand_sit
250.778,-17,704,-24,0,30,stand_sit
250.818,0,704,-24,0,31,stand_sit
250.903,0,704,-24,0,32,stand_sit
250.971,18,703,-39,0,32,stand_sit
251.004,34,705,-16,0,33,stand_sit
251.085,43,706,-16,0,33,stand_sit
251.154,43,706,-16,0,33,stand_sit
251.195,48,706,-8,0,34,stand_sit
251.261,48,706,8,0,34,stand_sit
251.340,48,706,8,0,35,stand_sit
251.384,41,708,39,0,35,stand_sit
251.452,33,710,24,0,35,stand_sit
251.518,33,710,24,0,36,stand_sit
251.564,42,714,24,0,36,stand_sit
251.630,52,721,16,0,36,stand_sit
251.715,52,721,16,0,36,stand_sit
251.748,61,728,32,0,36,stand_sit
251.817,60,732,32,0,36,stand_sit
251.886,60,732,32,0,36,stand_sit
251.921,53,733,24,0,37,stand_sit
251.999,45,734,8,17,38,stand_sit
252.069,45,734,8,17,38,stand_sit
252.112,38,738,8,0,38,stand_sit
252.191,33,741,-48,0,38,stand_sit
252.259,33,741,-48,0,38,stand_sit
252.307,27,745,-24,0,39,stand_sit
252.374,18,748,-8,0,39,stand_sit
252.452,9,751,-8,0,40,stand_sit
252.482,9,751,-8,0,39,stand_sit
252.560,-10,749,-16,0,39,stand_sit
252.627,-16,749,16,0,39,stand_sit
252.671,-16,749,16,0,39,stand_sit
252.737,-17,751,24,0,39,stand_sit
252.812,-22,750,16,0,38,stand_sit
252.870,-27,746,-8,0,38,stand_sit
252.923,-27,746,-8,0,37,stand_sit
253.001,-38,742,-8,0,37,stand_sit
253.037,-45,737,-8,0,38,stand_sit
253.125,-45,737,-8,0,35,stand_sit
253.189,-55,733,-8,0,35,stand_sit
253.223,-63,731,16,0,33,stand_sit
253.303,-63,731,16,0,32,stand_sit
253.371,-72,732,24,0,32,stand_sit
253.413,-80,733,32,0,30,stand_sit
253.476,-87,734,64,0,29,stand_sit
253.554,-87,734,64,0,29,stand_sit
253.597,-92,739,72,0,28,stand_sit
253.664,-95,744,72,0,28,stand_sit
253.736,-95,744,72,0,27,stand_sit
253.778,-103,751,56,0,26,stand_sit
253.844,-108,761,39,0,26,stand_sit
253.924,-108,761,39,0,25,stand_sit
253.971,-112,772,39,0,25,stand_sit
254.038,-122,781,8,0,25,stand_sit
254.103,-122,781,8,0,25,stand_sit
254.147,-136,789,-16,0,25,stand_sit
254.228,-168,811,-16,0,24,stand_sit
254.295,-168,811,-16,0,24,stand_sit
254.332,-199,826,8,0,23,stand_sit
254.406,-242,837,24,0,22,stand_sit
254.482,-242,837,24,0,22,stand_sit
254.527,-285,853,32,0,21,stand_sit
254.595,-342,866,64,0,20,stand_sit
254.663,-342,866,64,0,20,stand_sit
254.708,-461,889,64,0,20,stand_sit
254.775,-605,908,24,0,19,stand_sit
254.853,-749,924,24,0,19,stand_sit
254.888,-749,924,24,0,18,stand_sit
254.963,-847,930,16,0,18,stand_sit
255.030,-932,933,16,0,17,stand_sit
255.077,-932,933,16,0,17,stand_sit
255.143,-950,934,8,0,17,stand_sit
255.225,-950,933,8,0,16,stand_sit
255.257,-944,932,8,0,16,stand_sit
255.335,-944,932,8,0,15,stand_sit
255.401,-949,936,8,0,15,stand_sit
255.451,-966,947,8,0,15,stand_sit
255.523,-966,947,8,0,14,stand_sit
255.585,-990,962,8,0,14,stand_sit
255.631,-1011,975,8,0,14,stand_sit
255.697,-1011,975,8,0,14,stand_sit
255.767,-1046,978,-8,0,14,stand_sit
255.811,-1084,978,-8,0,14,stand_sit
255.892,-1118,978,-8,0,13,stand_sit
255.957,-1118,978,-8,0,13,stand_sit
255.999,-1141,987,-32,0,13,stand_sit
256.064,-1159,998,-32,0,13,stand_sit
256.141,-1159,998,-32,0,13,stand_sit
256.189,-1165,1002,-32,0,13,stand_sit
256.254,-1170,1005,-32,0,13,stand_sit
256.338,-1170,1005,-32,0,13,stand_sit
256.368,-1176,1009,-32,0,13,stand_sit
256.442,-1178,1007,-32,0,13,stand_sit
256.510,-1178,1007,-32,0,12,stand_sit
256.556,-1175,1004,-32,0,12,stand_sit
256.630,-1169,1003,-16,0,12,stand_sit
256.696,-1169,1003,-16,0,12,stand_sit
256.738,-1157,1004,-56,0,12,stand_sit
256.807,-1145,1000,-48,0,12,stand_sit
256.886,-1145,1000,-48,0,12,stand_sit
256.930,-1133,1000,-32,0,12,stand_sit
257.008,-1119,1001,-32,0,11,stand_sit
257.075,-1119,1001,-32,0,11,stand_sit
257.107,-1108,996,-39,0,11,stand_sit
257.181,-1093,989,-39,0,11,stand_sit
257.258,-1078,981,-39,0,11,stand_sit
257.289,-1078,981,-39,0,11,stand_sit
257.366,-1058,978,-56,0,11,stand_sit
257.444,-1035,976,-79,0,11,stand_sit
257.489,-1035,976,-79,0,11,stand_sit
257.558,-1003,975,-72,0,11,stand_sit
257.623,-890,970,-79,0,11,stand_sit
257.672,-704,941,-39,0,11,stand_sit
257.738,-704,941,-39,0,11,stand_sit
257.809,-552,891,-39,0,11,stand_sit
257.850,-432,838,-32,0,11,stand_sit
257.928,-432,838,-32,0,11,stand_sit
257.999,-342,764,-48,0,11,stand_sit
258.030,-272,685,-32,0,11,stand_sit
258.110,-217,599,-32,0,10,stand_sit
258.174,-217,599,-32,0,10,stand_sit
258.229,-188,523,-16,0,10,stand_sit
258.296,-154,467,-8,0,10,stand_sit
258.374,-154,467,-8,0,10,stand_sit
258.404,-122,436,24,0,12,stand_sit
258.480,-97,410,39,0,12,stand_sit
258.552,-97,410,39,0,12,stand_sit
258.591,-78,404,48,0,13,stand_sit
258.667,-71,410,56,0,13,stand_sit
258.734,-71,410,56,0,13,stand_sit
258.780,-64,423,64,0,13,stand_sit
258.846,-58,430,64,0,13,stand_sit
258.927,-58,430,64,0,13,stand_sit
258.964,-41,442,56,0,13,stand_sit
259.031,-24,457,39,0,13,stand_sit
259.119,-24,457,39,0,13,stand_sit
259.142,9,500,39,0,13,stand_sit
259.222,29,541,16,21,14,stand_sit
259.288,29,541,16,21,14,stand_sit
259.331,30,584,16,0,15,stand_sit
259.401,20,619,24,0,16,stand_sit
259.475,-2,640,-72,0,16,stand_sit
259.517,-2,640,-72,0,17,stand_sit
259.590,-33,673,-8,0,18,stand_sit
259.657,-26,718,-16,0,18,stand_sit
259.704,-26,718,-16,0,18,stand_sit
259.774,-8,738,-16,0,18,stand_sit
259.852,-4,747,-24,0,18,stand_sit
259.884,3,756,-32,0,19,stand_sit
259.954,3,756,-32,0,19,stand_sit
260.033,10,763,-32,0,19,stand_sit
265.284,10,766,-32,0,19,free_5min
265.284,10,766,-32,0,19,free_5min
265.284,12,767,-24,0,20,free_5min
265.284,9,765,-16,0,20,free_5min
265.284,5,764,-16,0,21,free_5min
265.284,5,764,-16,0,21,free_5min
265.284,-3,760,-8,0,22,free_5min
265.284,-24,750,0,0,24,free_5min
265.284,-24,750,0,0,24,free_5min
265.284,-42,741,0,0,28,free_5min
265.284,-56,727,0,0,30,free_5min
265.284,-56,727,0,0,30,free_5min
265.284,-55,718,0,28,34,free_5min
265.284,-45,727,0,0,36,free_5min
265.284,-45,727,0,0,36,free_5min
265.284,-44,731,0,0,37,free_5min
265.284,-49,732,0,0,41,free_5min
265.284,-49,732,0,0,41,free_5min
265.284,-54,733,0,25,46,free_5min
265.284,-56,735,0,25,46,free_5min
265.284,-56,735,0,0,50,free_5min
265.284,-55,735,0,0,54,free_5min
265.284,-58,732,0,0,54,free_5min
265.284,-61,730,0,25,57,free_5min
265.284,-61,730,0,25,57,free_5min
265.284,-63,728,0,27,60,free_5min
265.284,-65,725,0,27,60,free_5min
265.284,-65,725,0,0,63,free_5min
265.284,-66,724,0,0,66,free_5min
265.284,-63,721,0,0,66,free_5min
265.284,-62,719,0,0,67,free_5min
265.284,-62,719,0,0,67,free_5min
265.284,-62,720,0,0,67,free_5min
265.284,-66,721,0,0,67,free_5min
265.284,-66,721,0,0,66,free_5min
265.284,-74,718,0,0,66,free_5min
265.284,-80,716,0,0,66,free_5min
265.284,-83,718,0,0,67,free_5min
265.284,-83,718,0,0,67,free_5min
265.284,-85,719,0,0,68,free_5min
265.284,-85,720,0,0,68,free_5min
265.284,-85,720,0,0,70,free_5min
265.284,-85,719,0,0,72,free_5min
265.284,-84,717,0,0,72,free_5min
265.284,-84,717,0,0,74,free_5min
265.284,-84,715,0,0,74,free_5min
265.284,-83,714,0,0,75,free_5min
265.284,-83,714,0,0,77,free_5min
265.284,-82,712,0,0,77,free_5min
265.284,-82,711,0,0,78,free_5min
265.284,-82,711,0,0,78,free_5min
265.284,-82,710,0,0,78,free_5min
265.284,-82,710,0,0,78,free_5min
265.284,-82,710,0,0,78,free_5min
265.284,-79,709,0,0,79,free_5min
265.284,-76,710,0,0,80,free_5min
265.284,-72,710,0,0,80,free_5min
265.284,-72,710,0,0,80,free_5min
265.284,-70,711,0,0,81,free_5min
265.284,-69,712,0,0,81,free_5min
265.284,-69,712,0,0,83,free_5min
265.284,-68,714,0,0,83,free_5min
265.284,-68,716,8,0,85,free_5min
265.284,-67,718,0,0,86,free_5min
265.284,-67,718,0,0,86,free_5min
265.284,-67,719,0,0,88,free_5min
265.284,-65,720,0,0,88,free_5min
265.284,-65,720,0,0,89,free_5min
265.284,-63,720,0,0,89,free_5min
265.284,-58,719,0,0,89,free_5min
265.284,-54,719,0,0,90,free_5min
265.284,-54,719,0,0,90,free_5min
265.284,-51,719,0,0,90,free_5min
265.284,-46,719,0,0,88,free_5min
265.284,-46,719,0,0,88,free_5min
265.284,-43,717,-8,0,87,free_5min
265.284,-47,716,0,0,85,free_5min
265.284,-47,716,0,0,85,free_5min
265.284,-52,715,0,0,85,free_5min
265.284,-55,715,0,0,86,free_5min
265.284,-55,715,0,0,86,free_5min
265.284,-60,712,0,0,85,free_5min
265.284,-66,708,0,0,85,free_5min
265.284,-66,708,0,0,84,free_5min
265.284,-73,705,0,0,84,free_5min
265.352,-78,704,0,0,84,free_5min
265.430,-78,704,0,0,81,free_5min
265.462,-85,702,0,0,81,free_5min
265.540,-90,702,0,0,79,free_5min
265.605,-90,702,0,0,77,free_5min
265.664,-93,701,0,0,77,free_5min
265.723,-95,699,0,0,76,free_5min
265.790,-93,696,0,0,76,free_5min
265.834,-93,696,0,0,77,free_5min
265.912,-94,695,0,0,79,free_5min
265.980,-93,691,0,0,79,free_5min
266.025,-93,691,0,0,83,free_5min
266.091,-91,689,0,0,86,free_5min
266.168,-91,689,0,0,86,free_5min
266.205,-101,690,0,0,88,free_5min
266.283,-101,690,0,0,90,free_5min
266.351,-110,692,0,0,90,free_5min
266.402,-104,695,0,0,92,free_5min
266.468,-95,698,0,0,92,free_5min
266.548,-95,698,0,0,92,free_5min
266.583,-82,699,0,0,93,free_5min
266.659,-73,701,0,0,93,free_5min
266.726,-73,701,0,0,94,free_5min
266.774,-55,702,0,0,94,free_5min
266.842,-42,698,0,0,94,free_5min
266.921,-42,698,0,0,94,free_5min
266.952,-26,698,0,0,94,free_5min
267.030,-11,701,0,0,95,free_5min
267.109,-11,701,0,0,95,free_5min
267.152,2,704,0,0,97,free_5min
267.220,13,711,0,0,99,free_5min
267.286,13,711,0,0,99,free_5min
267.329,23,720,0,21,100,free_5min
267.410,31,726,0,33,100,free_5min
267.477,31,726,0,33,100,free_5min
267.518,35,729,0,26,100,free_5min
267.592,37,730,0,0,100,free_5min
267.658,34,731,0,0,100,free_5min
267.704,34,731,0,0,100,free_5min
267.783,29,736,0,0,100,free_5min
267.851,25,740,0,0,100,free_5min
267.884,25,740,0,0,100,free_5min
267.954,25,741,0,0,100,free_5min
268.032,29,742,0,0,100,free_5min
268.076,41,743,0,0,100,free_5min
268.142,41,743,0,0,100,free_5min
268.221,54,743,0,0,100,free_5min
268.257,53,739,0,0,100,free_5min
268.344,53,739,0,0,100,free_5min
268.403,46,736,0,0,100,free_5min
268.443,31,733,0,0,100,free_5min
268.523,12,729,0,0,100,free_5min
268.588,12,729,0,0,100,free_5min
268.631,-3,725,8,0,100,free_5min
268.708,-11,725,0,0,100,free_5min
268.773,-11,725,0,0,100,free_5min
