t_global,x,y,v,em,es,action
183.805,9,737,0,0,92,still_30s
183.845,9,734,0,0,92,still_30s
183.919,11,735,0,0,90,still_30s
183.992,11,735,0,0,89,still_30s
184.032,15,738,0,0,89,still_30s
184.105,14,740,0,0,88,still_30s
184.177,14,740,0,0,88,still_30s
184.217,2,738,0,0,86,still_30s
184.290,-9,735,0,0,84,still_30s
184.363,-9,735,0,0,84,still_30s
184.400,-18,731,0,0,83,still_30s
184.474,-24,726,0,0,84,still_30s
184.546,-32,723,0,0,84,still_30s
184.586,-32,723,0,0,84,still_30s
184.659,-42,724,0,0,85,still_30s
184.732,-48,721,0,0,85,still_30s
184.772,-48,721,0,0,85,still_30s
184.845,-45,718,0,0,85,still_30s
184.917,-31,718,0,0,86,still_30s
184.958,-15,724,0,0,85,still_30s
185.044,-15,724,0,0,85,still_30s
185.104,-1,739,0,0,84,still_30s
185.143,13,755,0,0,84,still_30s
185.215,13,755,0,0,83,still_30s
185.288,63,785,0,0,82,still_30s
185.329,115,814,0,0,82,still_30s
185.402,115,814,0,0,81,still_30s
185.474,181,840,0,0,81,still_30s
185.513,234,861,0,0,80,still_30s
185.587,236,850,0,0,77,still_30s
185.659,236,850,0,0,77,still_30s
185.704,229,841,0,0,73,still_30s
185.777,220,825,0,0,73,still_30s
185.850,220,825,0,0,73,still_30s
185.889,201,780,0,0,70,still_30s
185.962,176,741,0,0,70,still_30s
186.035,176,741,0,0,70,still_30s
186.074,120,704,0,0,70,still_30s
186.147,89,698,0,0,70,still_30s
186.220,89,698,0,0,72,still_30s
186.260,70,706,0,0,72,still_30s
186.333,50,701,0,0,72,still_30s
186.405,50,701,0,0,74,still_30s
186.445,33,716,0,0,74,still_30s
186.518,24,732,0,22,75,still_30s
186.591,9,744,0,0,78,still_30s
186.630,9,744,0,0,78,still_30s
186.704,-39,739,0,0,79,still_30s
186.778,-55,725,0,0,79,still_30s
186.817,-55,725,0,0,78,still_30s
186.890,-61,701,0,0,78,still_30s
186.963,-51,681,0,0,78,still_30s
187.003,-51,681,0,0,79,still_30s
187.076,-42,674,0,0,79,still_30s
187.148,-18,670,0,0,79,still_30s
187.188,4,665,0,0,80,still_30s
187.261,4,665,0,0,82,still_30s
187.334,17,647,0,0,82,still_30s
187.374,18,644,0,0,84,still_30s
187.447,15,651,0,0,84,still_30s
187.520,15,651,0,0,85,still_30s
187.560,10,661,0,0,85,still_30s
187.634,4,672,0,0,85,still_30s
187.707,4,672,0,0,85,still_30s
187.751,-27,695,0,0,85,still_30s
187.825,-51,715,0,0,84,still_30s
187.898,-51,715,0,0,83,still_30s
187.938,-78,746,0,0,83,still_30s
188.011,-99,769,0,0,82,still_30s
188.083,-99,769,0,0,82,still_30s
188.123,-106,776,0,0,81,still_30s
188.197,-115,778,0,0,81,still_30s
188.269,-115,778,0,0,81,still_30s
188.310,-104,777,0,0,81,still_30s
188.384,-101,776,0,0,81,still_30s
188.456,-101,776,0,0,81,still_30s
188.496,-98,776,0,0,80,still_30s
188.570,-96,776,0,0,79,still_30s
188.643,-97,775,0,0,79,still_30s
188.681,-97,775,0,0,77,still_30s
188.755,-95,776,0,0,76,still_30s
188.828,-94,779,0,0,76,still_30s
188.868,-94,779,0,0,74,still_30s
188.941,-95,788,0,0,74,still_30s
189.014,-94,797,0,0,73,still_30s
189.054,-93,799,0,0,73,still_30s
189.126,-93,799,0,0,71,still_30s
189.200,-91,798,0,0,70,still_30s
189.240,-86,796,0,0,70,still_30s
189.313,-86,796,0,0,69,still_30s
189.389,-79,795,0,0,69,still_30s
189.425,-67,796,0,0,67,still_30s
189.500,-55,796,0,0,65,still_30s
189.571,-55,796,0,0,65,still_30s
189.611,-51,785,0,0,63,still_30s
189.685,-50,772,0,0,60,still_30s
189.758,-50,772,0,0,60,still_30s
189.802,-48,736,0,0,59,still_30s
189.876,-35,710,0,0,57,still_30s
189.948,-35,710,0,0,57,still_30s
189.989,-24,691,0,0,57,still_30s
190.061,-20,679,0,0,56,still_30s
190.133,-20,679,0,0,56,still_30s
190.173,-20,674,0,0,55,still_30s
190.249,-21,671,0,0,55,still_30s
190.318,-21,671,0,0,53,still_30s
190.357,-23,671,0,0,53,still_30s
190.429,-27,669,0,0,53,still_30s
190.502,-27,669,0,0,52,still_30s
190.541,-28,669,0,0,52,still_30s
190.615,-27,674,0,0,50,still_30s
190.686,-22,680,0,0,50,still_30s
190.726,-22,680,0,0,49,still_30s
190.800,-19,683,0,0,50,still_30s
190.871,-19,688,0,0,50,still_30s
190.911,-19,688,0,0,51,still_30s
190.983,-44,703,0,0,52,still_30s
191.056,-71,719,0,0,52,still_30s
191.099,-104,741,0,0,53,still_30s
191.168,-104,741,0,0,53,still_30s
191.241,-107,743,0,0,53,still_30s
191.281,-105,739,0,0,53,still_30s
191.352,-105,739,0,0,53,still_30s
191.425,-102,732,0,0,53,still_30s
191.465,-98,724,0,0,54,still_30s
191.536,-98,724,0,0,54,still_30s
191.610,-80,704,0,0,55,still_30s
191.650,-63,700,0,0,55,still_30s
191.721,-56,695,0,0,56,still_30s
191.793,-56,695,0,0,57,still_30s
191.841,-57,691,0,0,57,still_30s
191.911,-56,690,0,0,57,still_30s
191.983,-56,690,0,0,57,still_30s
192.022,-54,686,0,0,56,still_30s
192.096,-53,679,0,0,56,still_30s
192.167,-53,679,0,0,56,still_30s
192.206,-52,671,0,0,57,still_30s
192.279,-51,661,0,0,57,still_30s
192.352,-51,661,0,0,57,still_30s
192.390,-49,652,0,0,57,still_30s
192.463,-46,649,0,0,56,still_30s
192.535,-46,649,0,0,56,still_30s
192.574,-44,651,0,0,56,still_30s
192.647,-43,655,0,0,56,still_30s
192.719,-43,655,0,0,55,still_30s
192.758,-43,657,0,0,55,still_30s
192.831,-42,656,0,0,55,still_30s
192.903,-42,656,0,0,56,still_30s
192.943,-42,655,0,0,56,still_30s
193.016,-38,652,0,0,56,still_30s
193.088,-35,654,0,0,56,still_30s
193.129,-35,654,0,0,56,still_30s
193.201,-33,664,0,0,57,still_30s
193.273,-31,682,0,0,57,still_30s
193.314,-31,682,0,0,57,still_30s
193.386,-25,733,0,0,59,still_30s
193.458,-22,741,0,0,59,still_30s
193.500,-22,741,0,0,60,still_30s
193.571,-23,725,0,0,59,still_30s
193.643,-25,716,0,0,59,still_30s
193.684,-26,705,0,0,59,still_30s
193.755,-26,705,0,0,58,still_30s
193.827,-29,681,0,0,58,still_30s
193.872,-33,671,0,0,57,still_30s
193.943,-33,671,0,0,57,still_30s
194.016,-39,674,0,0,56,still_30s
194.055,-44,675,0,0,55,still_30s
194.128,-51,673,0,0,55,still_30s
194.201,-51,673,0,0,54,still_30s
194.240,-54,670,0,0,54,still_30s
194.314,-54,667,0,0,52,still_30s
194.385,-54,667,0,0,52,still_30s
194.424,-53,663,0,0,51,still_30s
194.502,-51,662,0,0,50,still_30s
194.569,-51,662,0,0,50,still_30s
194.611,-49,662,0,0,48,still_30s
194.681,-50,667,0,0,48,still_30s
194.753,-50,667,0,0,48,still_30s
194.792,-50,671,0,0,47,still_30s
194.865,-48,676,0,0,45,still_30s
194.937,-48,676,0,0,45,still_30s
194.976,-46,678,0,0,42,still_30s
195.049,-46,679,0,0,42,still_30s
195.121,-46,679,0,0,40,still_30s
195.161,-46,680,0,0,38,still_30s
195.233,-45,678,0,0,38,still_30s
195.305,-45,678,0,0,37,still_30s
195.345,-45,676,0,0,37,still_30s
195.418,-45,674,0,0,37,still_30s
195.491,-46,671,0,0,37,still_30s
195.530,-46,671,0,0,37,still_30s
195.603,-42,672,0,0,37,still_30s
195.678,-41,672,0,0,37,still_30s
195.719,-41,672,0,0,37,still_30s
195.788,-43,673,0,0,37,still_30s
195.860,-48,673,0,0,37,still_30s
195.905,-51,674,0,0,36,still_30s
195.978,-51,674,0,0,37,still_30s
196.050,-50,671,0,0,37,still_30s
196.090,-48,673,0,0,36,still_30s
196.167,-48,673,0,0,35,still_30s
196.234,-38,677,0,0,35,still_30s
196.274,-28,687,0,0,34,still_30s
196.345,-28,687,0,0,34,still_30s
196.418,-21,700,0,0,34,still_30s
196.458,-12,709,0,0,34,still_30s
196.530,3,725,0,0,34,still_30s
196.602,3,725,0,0,35,still_30s
196.642,7,728,0,0,35,still_30s
196.714,9,731,0,0,35,still_30s
196.785,9,731,0,0,35,still_30s
196.826,9,734,0,0,36,still_30s
196.898,7,738,0,0,36,still_30s
196.970,7,738,0,0,36,still_30s
197.009,4,742,0,0,36,still_30s
197.082,2,741,0,0,37,still_30s
197.154,2,741,0,0,37,still_30s
197.194,-2,742,0,0,37,still_30s
197.266,-4,741,0,0,36,still_30s
197.338,-4,741,0,0,36,still_30s
197.378,-1,739,0,0,36,still_30s
197.450,0,735,0,0,36,still_30s
197.523,0,735,0,0,36,still_30s
197.562,0,732,0,0,37,still_30s
197.634,0,727,0,0,37,still_30s
197.706,0,727,0,0,39,still_30s
197.745,-2,720,0,0,39,still_30s
197.818,-1,716,0,0,39,still_30s
197.890,-1,716,0,0,40,still_30s
197.934,-1,718,0,0,40,still_30s
198.007,0,723,0,0,41,still_30s
198.081,4,734,0,0,41,still_30s
198.120,4,734,0,0,42,still_30s
198.193,10,745,0,0,43,still_30s
198.266,11,743,0,0,43,still_30s
198.305,10,737,0,0,44,still_30s
198.378,10,737,0,0,44,still_30s
198.449,8,731,0,0,44,still_30s
198.490,3,729,0,0,44,still_30s
198.562,3,729,0,0,44,still_30s
198.634,0,723,0,0,44,still_30s
198.674,-2,719,0,0,45,still_30s
198.745,-2,719,0,0,45,still_30s
198.818,-2,717,0,0,46,still_30s
198.858,-3,715,0,0,46,still_30s
198.930,-5,713,0,0,46,still_30s
199.002,-5,713,0,0,47,still_30s
199.041,-9,711,0,0,47,still_30s
199.114,-12,711,0,0,47,still_30s
199.186,-12,711,0,0,47,still_30s
199.226,-14,711,0,0,47,still_30s
199.298,-15,710,0,0,47,still_30s
199.370,-15,710,0,0,47,still_30s
199.409,-16,707,0,0,46,still_30s
199.483,-15,704,0,0,45,still_30s
199.554,-15,704,0,0,45,still_30s
199.593,-14,701,0,0,43,still_30s
199.666,-14,694,0,0,42,still_30s
199.738,-14,694,0,0,42,still_30s
199.777,-11,690,0,0,41,still_30s
199.850,-8,691,0,0,41,still_30s
199.922,-8,691,0,0,41,still_30s
199.967,-6,694,0,0,41,still_30s
200.039,-6,695,0,0,41,still_30s
200.111,-6,695,0,0,42,still_30s
200.150,-10,698,0,0,42,still_30s
200.223,-15,706,0,0,43,still_30s
200.295,-15,727,0,0,45,still_30s
200.336,-15,727,0,0,45,still_30s
200.410,-12,815,0,0,47,still_30s
200.481,-9,989,0,0,47,still_30s
200.522,-9,989,0,0,49,still_30s
200.594,-6,1155,0,0,51,still_30s
200.666,-2,1315,0,0,51,still_30s
200.707,-2,1315,0,0,51,still_30s
200.780,1,1448,0,0,52,still_30s
200.852,17,1342,0,0,52,still_30s
200.892,19,1320,0,0,52,still_30s
200.964,19,1320,0,0,52,still_30s
201.036,25,1248,0,0,52,still_30s
201.075,29,1176,0,0,52,still_30s
201.149,29,1176,0,0,52,still_30s
201.221,31,1059,0,0,52,still_30s
201.259,32,976,0,0,53,still_30s
201.338,34,949,8,0,53,still_30s
201.404,34,949,8,0,53,still_30s
201.445,37,927,0,0,53,still_30s
201.517,38,906,0,0,52,still_30s
201.589,38,906,0,0,52,still_30s
201.629,36,886,0,0,52,still_30s
201.702,35,878,0,0,51,still_30s
201.774,35,878,0,0,51,still_30s
201.813,37,870,0,0,50,still_30s
201.886,41,862,0,0,50,still_30s
201.958,41,862,0,0,50,still_30s
202.002,41,858,0,0,49,still_30s
202.075,38,852,0,0,48,still_30s
202.147,38,852,0,0,48,still_30s
202.192,33,847,0,0,48,still_30s
202.259,25,843,0,0,48,still_30s
202.331,25,843,0,0,48,still_30s
202.371,18,835,0,0,48,still_30s
202.443,4,805,0,0,48,still_30s
202.515,4,805,0,0,49,still_30s
202.555,-1,785,0,0,48,still_30s
202.627,-7,783,0,0,48,still_30s
202.700,-12,785,0,0,48,still_30s
202.739,-12,785,0,0,48,still_30s
202.812,-17,784,0,0,48,still_30s
202.885,-19,780,0,0,48,still_30s
202.925,-19,780,0,0,48,still_30s
202.997,-19,775,0,0,49,still_30s
203.071,-19,768,0,0,49,still_30s
203.110,-20,762,0,0,49,still_30s
203.182,-20,762,0,0,49,still_30s
203.255,-23,755,0,0,49,still_30s
203.294,-29,749,0,0,49,still_30s
203.366,-29,749,0,0,49,still_30s
203.439,-33,743,0,0,49,still_30s
203.479,-34,740,0,0,49,still_30s
203.550,-34,740,0,0,49,still_30s
203.623,-25,741,0,0,50,still_30s
203.663,-16,741,0,0,50,still_30s
203.735,-5,747,0,0,50,still_30s
203.807,-5,747,0,0,50,still_30s
203.847,0,750,0,0,50,still_30s
203.919,-1,745,0,0,51,still_30s
203.991,-1,745,0,0,51,still_30s
204.035,-3,737,0,0,51,still_30s
204.108,-6,729,0,0,51,still_30s
204.179,-6,729,0,0,51,still_30s
204.219,-8,725,0,0,50,still_30s
204.292,-8,721,0,0,50,still_30s
204.364,-8,721,0,0,50,still_30s
204.403,-8,721,0,0,50,still_30s
204.476,-10,720,0,0,51,still_30s
204.548,-10,720,0,0,51,still_30s
204.587,-11,722,0,0,52,still_30s
204.660,-14,729,0,0,52,still_30s
204.732,-14,729,0,0,52,still_30s
204.771,-16,735,0,0,53,still_30s
204.844,-21,740,0,0,53,still_30s
204.915,-21,740,0,0,54,still_30s
204.955,-23,739,0,0,54,still_30s
205.028,-25,735,0,0,54,still_30s
205.101,-28,731,0,0,54,still_30s
205.140,-28,731,0,0,54,still_30s
205.213,-30,728,0,0,54,still_30s
205.286,-32,725,0,0,54,still_30s
205.327,-32,725,0,0,54,still_30s
205.398,-34,725,0,0,54,still_30s
205.471,-36,725,0,0,54,still_30s
205.511,-36,725,0,0,55,still_30s
205.584,-37,726,0,0,55,still_30s
205.656,-38,721,0,0,55,still_30s
205.696,-37,714,0,0,56,still_30s
205.770,-37,714,0,0,58,still_30s
205.840,-36,705,0,0,58,still_30s
205.879,-35,697,0,0,59,still_30s
205.951,-35,697,0,0,59,still_30s
206.024,-34,692,0,0,61,still_30s
206.075,-33,690,0,0,63,still_30s
206.141,-35,689,0,0,63,still_30s
206.213,-35,689,0,0,63,still_30s
206.252,-38,688,0,0,63,still_30s
206.325,-43,687,0,0,64,still_30s
206.397,-43,687,0,0,64,still_30s
206.439,-44,687,0,0,64,still_30s
206.509,-43,689,0,0,64,still_30s
206.582,-43,689,0,0,64,still_30s
206.621,-41,690,0,0,65,still_30s
206.694,-39,692,0,0,66,still_30s
206.766,-39,692,0,0,66,still_30s
206.805,-39,689,0,0,65,still_30s
206.878,-39,689,0,0,64,still_30s
206.950,-39,689,0,0,64,still_30s
206.989,-35,699,0,0,62,still_30s
207.063,-33,709,0,0,61,still_30s
207.134,-33,709,0,0,61,still_30s
207.173,-31,722,0,0,59,still_30s
207.245,-27,750,0,0,59,still_30s
207.317,-27,750,0,0,58,still_30s
207.357,-27,749,0,0,57,still_30s
207.430,-28,743,0,0,57,still_30s
207.502,-28,743,0,0,57,still_30s
207.547,-29,734,0,0,57,still_30s
207.615,-32,727,0,0,56,still_30s
207.688,-35,723,0,0,56,still_30s
207.728,-35,723,0,0,56,still_30s
207.801,-39,722,0,0,57,still_30s
207.873,-42,721,0,0,57,still_30s
207.913,-42,721,0,0,57,still_30s
207.986,-46,718,0,0,57,still_30s
208.060,-49,712,0,0,57,still_30s
208.103,-52,710,0,0,57,still_30s
208.175,-52,710,0,0,55,still_30s
208.247,-52,711,0,0,55,still_30s
208.286,-51,713,0,0,54,still_30s
208.358,-51,713,0,0,52,still_30s
208.432,-49,712,0,0,52,still_30s
208.470,-38,716,0,0,50,still_30s
208.542,-27,720,0,0,50,still_30s
208.615,-27,720,0,0,47,still_30s
208.654,-26,722,0,0,46,still_30s
208.727,-27,727,0,0,46,still_30s
208.802,-27,727,0,0,44,still_30s
208.839,-28,729,0,0,44,still_30s
208.911,-30,732,0,0,43,still_30s
208.984,-30,732,0,0,43,still_30s
209.023,-29,734,0,0,43,still_30s
209.099,-29,735,0,0,42,still_30s
209.168,-29,735,0,0,42,still_30s
209.208,-30,735,0,0,42,still_30s
209.280,-31,734,0,0,41,still_30s
209.352,-31,734,0,0,41,still_30s
209.391,-30,732,0,0,39,still_30s
209.464,-30,726,0,0,38,still_30s
209.536,-30,726,0,0,38,still_30s
209.575,-32,716,0,0,37,still_30s
209.648,-35,708,0,0,37,still_30s
209.720,-35,708,0,0,36,still_30s
209.760,-38,704,0,0,35,still_30s
209.832,-42,701,0,0,35,still_30s
209.904,-42,701,0,0,34,still_30s
209.946,-47,696,0,0,34,still_30s
210.017,-50,692,0,0,32,still_30s
210.090,-26,704,0,0,31,still_30s
210.135,-26,704,0,0,31,still_30s
210.208,-1,720,0,0,32,still_30s
210.283,13,722,0,0,32,still_30s
210.322,16,725,0,0,22,still_30s
210.394,16,725,0,0,22,still_30s
210.466,14,728,0,0,22,still_30s
210.505,11,733,0,0,21,still_30s
210.578,11,733,0,0,21,still_30s
210.650,7,740,0,0,21,still_30s
210.690,4,745,0,0,21,still_30s
210.761,4,745,0,0,22,still_30s
210.834,3,744,0,0,22,still_30s
210.873,1,741,0,0,22,still_30s
210.945,-1,738,0,0,22,still_30s
211.018,-1,738,0,0,23,still_30s
211.058,-4,735,0,0,24,still_30s
211.130,-5,733,0,0,24,still_30s
211.202,-5,733,0,0,25,still_30s
211.241,-4,732,0,0,25,still_30s
211.314,-4,735,0,0,26,still_30s
211.386,-4,735,0,0,26,still_30s
211.427,-6,739,0,0,26,still_30s
211.498,-10,744,0,0,26,still_30s
211.574,-10,744,0,0,26,still_30s
211.609,-16,743,0,0,27,still_30s
211.682,-21,737,0,0,27,still_30s
211.754,-21,737,0,0,27,still_30s
211.793,-24,730,0,0,27,still_30s
211.866,-23,722,0,0,27,still_30s
211.938,-23,722,0,0,27,still_30s
211.977,-7,722,0,0,27,still_30s
212.049,10,722,0,0,27,still_30s
212.122,10,722,0,0,28,still_30s
212.166,22,722,0,0,28,still_30s
212.238,40,727,0,0,28,still_30s
212.312,56,732,0,0,28,still_30s
212.351,56,732,0,0,28,still_30s
212.425,52,730,0,0,28,still_30s
212.497,45,730,0,0,28,still_30s
212.538,45,730,0,0,28,still_30s
212.610,34,730,0,0,29,still_30s
212.683,8,727,0,0,29,still_30s
212.723,-22,723,0,0,29,still_30s
212.796,-22,723,0,0,29,still_30s
212.867,-50,734,0,0,29,still_30s
212.907,-70,739,-8,0,29,still_30s
212.980,-70,739,-8,0,30,still_30s
213.052,-88,742,0,0,30,still_30s
213.092,-95,748,0,0,31,still_30s
213.164,-95,748,0,0,32,still_30s
213.236,-99,752,0,0,32,still_30s
213.276,-105,760,0,0,32,still_30s
213.348,-129,806,0,0,32,still_30s
213.420,-129,806,0,0,33,still_30s
213.459,-150,855,0,0,34,still_30s
213.532,-136,807,0,0,34,still_30s
213.604,-136,807,0,0,35,still_30s
213.644,-123,767,0,0,35,still_30s
213.717,-106,702,0,0,35,still_30s
213.790,-106,702,0,0,36,still_30s
213.829,-104,679,0,0,36,still_30s
213.902,-106,700,0,0,36,still_30s
213.974,-106,700,0,0,36,still_30s
214.013,-107,712,0,0,36,still_30s
214.087,-108,728,0,0,36,still_30s
214.158,-108,728,0,0,36,still_30s
214.202,-112,774,0,0,37,still_30s
214.275,-107,771,0,0,37,still_30s
214.347,-107,771,0,0,37,still_30s
214.386,-105,765,0,0,37,still_30s
214.459,-103,757,0,0,37,still_30s
214.531,-103,757,0,0,37,still_30s
214.570,-103,747,0,0,36,still_30s
214.644,-101,739,0,0,36,still_30s
214.716,-98,744,0,0,36,still_30s
214.756,-98,744,0,0,35,still_30s
214.828,-97,747,0,0,35,still_30s
214.901,-97,747,0,0,34,still_30s
214.941,-97,747,0,0,34,still_30s
215.014,-97,746,0,0,33,still_30s
215.087,-96,746,0,0,32,still_30s
215.128,-95,745,0,0,32,still_30s
215.200,-95,745,0,0,31,still_30s
215.272,-94,740,0,0,31,still_30s
215.312,-94,735,0,0,30,still_30s
215.385,-94,735,0,0,29,still_30s
215.456,-92,734,0,0,29,still_30s
215.496,-92,731,0,0,28,still_30s
215.567,-92,731,0,0,27,still_30s
215.639,-92,724,0,0,27,still_30s
215.679,-92,715,0,0,27,still_30s
215.754,-92,707,0,0,27,still_30s
215.824,-92,707,0,0,27,still_30s
215.863,-92,699,0,0,26,still_30s
215.936,-88,694,0,0,26,still_30s
216.010,-88,694,0,0,26,still_30s
216.047,-83,693,0,0,26,still_30s
216.120,-75,690,0,0,26,still_30s
216.192,-75,690,0,0,26,still_30s
216.237,-65,688,0,0,26,still_30s
216.310,-61,685,0,0,26,still_30s
216.381,-61,685,0,0,26,still_30s
216.421,-61,681,0,0,27,still_30s
216.494,-64,678,0,0,27,still_30s
216.565,-64,678,0,0,27,still_30s
216.605,-71,681,0,0,27,still_30s
216.678,-81,683,0,0,27,still_30s
216.749,-81,683,0,0,27,still_30s
216.789,-90,680,0,0,27,still_30s
216.862,-95,672,0,0,27,still_30s
216.934,-95,672,0,0,27,still_30s
216.973,-95,665,0,0,26,still_30s
217.045,-95,655,0,0,26,still_30s
217.118,-95,647,0,0,26,slow_sweep
217.158,-95,647,0,0,25,slow_sweep
217.232,-95,641,0,0,25,slow_sweep
217.305,-94,637,0,0,24,slow_sweep
217.344,-94,637,0,0,24,slow_sweep
217.417,-92,638,0,0,22,slow_sweep
217.491,-88,643,0,0,21,slow_sweep
217.530,-79,653,0,0,21,slow_sweep
217.602,-79,653,0,0,28,slow_sweep
217.675,-69,663,0,0,28,slow_sweep
217.715,-67,664,0,0,27,slow_sweep
217.788,-67,664,0,0,25,slow_sweep
217.860,-65,664,0,0,25,slow_sweep
217.900,-63,668,0,0,24,slow_sweep
217.973,-62,669,0,0,23,slow_sweep
218.045,-62,669,0,0,23,slow_sweep
218.085,-60,674,0,0,22,slow_sweep
218.158,-61,677,0,0,21,slow_sweep
218.230,-61,677,0,0,21,slow_sweep
218.276,-61,678,0,0,20,slow_sweep
218.347,-61,676,0,0,20,slow_sweep
218.420,-61,676,0,0,19,slow_sweep
218.460,-62,671,0,0,18,slow_sweep
218.533,-63,668,0,0,18,slow_sweep
218.606,-63,668,0,0,17,slow_sweep
218.645,-62,667,0,0,17,slow_sweep
218.719,-61,667,0,0,18,slow_sweep
218.791,-61,667,0,0,19,slow_sweep
218.831,-60,670,0,0,19,slow_sweep
218.904,-58,675,0,0,21,slow_sweep
218.976,-58,675,0,0,21,slow_sweep
219.016,-55,679,0,0,23,slow_sweep
219.089,-52,680,0,0,25,slow_sweep
219.162,-52,680,8,0,25,slow_sweep
219.201,-52,680,8,0,26,slow_sweep
219.275,-53,681,8,0,27,slow_sweep
219.348,-52,681,8,0,27,slow_sweep
219.387,-52,681,8,0,27,slow_sweep
219.462,-47,680,8,0,27,slow_sweep
219.534,-41,682,8,0,27,slow_sweep
219.574,-37,681,8,0,27,slow_sweep
219.646,-37,681,8,0,27,slow_sweep
219.719,-37,684,8,0,29,slow_sweep
219.760,-35,690,0,0,30,slow_sweep
219.836,-35,690,0,0,30,slow_sweep
219.910,-30,695,0,0,30,slow_sweep
219.945,-27,700,0,0,30,slow_sweep
220.019,-21,708,0,0,31,slow_sweep
220.092,-21,708,0,0,31,slow_sweep
220.131,-17,715,0,0,31,slow_sweep
220.205,-16,721,0,0,32,slow_sweep
220.278,-16,721,0,0,32,slow_sweep
220.327,-17,724,0,0,33,slow_sweep
220.397,-20,722,0,0,34,slow_sweep
220.469,-20,722,0,0,34,slow_sweep
220.509,-22,718,0,0,35,slow_sweep
220.583,-25,715,0,0,36,slow_sweep
220.655,-25,715,0,0,36,slow_sweep
220.695,-27,713,0,0,36,slow_sweep
220.769,-29,713,0,0,36,slow_sweep
220.842,-29,713,0,0,36,slow_sweep
220.881,-30,712,0,0,37,slow_sweep
220.955,-30,710,0,0,39,slow_sweep
221.027,-30,710,0,0,39,slow_sweep
221.067,-28,708,0,0,40,slow_sweep
221.140,-29,711,0,0,40,slow_sweep
221.214,-35,714,0,0,41,slow_sweep
221.253,-35,714,0,0,41,slow_sweep
221.326,-37,716,0,0,42,slow_sweep
221.400,-38,716,0,0,43,slow_sweep
221.439,-38,716,0,0,43,slow_sweep
221.512,-38,715,0,0,44,slow_sweep
221.585,-39,715,0,0,44,slow_sweep
221.625,-39,720,0,0,45,slow_sweep
221.700,-39,720,0,0,46,slow_sweep
221.772,-34,726,0,0,46,slow_sweep
221.812,-27,735,0,0,46,slow_sweep
221.884,-27,735,0,0,47,slow_sweep
221.957,-20,749,0,0,47,slow_sweep
222.000,15,807,0,0,48,slow_sweep
222.071,78,913,0,0,49,slow_sweep
222.143,78,913,0,0,49,slow_sweep
222.184,114,958,0,0,50,slow_sweep
222.257,135,974,0,0,51,slow_sweep
222.330,135,974,0,0,51,slow_sweep
222.374,134,967,0,0,51,slow_sweep
222.447,126,965,0,0,51,slow_sweep
222.522,126,965,0,0,52,slow_sweep
222.560,114,976,0,0,52,slow_sweep
222.634,100,991,0,0,52,slow_sweep
222.707,100,991,0,0,52,slow_sweep
222.746,69,1036,0,0,52,slow_sweep
222.820,43,1073,0,0,50,slow_sweep
222.892,43,1073,0,0,50,slow_sweep
222.932,25,1047,0,0,50,slow_sweep
223.006,20,1034,0,0,48,slow_sweep
223.079,16,1026,0,0,48,slow_sweep
223.117,16,1026,0,0,48,slow_sweep
223.193,10,1027,0,0,47,slow_sweep
223.265,3,1039,0,0,47,slow_sweep
223.304,3,1039,0,0,46,slow_sweep
223.377,-12,1068,0,0,47,slow_sweep
223.451,-28,1095,0,0,47,slow_sweep
223.490,-41,1116,0,0,48,slow_sweep
223.563,-41,1116,0,0,48,slow_sweep
223.637,-44,1102,0,0,48,slow_sweep
223.676,-43,1094,0,0,47,slow_sweep
223.749,-43,1094,0,0,47,slow_sweep
223.822,-39,1087,0,0,46,slow_sweep
223.862,-35,1074,0,0,46,slow_sweep
223.935,-29,1062,0,0,46,slow_sweep
224.010,-29,1062,0,0,46,slow_sweep
224.048,-25,1053,0,0,46,slow_sweep
224.122,-21,1053,0,0,46,slow_sweep
224.195,-21,1053,0,0,46,slow_sweep
224.234,-17,1060,0,0,46,slow_sweep
224.307,-9,1068,0,0,47,slow_sweep
224.380,-9,1068,0,0,47,slow_sweep
224.425,0,1078,-8,0,47,slow_sweep
224.499,19,1102,0,0,46,slow_sweep
224.571,19,1102,0,0,46,slow_sweep
224.611,46,1090,0,0,47,slow_sweep
224.685,59,1060,0,0,48,slow_sweep
224.757,59,1060,0,0,48,slow_sweep
224.797,83,1023,-8,0,50,slow_sweep
224.871,123,985,0,0,50,slow_sweep
224.944,123,985,0,0,50,slow_sweep
224.983,185,919,0,0,50,slow_sweep
225.056,224,873,0,0,50,slow_sweep
225.130,275,846,-8,0,50,slow_sweep
225.169,275,846,-8,0,50,slow_sweep
225.244,307,826,0,0,50,slow_sweep
225.316,312,812,0,0,50,slow_sweep
225.355,312,812,0,0,49,slow_sweep
225.428,324,801,0,0,49,slow_sweep
225.501,346,786,0,0,50,slow_sweep
225.541,368,773,0,0,50,slow_sweep
225.613,368,773,0,0,51,slow_sweep
225.686,378,757,8,0,51,slow_sweep
225.725,378,748,0,16,51,slow_sweep
225.797,378,748,0,0,51,slow_sweep
225.876,385,744,8,0,51,slow_sweep
225.909,379,743,8,0,51,slow_sweep
225.981,375,742,0,0,50,slow_sweep
226.054,375,742,0,0,50,slow_sweep
226.093,375,740,0,0,51,slow_sweep
226.166,377,737,0,0,50,slow_sweep
226.237,377,737,0,0,50,slow_sweep
226.277,379,733,0,0,50,slow_sweep
226.349,380,731,0,0,50,slow_sweep
226.421,380,731,0,0,50,slow_sweep
226.466,379,730,0,0,51,slow_sweep
226.538,372,727,8,0,51,slow_sweep
226.611,372,727,8,0,52,slow_sweep
226.651,367,727,0,0,52,slow_sweep
226.722,362,733,0,0,51,slow_sweep
226.795,362,733,0,0,52,slow_sweep
226.835,356,743,0,0,52,slow_sweep
226.907,351,745,0,0,53,slow_sweep
226.979,351,745,0,0,53,slow_sweep
227.019,351,743,0,0,54,slow_sweep
227.092,359,743,0,0,55,slow_sweep
227.163,359,743,0,0,55,slow_sweep
227.203,365,746,0,0,55,slow_sweep
227.276,366,747,0,0,54,slow_sweep
227.348,363,746,0,0,54,slow_sweep
227.388,363,746,0,0,54,slow_sweep
227.461,355,744,-8,0,55,slow_sweep
227.534,349,740,0,0,55,slow_sweep
227.574,349,740,0,0,54,slow_sweep
227.647,347,736,-8,0,54,slow_sweep
227.722,346,735,0,0,54,slow_sweep
227.760,348,734,0,0,55,slow_sweep
227.832,348,734,0,0,55,slow_sweep
227.905,350,736,8,0,55,slow_sweep
227.945,351,739,0,0,55,slow_sweep
228.017,351,739,0,0,55,slow_sweep
228.090,355,740,8,0,56,slow_sweep
228.130,361,742,0,0,56,slow_sweep
228.202,361,742,0,0,57,slow_sweep
228.279,368,747,8,0,57,slow_sweep
228.314,375,752,8,0,57,slow_sweep
228.387,377,754,0,0,58,slow_sweep
228.459,377,754,0,0,58,slow_sweep
228.503,375,753,0,0,58,slow_sweep
228.576,377,752,8,0,58,slow_sweep
228.647,377,752,8,0,58,slow_sweep
228.687,376,754,8,0,58,slow_sweep
228.760,376,755,8,0,57,slow_sweep
228.831,376,755,8,0,57,slow_sweep
228.871,371,756,0,0,57,slow_sweep
228.944,357,755,0,0,57,slow_sweep
229.017,357,755,0,0,56,slow_sweep
229.055,338,756,0,0,56,slow_sweep
229.127,286,761,8,0,56,slow_sweep
229.200,286,761,8,0,57,slow_sweep
229.240,238,755,0,0,57,slow_sweep
229.312,196,754,0,0,57,slow_sweep
229.385,196,754,0,0,57,slow_sweep
229.424,161,747,0,0,58,slow_sweep
229.497,117,736,0,0,57,slow_sweep
229.568,117,736,0,0,57,slow_sweep
229.608,48,712,0,0,55,slow_sweep
229.681,14,700,0,0,54,slow_sweep
229.753,11,697,8,0,54,slow_sweep
229.793,11,697,8,0,53,slow_sweep
229.867,10,695,8,0,54,slow_sweep
229.938,6,697,8,0,54,slow_sweep
229.978,6,697,8,0,55,slow_sweep
230.050,3,704,8,0,55,slow_sweep
230.123,-4,711,0,0,54,slow_sweep
230.164,-17,719,8,0,55,slow_sweep
230.235,-17,719,8,0,55,slow_sweep
230.308,-35,727,0,0,55,slow_sweep
230.347,-57,737,0,0,55,slow_sweep
230.419,-57,737,0,0,54,slow_sweep
230.492,-78,746,0,0,53,slow_sweep
230.537,-102,758,0,0,53,slow_sweep
230.610,-121,766,0,0,52,slow_sweep
230.682,-121,766,0,0,52,slow_sweep
230.720,-139,772,0,0,52,slow_sweep
230.794,-155,771,0,0,52,slow_sweep
230.866,-155,771,0,0,52,slow_sweep
230.905,-171,766,0,0,50,slow_sweep
230.978,-184,763,0,0,48,slow_sweep
231.050,-184,763,0,0,48,slow_sweep
231.089,-188,761,0,0,47,slow_sweep
231.163,-187,759,0,0,45,slow_sweep
231.233,-187,759,0,0,45,slow_sweep
231.274,-190,755,0,0,45,slow_sweep
231.345,-198,750,0,0,45,slow_sweep
231.417,-198,750,0,0,44,slow_sweep
231.457,-202,743,0,0,42,slow_sweep
231.529,-204,738,0,0,42,slow_sweep
231.602,-204,738,0,0,43,slow_sweep
231.642,-208,737,0,0,43,slow_sweep
231.714,-215,736,0,0,43,slow_sweep
231.786,-215,736,0,0,43,slow_sweep
231.827,-225,738,0,0,43,slow_sweep
231.900,-237,742,0,0,44,slow_sweep
231.971,-237,742,0,0,44,slow_sweep
232.011,-270,745,0,0,43,slow_sweep
232.085,-289,741,0,0,42,slow_sweep
232.157,-290,738,0,0,42,slow_sweep
232.197,-290,738,0,0,41,slow_sweep
232.270,-290,732,0,0,39,slow_sweep
232.343,-292,726,-8,0,39,slow_sweep
232.383,-292,726,-8,0,38,slow_sweep
232.457,-306,719,0,0,37,slow_sweep
232.529,-357,696,0,0,37,slow_sweep
232.574,-370,692,0,0,36,slow_sweep
232.645,-370,692,0,0,36,slow_sweep
232.718,-375,689,-8,0,36,slow_sweep
232.758,-379,686,-8,0,35,slow_sweep
232.829,-379,686,-8,0,35,slow_sweep
232.902,-382,684,-8,0,36,slow_sweep
232.941,-389,684,-8,0,36,slow_sweep
233.015,-393,684,-8,0,36,slow_sweep
233.087,-393,684,-8,0,36,slow_sweep
233.126,-386,686,-8,0,36,slow_sweep
233.200,-373,688,-8,0,33,slow_sweep
233.272,-373,688,-8,0,33,slow_sweep
233.311,-351,692,-8,0,33,slow_sweep
233.383,-264,687,-8,0,33,slow_sweep
233.455,-264,687,-8,0,33,slow_sweep
233.495,-107,668,-8,0,34,slow_sweep
233.568,40,650,-8,0,36,slow_sweep
233.639,40,650,-8,0,36,slow_sweep
233.679,167,631,0,0,36,slow_sweep
233.751,256,633,-8,0,36,slow_sweep
233.823,256,633,-8,0,37,slow_sweep
233.863,243,675,-8,0,38,slow_sweep
233.935,233,698,-8,0,38,slow_sweep
234.007,233,698,-8,0,38,slow_sweep
234.047,214,708,8,0,38,slow_sweep
234.121,207,711,8,0,38,slow_sweep
234.192,207,711,8,0,38,slow_sweep
234.232,204,715,-8,0,38,slow_sweep
234.305,207,715,0,0,38,slow_sweep
234.378,214,715,-8,0,38,slow_sweep
234.418,214,715,-8,0,39,slow_sweep
234.491,219,713,8,0,39,slow_sweep
234.563,221,711,8,0,39,slow_sweep
234.608,221,711,8,0,40,slow_sweep
234.682,224,709,0,0,40,slow_sweep
234.754,230,707,0,0,40,slow_sweep
234.794,233,706,8,0,42,slow_sweep
234.866,233,706,8,0,44,slow_sweep
234.938,236,702,0,0,44,slow_sweep
234.978,243,695,8,0,46,slow_sweep
235.050,243,695,8,0,46,slow_sweep
235.123,249,692,8,0,47,slow_sweep
235.164,254,693,0,0,48,slow_sweep
235.234,254,693,0,0,48,slow_sweep
235.306,261,695,-8,0,48,slow_sweep
235.346,271,697,0,0,48,slow_sweep
235.418,284,699,0,0,48,slow_sweep
235.491,284,699,0,0,48,slow_sweep
235.531,315,705,0,0,48,slow_sweep
235.604,341,706,0,0,47,slow_sweep
235.676,341,706,0,0,47,slow_sweep
235.715,347,707,0,0,47,slow_sweep
235.788,352,709,0,0,45,slow_sweep
235.859,352,709,0,0,45,slow_sweep
235.899,358,713,0,0,45,slow_sweep
235.972,363,715,0,0,45,slow_sweep
236.043,363,715,0,0,45,slow_sweep
236.083,364,713,0,0,46,slow_sweep
236.155,365,711,0,0,46,slow_sweep
236.227,365,711,0,0,46,slow_sweep
236.267,368,709,0,0,47,slow_sweep
236.340,374,710,0,0,47,slow_sweep
236.412,374,710,0,0,48,slow_sweep
236.451,384,710,0,0,48,slow_sweep
236.524,393,707,-8,0,48,slow_sweep
236.596,393,707,-8,0,49,slow_sweep
236.641,398,704,0,0,49,slow_sweep
236.714,395,701,-8,0,50,slow_sweep
236.787,391,699,0,0,50,slow_sweep
236.827,391,699,0,0,50,slow_sweep
236.900,383,699,-8,0,49,slow_sweep
236.973,375,698,-8,0,49,slow_sweep
237.013,375,698,-8,0,49,slow_sweep
237.087,369,699,0,0,49,slow_sweep
237.159,361,702,0,0,49,slow_sweep
237.202,349,705,0,0,49,slow_sweep
237.270,349,705,0,0,49,slow_sweep
237.342,334,710,0,0,49,slow_sweep
237.382,299,720,8,0,49,slow_sweep
237.454,299,720,8,0,48,slow_sweep
237.526,257,725,0,0,48,slow_sweep
237.566,217,727,0,0,48,slow_sweep
237.638,189,726,0,0,48,slow_sweep
237.711,189,726,0,0,49,slow_sweep
237.750,172,730,0,0,49,slow_sweep
237.822,168,735,8,0,49,slow_sweep
237.894,168,735,8,0,48,slow_sweep
237.935,164,735,-8,0,48,slow_sweep
238.009,155,735,-8,0,49,slow_sweep
238.079,155,735,-8,0,49,slow_sweep
238.119,147,736,0,0,48,slow_sweep
238.192,141,742,0,0,49,slow_sweep
238.263,141,742,0,0,49,slow_sweep
238.303,138,750,8,0,49,slow_sweep
238.376,131,755,8,0,50,slow_sweep
238.448,131,755,8,0,50,slow_sweep
238.486,131,761,8,0,52,slow_sweep
238.560,127,762,8,0,51,slow_sweep
238.632,127,762,8,0,51,slow_sweep
238.675,116,759,8,0,52,slow_sweep
238.749,104,754,8,0,52,slow_sweep
238.821,104,754,8,0,51,slow_sweep
238.860,96,755,0,0,49,slow_sweep
238.932,85,758,0,0,49,slow_sweep
239.005,70,760,8,0,48,slow_sweep
239.045,70,760,8,0,48,slow_sweep
239.118,56,758,0,0,48,slow_sweep
239.193,34,755,0,0,48,slow_sweep
239.230,34,755,0,0,48,slow_sweep
239.303,16,750,0,0,48,slow_sweep
239.376,-2,748,0,0,48,slow_sweep
239.416,-2,748,0,0,49,slow_sweep
239.488,-13,752,0,0,50,slow_sweep
239.560,-22,756,0,0,50,slow_sweep
239.600,-33,757,0,0,50,slow_sweep
239.673,-33,757,0,0,50,slow_sweep
239.744,-47,753,0,0,50,slow_sweep
239.784,-64,745,0,0,51,slow_sweep
239.856,-64,745,0,0,51,slow_sweep
239.928,-82,734,0,0,51,slow_sweep
239.969,-98,727,0,0,51,slow_sweep
240.041,-113,724,0,0,51,slow_sweep
240.112,-113,724,0,0,52,slow_sweep
240.152,-128,725,0,0,52,slow_sweep
240.224,-142,733,0,0,51,slow_sweep
240.297,-142,733,0,0,50,slow_sweep
240.337,-169,754,0,0,50,slow_sweep
240.409,-192,751,0,0,50,slow_sweep
240.481,-192,751,0,0,50,slow_sweep
240.521,-211,745,0,0,49,slow_sweep
240.594,-217,743,0,0,48,slow_sweep
240.665,-217,743,0,0,48,slow_sweep
240.709,-224,735,0,0,47,slow_sweep
240.782,-235,728,-8,0,47,slow_sweep
240.854,-235,728,-8,0,47,slow_sweep
240.894,-241,723,0,0,46,slow_sweep
240.966,-245,719,-16,0,46,slow_sweep
241.039,-245,719,-16,0,46,slow_sweep
241.077,-240,720,-8,0,45,slow_sweep
241.150,-235,723,-8,0,45,slow_sweep
241.222,-235,723,-8,0,46,slow_sweep
241.262,-225,724,-8,0,46,slow_sweep
241.334,-231,722,-8,0,46,slow_sweep
241.406,-231,722,-8,0,47,slow_sweep
241.446,-237,725,-8,0,47,slow_sweep
241.519,-243,729,-16,0,48,slow_sweep
241.592,-244,731,-8,0,47,slow_sweep
241.632,-244,731,-8,0,47,slow_sweep
241.705,-242,731,0,0,47,slow_sweep
241.779,-237,730,0,0,47,slow_sweep
241.824,-237,730,0,0,50,slow_sweep
241.891,-226,730,-8,0,49,slow_sweep
241.963,-215,731,8,0,49,slow_sweep
242.003,-203,733,8,0,49,slow_sweep
242.075,-203,733,8,0,50,slow_sweep
242.147,-186,734,-8,0,50,slow_sweep
242.187,-161,736,0,0,49,slow_sweep
242.259,-161,736,0,0,49,slow_sweep
242.331,-88,745,0,0,49,slow_sweep
242.371,-20,750,0,0,47,quick_points
242.444,15,747,0,0,47,quick_points
242.517,15,747,0,0,47,quick_points
242.557,52,745,8,0,46,quick_points
242.631,92,736,-8,0,46,quick_points
242.707,92,736,-8,0,46,quick_points
242.748,118,729,0,0,46,quick_points
242.822,123,727,0,0,47,quick_points
242.895,123,727,0,0,48,quick_points
242.934,127,726,0,0,48,quick_points
243.007,133,727,0,0,48,quick_points
243.080,133,727,0,0,48,quick_points
243.120,142,727,0,0,48,quick_points
243.194,150,727,0,0,48,quick_points
243.266,150,727,0,0,48,quick_points
243.306,156,725,0,0,49,quick_points
243.380,161,725,0,0,48,quick_points
243.452,161,725,0,0,48,quick_points
243.492,165,724,0,0,47,quick_points
243.565,171,724,0,0,48,quick_points
243.639,174,724,8,0,48,quick_points
243.678,174,724,8,0,49,quick_points
243.751,178,724,8,0,49,quick_points
243.824,184,727,8,0,49,quick_points
243.864,184,727,8,0,49,quick_points
243.937,193,729,8,0,49,quick_points
244.010,198,731,8,0,49,quick_points
244.050,203,736,8,0,49,quick_points
244.123,203,736,8,0,49,quick_points
244.196,205,741,8,0,50,quick_points
244.236,201,750,8,0,50,quick_points
244.310,201,750,8,0,53,quick_points
244.382,195,755,0,0,53,quick_points
244.422,189,756,0,0,54,quick_points
244.496,186,756,8,0,54,quick_points
244.569,186,756,8,0,54,quick_points
244.609,182,759,8,0,55,quick_points
244.681,176,759,8,0,57,quick_points
244.753,176,759,8,0,57,quick_points
244.799,169,758,8,0,57,quick_points
244.872,159,756,0,0,59,quick_points
244.944,159,756,0,0,59,quick_points
244.984,151,750,0,0,61,quick_points
245.057,142,743,-8,24,64,quick_points
245.129,142,743,-8,24,64,quick_points
245.169,135,736,0,0,64,quick_points
245.242,122,727,0,0,64,quick_points
245.314,122,727,0,0,66,quick_points
245.354,122,727,0,24,67,quick_points
245.427,127,728,0,24,67,quick_points
245.500,127,728,0,0,68,quick_points
245.540,134,730,0,0,68,quick_points
245.613,136,731,0,22,70,quick_points
245.686,135,729,0,0,69,quick_points
245.726,135,729,0,0,69,quick_points
245.799,131,728,0,0,66,quick_points
245.872,129,726,0,0,66,quick_points
245.916,129,726,0,0,68,quick_points
245.985,126,722,0,0,69,quick_points
246.058,123,719,0,0,69,quick_points
246.098,122,718,0,25,72,quick_points
246.170,122,718,0,23,74,quick_points
246.243,124,717,0,23,74,quick_points
246.283,132,714,0,0,75,quick_points
246.355,132,714,0,0,74,quick_points
246.428,141,713,0,0,74,quick_points
246.468,125,717,0,0,73,quick_points
246.541,107,721,0,0,73,quick_points
246.614,107,721,0,0,73,quick_points
246.654,87,730,0,0,73,quick_points
246.726,67,749,0,0,73,quick_points
246.800,67,749,0,0,75,quick_points
246.844,3,808,0,0,75,quick_points
246.917,-53,857,0,0,75,quick_points
246.990,-53,857,0,0,75,quick_points
247.030,-162,951,0,0,75,quick_points
247.102,-207,1001,0,0,76,quick_points
247.175,-207,1001,0,0,76,quick_points
247.215,-212,990,0,0,77,quick_points
247.288,-216,982,0,0,77,quick_points
247.361,-216,982,0,0,77,quick_points
247.400,-217,969,0,0,78,quick_points
247.472,-213,955,0,0,80,quick_points
247.545,-213,955,0,0,80,quick_points
247.585,-204,943,0,0,81,quick_points
247.658,-173,924,0,0,83,quick_points
247.731,-141,909,0,0,83,quick_points
247.771,-141,909,0,0,85,quick_points
247.843,-116,899,0,0,85,quick_points
247.917,-100,888,0,0,87,quick_points
247.957,-100,888,0,0,88,quick_points
248.029,-88,878,0,0,88,quick_points
248.103,-74,871,8,0,90,quick_points
248.143,-53,871,0,0,90,quick_points
248.217,-53,871,0,0,90,quick_points
248.289,-27,879,0,0,88,quick_points
248.329,0,889,0,0,88,quick_points
248.402,0,889,0,0,88,quick_points
248.475,46,887,0,0,88,quick_points
248.515,48,870,0,0,90,quick_points
248.588,39,848,0,0,92,quick_points
248.661,39,848,0,0,92,quick_points
248.700,34,841,0,0,92,quick_points
248.774,28,836,0,0,93,quick_points
248.847,28,836,0,0,93,quick_points
248.891,22,831,0,0,93,quick_points
248.966,17,830,0,0,92,quick_points
249.043,17,830,0,0,92,quick_points
249.077,15,834,0,0,91,quick_points
249.153,11,838,0,0,91,quick_points
249.223,11,838,0,0,90,quick_points
249.264,12,845,-8,0,89,quick_points
249.337,14,848,8,0,89,quick_points
249.410,14,848,8,0,87,quick_points
249.451,18,850,8,0,87,quick_points
249.523,24,847,16,0,84,quick_points
249.597,30,844,24,0,83,quick_points
249.636,30,844,24,0,83,quick_points
249.710,39,841,0,0,81,quick_points
249.783,52,838,16,0,81,quick_points
249.822,52,838,16,0,80,quick_points
249.896,64,836,0,0,79,quick_points
249.969,72,832,8,0,79,quick_points
250.009,82,831,0,0,77,quick_points
250.082,82,831,0,0,74,quick_points
250.155,97,826,0,0,74,quick_points
250.195,152,816,0,0,73,quick_points
250.268,152,816,0,0,73,quick_points
250.341,196,810,0,0,73,quick_points
250.381,220,808,0,0,74,quick_points
250.454,231,806,0,0,74,quick_points
250.527,231,806,0,0,74,quick_points
250.568,235,806,0,0,73,quick_points
250.639,238,808,0,0,73,quick_points
250.712,238,808,0,0,72,quick_points
250.750,242,805,0,0,72,quick_points
250.823,247,792,0,0,71,quick_points
250.895,247,792,0,0,70,quick_points
250.940,252,780,0,0,70,quick_points
251.013,259,770,0,0,69,quick_points
251.086,259,770,0,0,68,quick_points
251.125,271,757,0,0,68,quick_points
251.199,281,747,-8,0,67,quick_points
251.270,281,747,-8,0,67,quick_points
251.310,288,741,-8,0,66,quick_points
251.382,295,739,0,0,65,quick_points
251.454,295,739,0,0,65,quick_points
251.493,306,737,8,0,63,quick_points
251.567,314,737,-8,0,61,quick_points
251.638,314,737,-8,0,61,quick_points
251.678,320,740,16,0,59,quick_points
251.751,319,743,-8,0,59,quick_points
251.822,317,746,8,0,59,quick_points
251.863,317,746,8,0,57,quick_points
251.936,319,747,8,0,57,quick_points
252.009,318,747,0,0,56,quick_points
252.048,318,747,0,0,56,quick_points
252.122,313,749,0,0,56,quick_points
252.195,309,750,0,0,56,quick_points
252.235,306,751,0,0,56,quick_points
252.307,306,751,0,0,55,quick_points
252.379,305,757,0,0,55,quick_points
252.419,304,767,0,0,55,quick_points
252.491,304,767,0,0,54,quick_points
252.564,301,775,0,0,54,quick_points
252.610,295,777,0,0,53,quick_points
252.675,295,777,0,0,53,quick_points
252.747,286,772,0,0,53,quick_points
252.787,279,766,8,0,52,quick_points
252.860,271,757,8,0,51,quick_points
252.931,271,757,8,0,51,quick_points
252.976,258,750,0,0,50,quick_points
253.049,243,748,0,0,50,quick_points
253.120,243,748,0,0,50,quick_points
253.160,224,745,8,0,50,quick_points
253.232,170,741,8,0,50,quick_points
253.304,170,741,8,0,49,quick_points
253.344,116,741,8,0,49,quick_points
253.417,82,742,8,0,50,quick_points
253.489,82,742,8,0,50,quick_points
253.529,65,742,8,0,50,quick_points
253.603,63,742,8,0,50,quick_points
253.674,63,742,8,0,50,quick_points
253.714,61,748,0,0,51,quick_points
253.786,53,760,0,0,51,quick_points
253.858,53,760,0,0,51,quick_points
253.898,47,774,0,0,49,quick_points
253.974,82,803,0,0,50,quick_points
254.042,82,803,0,0,50,quick_points
254.082,128,833,0,0,49,quick_points
254.155,169,860,0,0,49,quick_points
254.229,210,896,0,0,49,quick_points
254.267,210,896,0,0,48,quick_points
254.340,248,931,0,0,48,quick_points
254.413,282,963,0,0,48,quick_points
254.454,282,963,0,0,48,quick_points
254.526,313,992,0,0,48,quick_points
254.601,340,1018,0,0,48,quick_points
254.640,366,1042,0,0,48,quick_points
254.712,366,1042,0,0,47,quick_points
254.786,374,1049,0,0,46,quick_points
254.826,381,1057,0,0,46,quick_points
254.898,381,1057,0,0,46,quick_points
254.971,389,1064,0,0,46,quick_points
255.014,396,1071,0,0,45,quick_points
255.087,400,1076,0,0,45,quick_points
255.159,400,1076,0,0,45,quick_points
255.199,403,1080,0,0,45,quick_points
255.271,399,1081,-8,0,45,quick_points
255.343,399,1081,-8,0,45,quick_points
255.383,393,1080,-8,0,45,quick_points
255.456,377,1079,-8,0,45,quick_points
255.529,377,1079,-8,0,45,quick_points
255.568,366,1079,-8,0,45,quick_points
255.640,353,1073,-8,0,45,quick_points
255.713,353,1073,-8,0,46,quick_points
255.751,338,1065,-8,0,46,quick_points
255.826,319,1055,-8,0,44,quick_points
255.898,319,1055,-8,0,45,quick_points
255.937,300,1045,-8,0,45,quick_points
256.010,282,1041,-16,0,44,quick_points
256.082,282,1041,-16,0,44,quick_points
256.121,270,1038,-8,0,43,quick_points
256.194,258,1029,0,0,44,quick_points
256.266,258,1029,0,0,44,quick_points
256.309,248,1014,0,0,43,quick_points
256.379,242,999,0,0,43,quick_points
256.452,240,982,0,0,43,quick_points
256.491,240,982,0,0,43,quick_points
256.565,242,974,0,0,42,quick_points
256.638,244,972,0,0,42,quick_points
256.678,244,972,0,0,41,quick_points
256.751,240,974,0,0,41,quick_points
256.823,203,967,0,0,41,quick_points
256.864,167,955,0,0,40,quick_points
256.934,167,955,0,0,40,quick_points
257.007,132,950,0,0,41,quick_points
257.052,99,931,0,0,41,quick_points
257.123,99,931,0,0,42,quick_points
257.196,70,895,0,0,44,quick_points
257.238,39,866,0,0,44,quick_points
257.309,-6,838,0,0,44,quick_points
257.381,-6,838,0,0,44,quick_points
257.421,-82,788,0,0,44,quick_points
257.494,-96,764,8,0,45,quick_points
257.565,-96,764,8,0,45,quick_points
257.604,-79,758,8,0,46,quick_points
257.681,-71,758,8,0,45,quick_points
257.749,-71,758,8,0,45,quick_points
257.788,-61,757,8,0,45,quick_points
257.861,-48,755,0,0,46,quick_points
257.933,-48,755,0,0,46,quick_points
257.972,-36,752,8,0,47,quick_points
258.045,-17,749,0,0,47,quick_points
258.117,-17,749,0,0,47,quick_points
258.157,3,747,0,0,47,quick_points
258.229,25,743,0,0,47,quick_points
258.301,25,743,0,0,46,quick_points
258.341,92,734,0,0,46,quick_points
258.413,146,735,0,0,45,quick_points
258.485,146,735,0,0,45,quick_points
258.526,181,748,0,0,45,quick_points
258.598,208,765,0,0,45,quick_points
258.670,208,765,0,0,45,quick_points
258.710,223,793,0,0,45,quick_points
258.783,235,811,0,0,45,quick_points
258.856,248,811,0,0,45,quick_points
258.896,248,811,0,0,46,quick_points
258.969,261,801,0,0,46,quick_points
259.041,265,795,0,0,46,quick_points
259.087,268,788,-8,0,46,quick_points
259.159,268,788,-8,0,46,quick_points
259.231,273,782,8,0,46,quick_points
259.271,273,778,-8,0,46,quick_points
259.342,273,778,-8,0,46,quick_points
259.415,271,774,-8,0,46,quick_points
259.456,269,773,8,0,47,quick_points
259.527,269,773,8,0,47,quick_points
259.600,262,773,0,0,46,quick_points
259.642,249,773,0,0,46,quick_points
259.712,207,777,8,0,47,quick_points
259.784,207,777,8,0,47,quick_points
259.824,176,778,0,0,48,quick_points
259.896,153,769,0,0,49,quick_points
259.968,153,769,0,0,49,quick_points
260.007,138,763,0,0,50,quick_points
260.080,123,744,0,0,49,quick_points
260.152,123,744,0,0,49,quick_points
260.191,101,713,0,0,47,quick_points
260.264,80,690,0,0,46,quick_points
260.336,80,690,0,0,46,quick_points
260.375,61,689,0,0,46,quick_points
260.448,54,696,-8,0,46,quick_points
260.521,54,696,-8,0,46,quick_points
260.560,53,710,-8,0,46,quick_points
260.632,56,714,8,0,46,quick_points
260.704,56,714,8,0,46,quick_points
260.745,75,714,8,0,46,quick_points
260.817,94,713,0,0,47,quick_points
260.889,94,713,0,0,47,quick_points
260.930,106,710,0,0,47,quick_points
261.002,119,705,8,0,48,quick_points
261.074,131,702,8,0,48,quick_points
261.119,131,702,8,0,47,quick_points
261.196,132,703,8,0,47,quick_points
261.265,122,711,8,0,47,quick_points
261.306,122,711,8,0,47,quick_points
261.380,110,723,8,0,47,quick_points
261.452,80,750,0,0,47,quick_points
261.490,65,755,0,0,47,quick_points
261.563,65,755,0,0,46,quick_points
261.635,64,763,0,0,46,quick_points
261.675,67,763,0,0,46,quick_points
261.746,67,763,0,0,46,quick_points
261.819,77,758,0,0,47,quick_points
261.859,98,746,0,0,46,quick_points
261.931,98,746,0,0,46,quick_points
262.003,171,717,0,0,45,quick_points
262.044,253,685,0,0,45,quick_points
262.116,326,656,0,0,45,quick_points
262.189,326,656,0,0,45,quick_points
262.229,377,651,0,0,45,quick_points
262.302,392,652,0,0,45,quick_points
262.373,392,652,0,0,45,quick_points
262.413,402,655,0,0,45,quick_points
262.485,399,665,-8,0,44,quick_points
262.557,399,665,-8,0,44,quick_points
262.596,395,675,-8,0,46,quick_points
262.670,385,684,0,0,46,quick_points
262.741,385,684,0,0,46,quick_points
262.780,364,697,-16,0,46,quick_points
262.853,303,733,-16,0,47,quick_points
262.926,303,733,-16,0,47,quick_points
262.965,249,776,-16,0,48,quick_points
263.038,160,851,0,0,48,quick_points
263.110,160,851,0,0,48,quick_points
263.155,157,852,-8,0,49,quick_points
263.227,163,851,-8,0,49,quick_points
263.300,177,848,0,0,50,quick_points
263.339,177,848,0,0,50,quick_points
263.413,210,838,0,0,51,quick_points
263.486,229,832,-8,0,50,quick_points
263.525,229,832,-8,0,50,quick_points
263.599,217,847,0,0,51,quick_points
263.672,213,853,0,0,51,quick_points
263.712,213,855,0,0,50,quick_points
263.787,213,855,0,0,49,quick_points
263.860,217,863,0,0,49,quick_points
263.896,218,865,0,0,48,quick_points
263.968,218,865,0,0,47,quick_points
264.042,208,860,0,0,47,quick_points
264.080,201,853,0,0,47,quick_points
264.151,201,853,0,0,47,quick_points
264.224,196,848,-8,0,47,quick_points
264.264,191,849,0,0,49,quick_points
264.336,185,853,0,0,49,quick_points
264.408,185,853,0,0,49,quick_points
264.447,185,853,-8,0,49,quick_points
264.520,190,849,0,0,47,quick_points
264.592,190,849,0,0,46,quick_points
264.632,191,843,16,0,46,quick_points
264.708,195,837,0,0,46,quick_points
264.782,195,837,0,0,46,quick_points
264.818,197,834,8,0,45,quick_points
264.890,202,829,0,0,45,quick_points
264.962,202,829,0,0,45,quick_points
265.002,204,825,0,0,44,quick_points
265.075,210,819,0,0,44,quick_points
265.146,210,819,0,0,44,quick_points
265.191,216,812,0,0,43,quick_points
265.263,222,805,0,0,43,quick_points
265.336,222,805,0,0,43,quick_points
265.375,229,799,0,0,42,quick_points
265.447,237,793,0,0,42,quick_points
265.519,237,793,0,0,42,quick_points
265.558,245,784,0,0,42,quick_points
265.631,263,760,0,0,42,quick_points
265.704,280,749,0,0,43,quick_points
265.744,280,749,0,0,43,quick_points
265.817,290,749,0,0,44,quick_points
265.890,305,751,0,0,45,quick_points
265.931,305,751,0,0,45,quick_points
266.003,319,752,0,0,46,quick_points
266.075,334,748,0,0,46,quick_points
266.116,336,744,0,0,47,quick_points
266.188,336,744,0,0,48,quick_points
266.260,338,740,0,0,48,quick_points
266.300,341,736,0,0,48,quick_points
266.372,341,736,0,0,48,quick_points
266.445,345,733,0,0,48,quick_points
266.484,344,732,-8,0,50,quick_points
266.556,344,732,-8,0,49,quick_points
266.628,341,731,-8,0,49,quick_points
266.668,336,729,-8,0,49,quick_points
266.740,331,728,-8,0,49,quick_points
266.812,331,728,-8,0,49,quick_points
266.852,324,728,-8,0,49,quick_points
266.924,314,731,0,0,49,quick_points
266.996,314,731,0,0,49,quick_points
267.037,302,731,-8,0,49,quick_points
267.109,277,736,0,0,49,quick_points
267.181,277,736,0,0,49,quick_points
267.225,251,738,0,0,48,quick_points
267.298,222,738,0,0,48,quick_points
267.370,222,738,0,0,48,quick_points
267.409,190,726,0,0,49,quick_points
267.482,171,699,0,0,50,quick_points
267.554,171,699,0,0,50,quick_points
267.594,159,675,0,0,50,ellipse
267.667,139,651,0,0,50,ellipse
267.740,139,651,0,0,50,ellipse
267.781,119,644,0,0,49,ellipse
267.854,97,648,0,0,50,ellipse
267.927,84,659,16,0,50,ellipse
267.967,84,659,16,0,51,ellipse
268.041,88,664,16,0,51,ellipse
268.113,87,667,8,0,50,ellipse
268.153,87,667,8,0,50,ellipse
268.225,75,662,8,0,50,ellipse
268.299,62,659,8,0,49,ellipse
268.342,45,655,8,0,49,ellipse
268.412,45,655,8,0,48,ellipse
268.485,1,650,8,0,48,ellipse
268.525,-23,648,0,0,49,ellipse
268.597,-23,648,0,0,50,ellipse
268.670,-26,651,8,0,50,ellipse
268.710,-33,653,-8,0,50,ellipse
268.782,-33,653,-8,0,50,ellipse
268.854,-38,654,-8,0,50,ellipse
268.895,-43,654,-8,0,50,ellipse
268.969,-50,656,-24,0,52,ellipse
269.039,-50,656,-24,0,52,ellipse
269.079,-56,659,0,0,52,ellipse
269.153,-61,662,-8,0,53,ellipse
269.226,-61,662,-8,0,53,ellipse
269.270,-63,666,-8,0,53,ellipse
269.343,-61,668,-8,0,53,ellipse
269.415,-61,668,-8,0,53,ellipse
269.456,-57,669,0,0,52,ellipse
269.529,-54,666,8,0,52,ellipse
269.601,-54,666,8,0,52,ellipse
269.641,-46,663,8,0,52,ellipse
269.714,-41,659,0,22,54,ellipse
269.787,-41,659,0,0,53,ellipse
269.827,-40,658,8,0,53,ellipse
269.900,-37,659,0,0,53,ellipse
269.973,-35,658,0,0,53,ellipse
270.012,-35,658,0,0,52,ellipse
270.086,-35,658,0,0,52,ellipse
270.159,-35,659,0,0,52,ellipse
270.198,-35,659,0,0,51,ellipse
270.272,-32,660,8,0,50,ellipse
270.346,-30,666,-8,0,50,ellipse
270.384,-26,669,-8,0,51,ellipse
270.457,-26,669,-8,0,50,ellipse
270.529,-21,677,0,0,50,ellipse
270.570,-12,693,0,0,50,ellipse
270.642,-12,693,0,0,50,ellipse
270.715,11,741,0,0,51,ellipse
270.756,16,775,8,0,52,ellipse
270.827,16,775,8,0,52,ellipse
270.900,16,783,0,0,52,ellipse
270.940,20,784,-8,0,52,ellipse
271.013,15,779,0,0,52,ellipse
271.086,15,779,0,0,52,ellipse
271.200,15,762,0,0,52,ellipse
271.271,15,762,0,0,52,ellipse
271.316,16,750,0,0,52,ellipse
271.389,36,748,0,0,51,ellipse
271.461,36,748,0,0,51,ellipse
271.501,57,754,0,0,51,ellipse
271.575,75,763,0,0,51,ellipse
271.648,75,763,0,0,51,ellipse
271.687,110,788,0,0,52,ellipse
271.761,142,805,0,0,53,ellipse
271.834,142,805,0,0,53,ellipse
271.874,163,820,0,0,52,ellipse
271.948,161,830,0,0,52,ellipse
272.021,147,848,0,0,52,ellipse
272.061,147,848,0,0,51,ellipse
272.134,124,894,0,0,51,ellipse
272.207,109,930,0,0,52,ellipse
272.246,109,930,0,0,52,ellipse
272.320,158,894,0,0,52,ellipse
272.394,165,888,0,0,51,ellipse
272.434,177,884,0,0,51,ellipse
272.507,177,884,0,0,51,ellipse
272.579,189,883,0,0,51,ellipse
272.620,195,886,0,0,50,ellipse
272.693,195,886,0,0,50,ellipse
272.765,190,894,0,0,50,ellipse
272.806,181,902,0,0,49,ellipse
272.880,166,915,0,0,50,ellipse
272.951,166,915,0,0,50,ellipse
272.992,120,949,0,0,48,ellipse
273.065,113,939,0,0,48,ellipse
273.138,113,939,0,0,48,ellipse
273.178,122,931,0,0,49,ellipse
273.251,123,927,0,0,49,ellipse
273.324,123,927,0,0,49,ellipse
273.368,127,909,0,0,49,ellipse
273.442,126,893,0,0,49,ellipse
273.515,126,893,0,0,52,ellipse
273.559,121,880,0,0,52,ellipse
273.628,111,874,0,0,52,ellipse
273.701,111,874,0,0,51,ellipse
273.740,87,866,0,0,51,ellipse
273.814,64,862,-8,0,52,ellipse
273.887,64,862,-8,0,52,ellipse
273.926,94,866,-8,0,52,ellipse
274.000,106,870,-16,0,53,ellipse
274.073,120,870,-8,0,53,ellipse
274.114,120,870,-8,0,54,ellipse
274.186,136,871,-8,0,54,ellipse
274.261,151,872,-8,0,54,ellipse
274.299,151,872,-8,0,55,ellipse
274.373,172,869,-8,0,54,ellipse
274.445,222,858,-8,0,54,ellipse
274.485,242,843,-16,0,54,ellipse
274.558,242,843,-16,0,54,ellipse
274.630,265,830,-16,0,54,ellipse
274.671,294,813,-8,0,53,ellipse
274.745,294,813,-8,0,53,ellipse
274.816,312,796,-16,0,53,ellipse
274.856,303,779,-16,0,53,ellipse
274.930,299,763,-24,0,53,ellipse
275.003,299,763,-24,0,54,ellipse
275.042,273,744,-8,0,54,ellipse
275.116,241,717,-8,0,54,ellipse
275.189,241,717,-8,0,53,ellipse
275.228,191,679,-8,0,53,ellipse
275.302,157,653,-8,0,53,ellipse
275.374,157,653,-8,0,53,ellipse
275.420,180,628,0,0,53,ellipse
275.493,212,617,8,0,53,ellipse
275.566,212,617,8,0,53,ellipse
275.605,250,610,8,0,53,ellipse
275.680,280,609,8,0,51,ellipse
275.752,280,609,8,0,51,ellipse
275.791,302,608,8,0,50,ellipse
275.864,303,613,8,0,51,ellipse
275.937,270,616,8,0,51,ellipse
275.977,270,616,8,0,52,ellipse
276.050,256,617,8,0,52,ellipse
276.123,241,623,16,0,52,ellipse
276.163,241,623,16,0,52,ellipse
276.237,228,626,8,0,52,ellipse
276.310,195,635,16,0,52,ellipse
276.349,181,636,16,0,52,ellipse
276.422,181,636,16,0,52,ellipse
276.495,125,636,24,0,52,ellipse
276.535,53,636,24,0,52,ellipse
276.608,53,636,24,0,53,ellipse
276.680,-66,619,24,0,53,ellipse
276.720,-149,605,16,0,52,ellipse
276.794,-84,644,8,0,51,ellipse
276.865,-84,644,8,0,51,ellipse
276.906,-67,653,8,0,51,ellipse
276.977,-47,665,8,0,51,ellipse
277.049,-47,665,8,0,51,ellipse
277.088,-24,687,8,0,51,ellipse
277.162,-30,690,8,0,49,ellipse
277.233,-30,690,8,0,49,ellipse
277.272,-39,692,0,0,49,ellipse
277.345,-45,694,8,0,49,ellipse
277.418,-45,694,8,0,48,ellipse
277.462,-44,700,16,0,45,ellipse
277.534,-45,706,8,0,45,ellipse
277.606,-45,706,8,0,43,ellipse
277.645,-49,711,8,0,43,ellipse
277.718,-53,716,0,0,42,ellipse
277.790,-53,716,0,0,40,ellipse
277.830,-51,721,0,0,40,ellipse
277.903,-52,725,0,0,40,ellipse
277.975,-52,725,0,0,40,ellipse
278.014,-48,734,-16,0,40,ellipse
278.087,-45,740,-16,0,39,ellipse
278.159,-36,745,-16,0,39,ellipse
278.201,-36,745,-16,0,39,ellipse
278.272,-31,748,-16,0,39,ellipse
278.345,-21,749,-24,0,39,ellipse
278.385,-21,749,-24,0,39,ellipse
278.459,-11,752,-24,0,38,ellipse
278.531,3,759,-16,0,38,ellipse
278.573,16,763,-24,0,38,ellipse
278.643,16,763,-24,0,38,ellipse
278.716,30,764,-16,0,37,ellipse
278.756,43,762,-16,0,36,ellipse
278.828,43,762,-16,0,36,ellipse
278.900,52,759,-24,0,35,ellipse
278.941,55,756,-16,0,35,ellipse
279.013,55,756,-16,0,35,ellipse
279.085,61,753,-8,0,37,ellipse
279.126,62,748,-8,0,37,ellipse
279.198,63,744,0,0,36,ellipse
279.269,63,744,0,0,36,ellipse
279.308,65,738,0,0,35,ellipse
279.381,69,739,8,0,35,ellipse
279.453,69,739,8,0,35,ellipse
279.497,68,743,8,0,34,ellipse
279.570,60,750,24,0,34,ellipse
279.642,60,750,24,0,34,ellipse
279.681,50,753,8,0,35,ellipse
279.754,41,750,8,0,35,ellipse
279.826,41,750,8,0,35,ellipse
279.865,33,744,0,0,36,ellipse
279.942,27,739,8,0,36,ellipse
280.010,27,739,8,0,37,ellipse
280.049,20,735,8,0,37,ellipse
280.121,17,732,8,0,37,ellipse
280.194,17,732,8,0,37,ellipse
280.234,15,732,16,0,37,ellipse
280.307,11,731,16,0,37,ellipse
280.379,11,731,16,0,37,ellipse
280.418,4,729,16,0,37,ellipse
280.491,-4,726,16,0,37,ellipse
280.564,-13,720,16,0,37,ellipse
280.603,-13,720,16,0,37,ellipse
280.676,-18,715,16,0,37,ellipse
280.749,-20,716,16,0,37,ellipse
280.789,-20,716,16,0,38,ellipse
280.863,-24,719,16,0,38,ellipse
280.935,-31,720,16,0,38,ellipse
280.976,-37,721,0,0,37,ellipse
281.047,-37,721,0,0,37,ellipse
281.120,-31,728,8,0,37,ellipse
281.160,-24,736,0,0,37,ellipse
281.232,-24,736,0,0,37,ellipse
281.304,-19,743,8,0,38,ellipse
281.345,-15,747,8,0,38,ellipse
281.417,-15,747,8,0,40,ellipse
281.489,-7,754,8,0,41,ellipse
281.534,0,759,8,0,41,ellipse
281.607,6,765,0,17,43,ellipse
281.679,6,765,0,17,43,ellipse
281.718,11,770,8,0,44,ellipse
281.791,12,774,-16,0,44,ellipse
281.864,12,774,-16,0,44,ellipse
281.903,14,777,0,0,43,ellipse
281.977,21,780,-24,0,42,ellipse
282.049,21,780,-24,0,42,ellipse
282.088,30,782,-16,0,41,ellipse
282.161,37,781,-8,0,40,ellipse
282.233,37,781,-8,0,40,ellipse
282.274,48,779,-16,0,40,ellipse
282.345,58,777,-24,0,40,ellipse
282.417,58,777,-24,0,39,ellipse
282.458,72,776,-24,0,40,ellipse
282.529,107,769,-24,0,40,ellipse
282.602,107,769,-24,0,39,ellipse
282.642,127,760,-24,0,39,ellipse
282.716,128,758,-24,0,40,ellipse
282.788,130,755,-16,0,40,ellipse
282.828,130,755,-16,0,40,ellipse
282.902,130,752,-32,0,40,ellipse
282.974,127,747,-16,0,40,ellipse
283.014,127,747,-16,0,39,ellipse
283.088,121,741,-8,0,39,ellipse
283.160,116,737,-8,0,39,ellipse
283.201,105,734,0,0,39,ellipse
283.274,105,734,0,0,38,ellipse
283.345,98,732,8,0,38,ellipse
283.388,103,729,0,0,39,ellipse
283.457,103,729,0,0,39,ellipse
283.529,110,726,0,0,39,ellipse
283.573,116,729,16,0,39,ellipse
283.645,118,730,0,0,39,ellipse
283.718,118,730,0,0,39,ellipse
283.758,112,726,8,0,38,ellipse
283.830,104,723,8,0,38,ellipse
283.902,104,723,8,0,36,ellipse
283.942,66,711,32,0,36,ellipse
284.015,23,697,32,0,34,ellipse
284.091,23,697,32,0,34,ellipse
284.127,-42,687,24,0,34,ellipse
284.200,-88,666,24,0,35,ellipse
284.272,-88,666,24,0,35,ellipse
284.311,-143,652,24,0,35,ellipse
284.384,-196,659,16,0,36,ellipse
284.456,-196,659,16,0,36,ellipse
284.495,-229,677,16,0,36,ellipse
284.568,-222,691,16,0,35,ellipse
284.640,-222,691,16,0,35,ellipse
284.679,-223,711,8,0,35,ellipse
284.752,-229,724,24,0,35,ellipse
284.828,-229,724,24,0,35,ellipse
284.863,-231,728,24,0,36,ellipse
284.935,-232,732,24,0,36,ellipse
285.009,-232,732,24,0,36,ellipse
285.047,-245,735,8,0,36,ellipse
285.119,-250,741,8,0,37,ellipse
285.192,-246,748,8,0,36,ellipse
285.232,-246,748,8,0,36,ellipse
285.305,-238,767,-16,0,36,ellipse
285.378,-219,789,-24,0,36,ellipse
285.418,-219,789,-24,0,35,ellipse
285.492,-200,798,8,16,35,ellipse
285.564,-183,803,0,16,35,ellipse
285.609,-158,805,-24,0,34,ellipse
285.682,-158,805,-24,0,35,ellipse
285.754,-133,808,-8,0,35,ellipse
285.793,-113,809,-8,0,34,ellipse
285.866,-113,809,-8,0,34,ellipse
285.938,-82,810,-24,0,34,ellipse
285.977,-10,811,-24,0,32,ellipse
286.050,75,804,-24,0,32,ellipse
286.122,75,804,-24,0,33,ellipse
286.161,136,788,-39,0,32,ellipse
286.234,149,770,-39,0,32,ellipse
286.306,149,770,-39,0,32,ellipse
286.345,148,744,-48,0,32,ellipse
286.419,155,728,-24,0,32,ellipse
286.491,155,728,-24,0,32,ellipse
286.532,150,708,-24,0,32,ellipse
286.603,153,692,-39,0,33,ellipse
286.676,153,692,-39,0,33,ellipse
286.715,172,689,-16,0,33,ellipse
286.788,184,678,-24,0,35,ellipse
286.860,184,678,-24,0,35,ellipse
286.900,190,673,8,0,35,ellipse
286.972,183,661,0,0,37,ellipse
287.044,183,661,0,0,37,ellipse
287.083,167,632,8,0,37,ellipse
287.157,151,610,24,0,37,ellipse
287.228,151,610,24,0,37,ellipse
287.267,129,607,8,0,39,ellipse
287.339,106,608,0,0,39,ellipse
287.412,106,608,0,0,38,ellipse
287.451,90,610,8,0,38,ellipse
287.524,75,613,16,0,38,ellipse
287.597,61,624,16,0,38,ellipse
287.642,61,624,16,0,38,ellipse
287.716,37,641,16,0,36,ellipse
287.788,-3,650,32,0,36,ellipse
287.828,-89,650,32,0,36,ellipse
287.900,-89,650,32,0,37,ellipse
287.973,-155,653,24,0,37,ellipse
288.013,-202,654,24,0,37,ellipse
288.085,-202,654,24,0,38,ellipse
288.157,-228,657,8,0,38,ellipse
288.196,-230,661,24,0,37,ellipse
288.269,-230,661,24,0,37,ellipse
288.341,-224,667,32,0,37,ellipse
288.380,-224,670,16,0,36,ellipse
288.453,-219,675,24,0,36,ellipse
288.526,-219,675,24,0,36,ellipse
288.565,-209,681,32,0,36,ellipse
288.638,-199,686,8,0,36,ellipse
288.710,-199,686,8,0,37,ellipse
288.749,-186,694,8,0,37,ellipse
288.822,-167,701,8,0,38,ellipse
288.895,-167,701,8,0,38,ellipse
288.934,-150,710,-8,0,38,ellipse
289.006,-120,728,-8,0,38,ellipse
289.079,-120,728,-8,0,38,ellipse
289.118,-108,734,-24,0,39,ellipse
289.190,-92,741,-24,0,39,ellipse
289.264,-92,741,-24,0,39,ellipse
289.303,-79,745,-8,0,38,ellipse
289.376,-68,747,-32,0,37,ellipse
289.450,-68,747,-32,0,37,ellipse
289.487,-60,749,-24,0,36,ellipse
289.560,-52,750,-32,0,34,ellipse
289.632,-52,750,-32,0,34,ellipse
289.677,-42,749,-32,0,33,ellipse
289.750,-19,746,-24,0,33,ellipse
289.823,4,741,-24,0,33,ellipse
289.864,4,741,-24,0,33,ellipse
289.936,31,728,-24,0,33,ellipse
290.009,35,725,-16,0,33,ellipse
290.049,35,725,-16,0,33,ellipse
290.122,32,721,-16,0,33,ellipse
290.195,18,716,-8,0,34,ellipse
290.235,-23,701,-8,0,34,ellipse
290.306,-23,701,-8,0,35,ellipse
290.379,-56,690,16,0,35,ellipse
290.418,-78,684,8,0,36,ellipse
290.490,-78,684,8,0,35,ellipse
290.564,-85,669,8,0,35,ellipse
290.603,-81,646,16,0,37,ellipse
290.675,-76,628,16,0,38,ellipse
290.748,-76,628,16,0,38,ellipse
290.787,-88,617,24,0,36,ellipse
290.860,-93,617,8,0,35,ellipse
290.932,-93,617,8,0,35,ellipse
290.971,-95,618,8,0,35,ellipse
291.043,-99,617,16,0,35,ellipse
291.116,-99,617,16,0,34,ellipse
291.156,-100,617,16,0,34,ellipse
291.227,-100,621,16,0,34,ellipse
291.306,-100,621,16,0,32,ellipse
291.340,-99,627,24,0,32,ellipse
291.413,-100,633,32,0,33,ellipse
291.486,-100,633,32,0,34,ellipse
291.526,-106,637,24,0,34,ellipse
291.599,-111,641,16,0,34,ellipse
291.671,-111,641,16,0,34,ellipse
291.715,-120,643,16,0,34,ellipse
291.788,-127,645,16,0,33,ellipse
291.860,-127,645,16,0,33,ellipse
291.900,-121,648,8,0,33,ellipse
291.973,-104,654,8,0,34,ellipse
292.044,-89,660,8,0,34,ellipse
292.084,-89,660,8,0,33,ellipse
292.157,-67,666,-8,0,35,ellipse
292.229,-4,685,0,0,35,ellipse
292.269,-4,685,0,0,35,ellipse
292.341,44,712,-8,0,35,ellipse
292.414,75,735,-8,0,37,ellipse
292.454,113,747,-16,0,38,ellipse
292.526,113,747,-16,0,38,ellipse
292.599,132,757,-8,0,38,ellipse
292.639,136,762,-16,0,38,ellipse
292.712,136,762,-16,0,37,ellipse
292.785,140,765,-16,0,36,fwd_back
292.825,143,767,-32,0,36,fwd_back
292.899,143,767,-32,0,35,fwd_back
292.971,149,768,-24,0,35,fwd_back
293.011,158,768,-24,0,34,fwd_back
293.085,164,767,-24,0,32,fwd_back
293.157,164,767,-24,0,32,fwd_back
293.197,162,764,-32,0,32,fwd_back
293.271,162,761,-16,0,32,fwd_back
293.343,162,761,-16,0,32,fwd_back
293.383,167,757,-16,0,32,fwd_back
293.457,174,751,-16,0,32,fwd_back
293.529,174,751,-16,0,32,fwd_back
293.570,180,748,-16,0,33,fwd_back
293.643,181,745,-8,0,33,fwd_back
293.715,181,745,-8,0,35,fwd_back
293.761,178,740,0,0,37,fwd_back
293.834,177,733,-8,0,37,fwd_back
293.907,177,733,-8,0,38,fwd_back
293.946,174,725,8,0,38,fwd_back
294.020,175,716,24,0,38,fwd_back
294.093,173,709,24,0,37,fwd_back
294.133,173,709,24,0,37,fwd_back
294.207,166,703,32,0,37,fwd_back
294.282,157,698,32,0,37,fwd_back
294.320,157,698,32,0,36,fwd_back
294.394,149,695,32,0,36,fwd_back
294.467,144,694,16,0,36,fwd_back
294.507,140,696,16,0,36,fwd_back
294.581,140,696,16,0,35,fwd_back
294.653,135,699,16,0,35,fwd_back
294.692,125,701,8,0,34,fwd_back
294.765,125,701,8,0,35,fwd_back
294.838,119,703,8,0,35,fwd_back
294.879,115,706,8,0,35,fwd_back
294.953,115,710,8,0,36,fwd_back
295.026,115,710,8,0,36,fwd_back
295.066,115,717,0,0,38,fwd_back
295.139,112,722,0,0,38,fwd_back
295.211,112,722,0,0,40,fwd_back
295.251,112,725,0,0,40,fwd_back
295.324,116,730,0,0,43,fwd_back
295.397,116,730,0,0,45,fwd_back
295.437,126,737,0,0,45,fwd_back
295.510,134,745,0,0,46,fwd_back
295.583,134,745,0,0,46,fwd_back
295.623,133,751,0,0,48,fwd_back
295.697,128,753,0,0,49,fwd_back
295.774,128,753,0,0,49,fwd_back
295.819,121,754,0,0,50,fwd_back
295.888,113,754,0,0,51,fwd_back
295.962,104,753,0,0,51,fwd_back
296.001,104,753,0,0,50,fwd_back
296.075,97,753,0,0,50,fwd_back
296.147,93,755,0,0,50,fwd_back
296.187,93,755,0,0,48,fwd_back
296.260,89,757,0,0,48,fwd_back
296.333,85,758,0,0,48,fwd_back
296.373,80,759,0,0,48,fwd_back
296.445,80,759,0,0,48,fwd_back
296.518,71,758,-8,0,49,fwd_back
296.559,65,759,0,0,51,fwd_back
296.630,65,759,0,0,51,fwd_back
296.703,62,760,0,0,54,fwd_back
296.744,61,761,0,0,54,fwd_back
296.816,63,762,0,0,57,fwd_back
296.889,63,762,0,0,58,fwd_back
296.929,66,762,0,0,58,fwd_back
297.002,66,762,0,0,58,fwd_back
297.076,66,762,0,0,58,fwd_back
297.115,63,762,0,0,60,fwd_back
297.188,59,762,0,0,62,fwd_back
297.260,59,762,0,0,62,fwd_back
297.300,52,763,-8,0,63,fwd_back
297.374,47,765,-8,26,66,fwd_back
297.446,47,765,-8,26,66,fwd_back
297.486,42,766,-8,0,69,fwd_back
297.560,37,766,-8,0,69,fwd_back
297.631,37,766,-8,0,69,fwd_back
297.672,34,765,0,0,69,fwd_back
297.749,37,768,0,0,69,fwd_back
297.821,37,768,0,0,71,fwd_back
297.861,37,769,0,0,72,fwd_back
297.933,30,774,0,0,72,fwd_back
298.007,25,777,0,0,75,fwd_back
298.046,25,777,0,0,75,fwd_back
298.120,21,778,0,0,78,fwd_back
298.193,18,777,0,0,80,fwd_back
298.234,18,777,0,0,80,fwd_back
298.306,15,779,0,0,81,fwd_back
298.379,12,780,0,0,81,fwd_back
298.420,9,781,0,0,83,fwd_back
298.493,9,781,0,0,83,fwd_back
298.565,6,780,0,0,83,fwd_back
298.607,4,778,0,0,83,fwd_back
298.678,4,778,0,0,82,fwd_back
298.751,2,776,0,0,82,fwd_back
298.791,3,775,0,0,84,fwd_back
298.865,7,774,0,23,88,fwd_back
298.938,7,774,0,23,88,fwd_back
298.977,14,773,0,0,92,fwd_back
299.050,17,772,0,0,92,fwd_back
299.123,17,772,0,0,94,fwd_back
299.163,16,771,0,0,96,fwd_back
299.236,9,768,0,0,96,fwd_back
299.309,9,768,0,0,95,fwd_back
299.349,0,763,0,0,95,fwd_back
299.422,-8,756,-8,0,94,fwd_back
299.496,-8,756,-8,0,93,fwd_back
299.535,-14,751,-8,0,93,fwd_back
299.608,-17,750,-8,0,95,fwd_back
299.681,-17,750,-8,0,95,fwd_back
299.721,-11,752,-8,0,96,fwd_back
299.800,-2,756,-8,0,97,fwd_back
299.872,-2,756,-8,0,97,fwd_back
299.913,2,755,-8,0,98,fwd_back
299.986,3,754,-8,0,99,fwd_back
300.058,4,753,-8,0,99,fwd_back
300.098,4,753,-8,0,99,fwd_back
300.172,0,750,-16,0,99,fwd_back
300.244,-1,747,-16,0,99,fwd_back
300.284,-1,747,-16,0,99,fwd_back
300.358,-6,743,-16,0,98,fwd_back
300.430,-9,738,-16,0,98,fwd_back
300.470,-11,730,-32,0,96,fwd_back
300.543,-11,730,-32,0,96,fwd_back
300.616,-16,711,-24,0,94,fwd_back
300.656,-16,693,-24,0,92,fwd_back
300.730,-16,693,-24,0,92,fwd_back
300.803,-16,682,-24,0,89,fwd_back
300.842,-19,657,-16,0,89,fwd_back
300.915,-21,636,-16,0,88,fwd_back
300.989,-21,636,-16,0,90,fwd_back
301.027,-19,623,-8,0,90,fwd_back
301.101,-20,616,-8,0,90,fwd_back
301.172,-20,616,-8,0,90,fwd_back
301.212,-21,608,-8,0,89,fwd_back
301.285,-23,602,-8,0,87,fwd_back
301.357,-23,602,-8,0,87,fwd_back
301.396,-27,595,0,0,85,fwd_back
301.469,-32,589,0,0,83,fwd_back
301.541,-32,589,0,0,83,fwd_back
301.580,-35,583,0,0,84,fwd_back
301.653,-37,573,0,0,84,fwd_back
301.725,-37,573,0,0,84,fwd_back
301.764,-37,565,0,0,82,fwd_back
301.841,-36,556,0,0,82,fwd_back
301.913,-36,556,0,0,81,fwd_back
301.953,-33,536,0,0,80,fwd_back
302.026,-31,530,0,0,80,fwd_back
302.098,-31,521,0,0,78,fwd_back
302.138,-31,521,0,0,78,fwd_back
302.211,-30,515,0,0,76,fwd_back
302.284,-31,506,0,0,76,fwd_back
302.324,-31,506,0,0,74,fwd_back
302.398,-32,498,0,0,73,fwd_back
302.469,-33,493,8,0,73,fwd_back
302.510,-29,492,8,0,73,fwd_back
302.582,-29,492,8,0,73,fwd_back
302.654,-14,490,8,0,73,fwd_back
302.694,5,490,8,0,73,fwd_back
302.767,5,490,8,0,72,fwd_back
302.839,19,491,32,0,72,fwd_back
302.878,28,498,16,0,66,fwd_back
302.950,28,498,16,0,66,fwd_back
303.023,32,505,16,0,61,fwd_back
303.062,29,512,24,0,57,fwd_back
303.134,28,519,16,0,57,fwd_back
303.206,28,519,16,0,53,fwd_back
303.246,32,529,16,0,53,fwd_back
303.318,35,543,24,0,50,fwd_back
303.391,35,543,24,0,49,fwd_back
303.431,38,555,16,0,49,fwd_back
303.504,41,566,16,0,48,fwd_back
303.575,41,566,16,0,48,fwd_back
303.615,42,574,16,0,46,fwd_back
303.689,46,585,24,0,44,fwd_back
303.759,46,585,24,0,44,fwd_back
303.799,48,595,24,0,43,fwd_back
303.877,48,604,16,0,44,fwd_back
303.948,48,604,16,0,44,fwd_back
303.988,50,613,16,0,43,fwd_back
304.061,52,623,16,0,43,fwd_back
304.132,52,623,16,0,43,fwd_back
304.172,62,636,16,0,43,fwd_back
304.244,76,651,8,0,43,fwd_back
304.316,76,651,8,17,44,fwd_back
304.356,89,667,16,0,44,fwd_back
304.428,96,678,8,0,44,fwd_back
304.501,98,689,8,0,45,fwd_back
304.541,98,689,8,0,45,fwd_back
304.614,89,699,8,0,45,fwd_back
304.687,76,709,0,0,45,fwd_back
304.727,76,709,0,0,45,fwd_back
304.800,38,732,0,0,46,fwd_back
304.873,14,756,0,0,46,fwd_back
304.914,10,778,0,0,47,fwd_back
304.985,10,778,0,0,46,fwd_back
305.058,21,800,0,0,46,fwd_back
305.098,29,811,-8,0,44,fwd_back
305.169,29,811,-8,0,44,fwd_back
305.242,39,821,-8,0,44,fwd_back
305.281,36,825,-8,0,44,fwd_back
305.353,36,825,-8,0,44,fwd_back
305.425,34,827,0,0,44,fwd_back
305.466,31,827,-16,18,44,fwd_back
305.538,32,827,-16,18,44,fwd_back
305.609,32,827,-16,0,43,fwd_back
305.649,37,830,-16,0,43,fwd_back
305.721,39,832,-24,0,43,fwd_back
305.795,39,832,-24,0,43,fwd_back
305.834,38,830,-24,0,43,fwd_back
305.912,40,829,-32,0,42,fwd_back
305.983,40,829,-32,0,42,fwd_back
306.024,42,826,-24,0,41,fwd_back
306.096,48,822,-24,0,41,fwd_back
306.168,48,822,-24,0,41,fwd_back
306.209,51,818,-24,0,40,fwd_back
306.280,48,812,-24,0,40,fwd_back
306.352,48,812,-24,0,40,fwd_back
306.391,45,806,-24,0,40,fwd_back
306.463,43,802,-24,0,40,fwd_back
306.535,43,802,-24,0,40,fwd_back
306.575,38,800,-16,0,41,fwd_back
306.647,35,795,-8,0,41,fwd_back
306.720,35,795,-8,0,41,fwd_back
306.759,37,789,-8,0,40,fwd_back
306.831,47,784,-8,0,40,fwd_back
306.904,54,780,-16,0,41,fwd_back
306.944,54,780,-16,0,41,fwd_back
307.017,56,778,-8,0,42,fwd_back
307.090,53,776,-8,0,42,fwd_back
307.130,53,776,-8,0,42,fwd_back
307.202,41,770,-8,0,41,fwd_back
307.275,29,765,-8,0,41,fwd_back
307.315,20,754,-8,0,42,fwd_back
307.388,20,754,-8,0,42,fwd_back
307.459,15,740,-8,0,42,fwd_back
307.499,7,701,-8,0,42,fwd_back
307.571,7,701,-8,0,42,fwd_back
307.643,3,668,0,0,42,fwd_back
307.683,0,640,0,0,43,fwd_back
307.755,0,640,0,0,44,fwd_back
307.827,4,624,0,0,44,fwd_back
307.868,2,620,0,0,44,fwd_back
307.945,-1,613,0,0,44,fwd_back
308.016,-1,613,0,0,45,fwd_back
308.056,-4,605,0,0,47,fwd_back
308.128,-6,596,0,0,47,fwd_back
308.201,-6,596,0,0,48,fwd_back
308.240,-7,588,8,0,48,fwd_back
308.312,-9,580,16,0,47,fwd_back
308.385,-9,580,16,0,48,fwd_back
308.425,-8,573,16,0,48,fwd_back
308.501,6,570,16,0,46,fwd_back
308.569,6,570,16,0,46,fwd_back
308.609,72,559,16,0,46,fwd_back
308.682,200,549,16,0,45,fwd_back
308.754,200,549,16,0,45,fwd_back
308.793,303,526,24,0,44,fwd_back
308.866,381,511,24,0,43,fwd_back
308.938,381,511,24,0,43,fwd_back
308.977,311,534,32,22,43,fwd_back
309.049,278,554,24,22,43,fwd_back
309.122,278,554,24,0,43,fwd_back
309.161,227,570,24,0,42,fwd_back
309.235,137,607,16,0,42,fwd_back
309.306,113,672,24,0,42,fwd_back
309.345,113,672,24,0,42,fwd_back
309.419,95,718,8,0,43,fwd_back
309.492,85,753,16,0,43,fwd_back
309.532,85,753,16,0,43,fwd_back
309.605,70,777,16,0,44,fwd_back
309.678,79,790,16,0,44,fwd_back
309.718,79,792,8,0,42,fwd_back
309.790,79,792,8,0,42,fwd_back
309.862,99,797,8,0,42,fwd_back
309.903,106,793,8,0,44,fwd_back
309.984,106,793,8,19,45,fwd_back
310.052,93,796,8,19,45,fwd_back
310.091,76,798,8,0,44,fwd_back
310.164,76,801,8,22,46,fwd_back
310.236,76,801,8,22,46,fwd_back
310.275,65,810,8,18,47,fwd_back
310.347,69,820,0,18,47,fwd_back
310.419,69,820,0,0,47,fwd_back
310.460,64,830,0,0,46,fwd_back
310.531,49,837,0,0,46,fwd_back
310.604,49,837,0,0,45,fwd_back
310.644,39,849,0,0,45,fwd_back
310.716,36,863,-8,0,45,fwd_back
310.789,36,863,-8,21,46,fwd_back
310.830,47,879,-8,21,46,fwd_back
310.902,59,893,-16,0,46,fwd_back
310.973,59,893,-16,0,46,fwd_back
311.013,58,898,-24,0,46,fwd_back
311.086,47,893,-24,0,47,fwd_back
311.158,47,893,-24,0,47,fwd_back
311.197,31,886,-32,0,49,fwd_back
311.270,26,884,-16,0,49,fwd_back
311.341,26,884,-16,0,49,fwd_back
311.381,17,881,-24,23,49,fwd_back
311.453,10,878,-16,0,49,fwd_back
311.526,10,878,-16,0,49,fwd_back
311.567,14,875,-24,0,49,fwd_back
311.638,18,871,-24,0,49,fwd_back
311.710,24,870,-24,0,49,fwd_back
311.749,24,870,-24,0,49,fwd_back
311.823,27,868,-24,0,48,fwd_back
311.896,26,865,-24,0,47,fwd_back
311.936,26,865,-24,0,47,fwd_back
312.014,23,858,-24,0,47,fwd_back
312.087,18,850,-16,0,47,fwd_back
312.127,16,841,-16,0,47,fwd_back
312.199,16,841,-16,0,47,fwd_back
312.271,22,834,-8,0,47,fwd_back
312.313,25,826,-8,0,47,fwd_back
312.383,25,826,-8,0,47,fwd_back
312.455,24,822,-8,0,47,fwd_back
312.496,22,814,-16,0,48,fwd_back
312.568,14,804,-16,0,48,fwd_back
312.639,14,804,-16,0,48,fwd_back
312.679,8,797,-16,0,47,fwd_back
312.752,6,788,-8,0,47,fwd_back
312.823,6,788,-8,0,47,fwd_back
312.863,2,781,-8,0,48,fwd_back
312.937,-1,767,-8,0,48,fwd_back
313.007,-1,767,-8,0,48,fwd_back
313.046,-2,754,0,0,48,fwd_back
313.119,3,745,0,0,49,fwd_back
313.191,3,745,0,0,50,fwd_back
313.231,11,740,0,0,50,fwd_back
313.304,17,733,0,0,50,fwd_back
313.375,17,733,0,0,50,fwd_back
313.415,19,705,0,0,50,fwd_back
313.488,16,693,0,0,49,fwd_back
313.560,16,693,0,0,49,fwd_back
313.599,6,655,0,0,48,fwd_back
313.672,15,634,0,0,48,fwd_back
313.743,15,634,0,0,48,fwd_back
313.783,14,627,8,0,47,fwd_back
313.855,19,632,16,0,45,fwd_back
313.927,19,632,16,0,45,fwd_back
313.967,26,633,24,0,43,fwd_back
314.045,38,634,16,0,43,fwd_back
314.117,57,629,16,0,43,fwd_back
314.157,57,629,16,0,41,fwd_back
314.230,75,626,24,0,41,fwd_back
314.303,80,625,24,0,40,fwd_back
314.342,80,625,24,0,40,fwd_back
314.416,82,624,24,22,40,fwd_back
314.490,94,624,16,0,40,fwd_back
314.529,105,626,24,0,40,fwd_back
314.601,105,626,24,0,40,fwd_back
314.675,106,629,16,0,40,fwd_back
314.714,98,632,16,0,40,fwd_back
314.785,98,632,16,0,40,fwd_back
314.857,88,637,16,0,40,fwd_back
314.897,82,644,16,0,41,fwd_back
314.970,77,652,8,0,42,fwd_back
315.041,77,652,8,0,42,fwd_back
315.081,77,661,16,0,43,fwd_back
315.154,78,671,8,0,43,fwd_back
315.225,78,671,8,0,43,fwd_back
315.265,77,684,8,0,43,fwd_back
315.337,81,697,8,0,43,fwd_back
315.409,81,697,8,0,42,fwd_back
315.449,83,737,8,0,42,fwd_back
315.521,84,760,0,0,41,fwd_back
315.593,84,760,0,0,42,fwd_back
315.634,93,778,0,0,42,fwd_back
315.706,111,782,0,0,43,fwd_back
315.778,111,782,0,0,43,fwd_back
315.818,165,789,0,0,44,fwd_back
315.890,192,801,0,0,44,fwd_back
315.962,192,801,0,0,44,fwd_back
316.002,189,814,0,0,44,fwd_back
316.080,189,818,-8,0,44,fwd_back
316.151,189,818,-8,0,44,fwd_back
316.191,181,823,-8,0,44,fwd_back
316.263,171,823,-8,0,46,fwd_back
316.336,159,821,-8,0,46,fwd_back
316.376,159,821,-8,0,48,fwd_back
316.449,149,818,-16,0,48,fwd_back
316.522,138,816,-8,0,47,fwd_back
316.562,138,816,-8,0,46,fwd_back
316.635,129,818,-16,0,46,fwd_back
316.708,117,818,-24,0,46,fwd_back
316.748,110,818,-24,0,46,fwd_back
316.821,110,818,-24,0,45,fwd_back
316.895,98,818,-16,21,44,fwd_back
316.934,92,816,-24,21,44,fwd_back
317.006,92,816,-24,0,43,fwd_back
317.079,87,812,-24,0,43,fwd_back
317.118,82,805,-24,0,42,fwd_back
317.190,82,805,-24,0,41,fwd_back
317.263,79,799,-24,0,41,fwd_back
317.301,77,793,-16,0,40,fwd_back
317.374,75,787,-16,0,40,fwd_back
317.448,75,787,-16,0,40,fwd_back
317.487,69,782,-16,0,39,fwd_back
317.559,66,778,-8,0,39,fwd_back
317.630,66,778,-8,0,39,fwd_back
317.670,63,776,-24,0,39,fwd_back
317.742,64,774,-8,0,39,fwd_back
317.814,64,774,-8,0,39,fwd_back
317.854,64,770,-16,0,39,fwd_back
317.926,69,767,-8,0,39,fwd_back
317.999,69,767,-8,0,39,head_only
318.039,71,762,-8,0,39,head_only
318.117,77,764,-8,0,39,head_only
318.190,77,764,-8,0,40,head_only
318.230,80,762,-8,0,40,head_only
318.303,76,753,-8,0,41,head_only
318.376,76,753,-8,0,41,head_only
318.416,72,741,0,0,42,head_only
318.490,68,730,0,0,43,head_only
318.562,70,721,0,0,43,head_only
318.602,70,721,0,0,44,head_only
318.677,68,713,8,0,45,head_only
318.748,66,708,16,0,45,head_only
318.788,66,708,16,0,44,head_only
318.861,62,704,24,0,42,head_only
318.934,58,697,32,0,42,head_only
318.974,56,689,16,0,41,head_only
319.047,56,689,16,0,41,head_only
319.120,64,688,16,0,39,head_only
319.161,71,689,24,0,39,head_only
319.233,71,689,24,0,39,head_only
319.306,68,689,24,0,38,head_only
319.346,63,690,24,0,38,head_only
319.419,56,691,24,0,38,head_only
319.493,56,691,24,23,38,head_only
319.532,49,693,24,23,38,head_only
319.605,45,695,16,0,38,head_only
319.678,45,695,16,0,38,head_only
319.718,41,698,8,0,39,head_only
319.792,37,698,8,0,41,head_only
319.864,37,698,8,0,41,head_only
319.904,33,692,8,0,43,head_only
319.978,26,684,0,25,45,head_only
320.050,26,684,0,25,45,head_only
320.090,18,675,0,0,46,head_only
320.170,13,666,0,0,47,head_only
320.242,13,666,0,0,47,head_only
320.282,7,661,0,0,47,head_only
320.355,3,658,0,16,46,head_only
320.428,3,658,0,16,46,head_only
320.468,1,655,0,0,48,head_only
320.541,2,655,0,0,48,head_only
320.614,8,663,0,0,49,head_only
320.654,8,663,0,0,49,head_only
320.727,13,674,0,0,49,head_only
320.802,29,704,0,0,50,head_only
320.843,29,704,0,0,50,head_only
320.913,44,731,0,0,51,head_only
320.987,57,749,0,0,53,head_only
321.026,70,760,0,0,53,head_only
321.100,70,760,0,0,55,head_only
321.179,80,757,0,0,55,head_only
321.219,79,753,0,0,58,head_only
321.293,79,753,0,0,60,head_only
321.358,74,750,0,0,60,head_only
321.398,66,749,0,0,61,head_only
321.476,60,749,0,0,63,head_only
321.543,60,749,0,0,63,head_only
321.584,52,750,0,0,64,head_only
321.658,45,755,-8,0,64,head_only
321.730,45,755,-8,0,64,head_only
321.770,42,761,0,0,65,head_only
321.843,40,767,0,0,65,head_only
321.917,40,767,0,0,66,head_only
321.956,40,772,0,0,66,head_only
322.029,39,774,0,0,66,head_only
322.102,39,774,0,0,67,head_only
322.142,38,774,0,0,67,head_only
322.220,37,774,0,0,67,head_only
322.293,37,774,0,0,67,head_only
322.332,39,776,0,0,67,head_only
322.406,43,780,0,0,66,head_only
322.479,46,785,0,0,66,head_only
322.519,46,785,0,0,66,head_only
322.592,52,791,0,0,66,head_only
322.667,55,796,0,0,66,head_only
322.705,55,796,0,0,66,head_only
322.778,56,796,0,0,67,head_only
322.851,54,794,0,0,67,head_only
322.891,50,791,0,0,67,head_only
322.964,50,791,0,0,68,head_only
323.039,45,787,0,0,68,head_only
323.077,41,786,0,0,68,head_only
323.150,41,786,0,0,68,head_only
323.223,38,788,0,0,69,head_only
323.264,39,793,-8,0,69,head_only
323.336,43,798,0,0,69,head_only
323.409,43,798,0,0,69,head_only
323.448,46,800,0,0,69,head_only
323.522,46,797,0,0,70,head_only
323.600,46,797,0,0,71,head_only
323.635,44,794,0,0,71,head_only
323.708,42,796,0,0,71,head_only
323.781,42,796,0,0,71,head_only
323.820,40,801,0,0,70,head_only
323.894,37,806,0,0,69,head_only
323.968,37,806,0,0,69,head_only
324.006,34,812,0,0,67,head_only
324.081,31,815,0,0,67,head_only
324.153,31,815,0,0,67,head_only
324.192,32,817,0,0,68,head_only
324.272,36,817,0,0,68,head_only
324.348,36,817,0,0,68,head_only
324.384,39,819,0,0,68,head_only
324.458,39,817,0,0,68,head_only
324.531,39,811,0,0,68,head_only
324.570,39,811,0,0,69,head_only
324.643,39,804,0,0,69,head_only
324.716,40,797,0,0,70,head_only
324.756,40,797,0,0,70,head_only
324.829,40,795,0,0,70,head_only
324.902,44,799,0,0,69,head_only
324.942,46,803,0,0,69,head_only
325.015,46,803,0,0,71,head_only
325.088,50,802,8,0,71,head_only
325.128,49,799,8,0,71,head_only
325.202,49,799,8,0,70,head_only
325.274,52,797,0,0,70,head_only
325.313,54,794,0,0,69,head_only
325.387,54,789,0,0,70,head_only
325.460,54,789,0,0,70,head_only
325.499,52,788,0,0,69,head_only
325.573,56,788,0,0,71,head_only
325.647,56,788,0,0,71,head_only
325.686,61,787,0,0,72,head_only
325.759,64,787,0,0,73,head_only
325.832,64,787,0,0,73,head_only
325.871,62,787,0,0,74,head_only
325.945,60,788,0,0,74,head_only
326.018,60,788,0,0,76,head_only
326.058,53,791,0,0,77,head_only
326.131,46,793,0,0,77,head_only
326.204,46,793,0,0,79,head_only
326.244,43,797,0,0,79,head_only
326.321,41,798,0,0,80,head_only
326.394,41,799,0,22,81,head_only
326.434,41,799,0,22,81,head_only
326.507,43,798,-8,0,80,head_only
326.580,48,797,-8,0,80,head_only
326.619,48,797,-8,0,80,head_only
326.692,51,795,-8,0,81,head_only
326.765,53,793,-8,0,81,head_only
326.805,51,789,-8,0,82,head_only
326.877,51,789,-8,0,82,head_only
326.949,47,785,0,0,82,head_only
326.989,46,782,0,0,83,head_only
327.062,46,782,0,0,84,head_only
327.133,44,779,0,0,84,head_only
327.172,45,779,8,0,86,head_only
327.245,45,779,8,0,86,head_only
327.317,42,779,0,0,86,head_only
327.357,36,778,8,0,88,head_only
327.429,27,777,0,0,88,head_only
327.502,27,777,0,24,89,head_only
327.541,20,774,0,24,89,head_only
327.614,14,772,0,0,87,head_only
327.686,14,772,0,0,88,head_only
327.727,14,773,0,0,88,head_only
327.799,12,772,0,0,87,head_only
327.871,12,772,0,0,87,head_only
327.911,8,767,0,0,87,head_only
327.983,5,761,0,0,86,head_only
328.055,5,761,0,0,86,head_only
328.095,13,754,0,0,86,head_only
328.168,19,747,0,0,84,head_only
328.239,19,747,0,0,84,head_only
328.278,11,741,0,0,82,head_only
328.357,6,736,0,0,83,head_only
328.429,6,736,0,0,83,head_only
328.468,-2,735,0,24,84,head_only
328.540,-7,738,-8,24,84,head_only
328.612,-7,738,-8,0,84,head_only
328.652,-14,738,-8,0,85,head_only
328.724,-17,738,-8,0,85,head_only
328.797,-21,739,0,0,85,head_only
328.837,-21,739,0,0,85,head_only
328.910,-25,745,0,0,85,head_only
328.982,-27,749,0,0,85,head_only
329.022,-27,749,0,0,84,head_only
329.097,-23,752,0,16,85,head_only
329.167,-19,750,0,16,85,head_only
329.208,-15,752,0,0,86,head_only
329.280,-15,752,0,0,87,head_only
329.352,-15,752,8,0,87,head_only
329.392,-12,751,8,0,86,head_only
329.464,-12,751,8,0,87,head_only
329.536,-13,751,-8,0,87,head_only
329.577,-12,753,0,0,87,head_only
329.652,-12,753,0,0,87,head_only
329.720,-7,758,0,0,87,head_only
329.761,-3,761,0,0,86,head_only
329.832,5,763,0,0,86,head_only
329.904,5,763,0,0,84,head_only
329.944,11,764,0,0,84,head_only
330.017,21,763,0,0,81,head_only
330.090,21,763,0,0,79,head_only
330.129,36,764,0,0,79,head_only
330.201,76,765,0,0,78,head_only
330.273,76,765,0,0,78,head_only
330.312,99,765,0,0,78,head_only
330.391,123,770,0,0,79,head_only
330.462,123,770,0,0,79,head_only
330.502,137,776,-8,0,80,head_only
330.574,143,777,0,0,79,head_only
330.646,143,777,0,0,79,head_only
330.686,147,777,0,0,77,head_only
330.759,150,775,0,0,76,head_only
330.832,150,775,0,0,76,head_only
330.870,155,776,0,0,77,head_only
330.942,159,778,0,0,77,head_only
331.014,159,778,0,0,76,head_only
331.054,163,781,0,21,77,head_only
331.126,166,786,0,21,77,head_only
331.199,165,788,0,0,78,head_only
331.238,165,788,0,0,78,head_only
331.316,156,785,8,0,81,head_only
331.385,149,782,-8,0,81,head_only
331.424,149,782,-8,0,81,head_only
331.498,146,781,-8,0,78,head_only
331.570,141,779,0,0,78,head_only
331.611,135,779,0,0,79,head_only
331.683,135,779,0,0,78,head_only
331.755,131,779,0,0,78,head_only
331.795,127,781,0,0,79,head_only
331.867,127,781,0,0,78,head_only
331.940,123,782,0,0,78,head_only
331.984,120,786,0,0,79,head_only
332.051,120,786,0,0,79,head_only
332.123,114,789,0,0,79,head_only
332.163,107,791,0,0,79,head_only
332.235,95,792,0,0,79,head_only
332.308,95,792,0,0,80,head_only
332.346,79,795,0,0,80,head_only
332.424,32,804,-8,0,79,head_only
332.496,32,804,-8,0,77,head_only
332.537,-2,809,0,0,77,head_only
332.609,-34,813,0,0,77,head_only
332.682,-34,813,0,0,77,head_only
332.720,-34,814,0,0,78,head_only
332.794,-27,816,8,0,81,head_only
332.866,-27,816,8,0,81,head_only
332.906,-10,817,0,0,82,head_only
332.978,15,815,0,0,81,head_only
333.049,15,815,0,0,81,head_only
333.089,90,808,8,0,78,head_only
333.162,104,804,0,0,76,head_only
333.233,104,804,0,0,76,head_only
333.275,105,805,8,0,75,head_only
333.345,104,801,8,0,75,head_only
333.418,104,801,8,0,75,head_only
333.457,101,798,0,0,75,head_only
333.529,100,794,0,0,75,head_only
333.602,106,794,0,0,74,head_only
333.642,106,794,0,0,74,head_only
333.714,113,790,0,0,74,head_only
333.788,116,781,0,0,76,head_only
333.827,116,781,0,0,76,head_only
333.901,114,774,0,0,78,head_only
333.973,109,767,0,0,78,head_only
334.014,98,762,8,0,79,head_only
334.089,98,762,8,0,80,head_only
334.158,87,761,-8,0,80,head_only
334.198,82,761,-8,0,80,head_only
334.270,82,761,-8,0,79,head_only
334.342,83,760,-16,0,79,head_only
334.387,82,756,-8,0,80,head_only
334.459,78,754,0,0,81,head_only
334.532,78,754,0,0,81,head_only
334.570,71,753,8,0,81,head_only
334.643,64,748,8,0,81,head_only
334.715,64,748,8,0,82,head_only
334.755,62,744,8,0,83,head_only
334.827,54,740,0,0,83,head_only
334.900,54,740,0,0,83,head_only
334.939,48,736,8,0,83,head_only
335.012,42,734,8,0,85,head_only
335.085,42,734,8,0,85,head_only
335.124,38,737,0,0,85,head_only
335.197,35,739,0,0,84,head_only
335.269,35,739,0,0,84,head_only
335.308,35,741,-8,0,82,head_only
335.381,35,742,0,0,81,head_only
335.453,35,742,0,0,81,head_only
335.492,37,746,0,0,82,head_only
335.565,36,751,0,0,81,head_only
335.637,36,751,0,0,81,head_only
335.677,37,755,0,0,80,head_only
335.749,34,758,0,0,80,head_only
335.821,34,758,0,0,81,head_only
335.861,26,754,0,0,82,head_only
335.932,19,751,-8,0,82,head_only
336.006,12,748,-8,0,83,head_only
336.046,12,748,-8,0,83,head_only
336.118,2,746,-8,0,83,head_only
336.191,-9,742,-8,0,86,head_only
336.231,-9,742,-8,0,86,head_only
336.304,-20,741,0,0,89,head_only
336.377,-46,739,0,0,89,head_only
336.418,-48,738,0,0,89,head_only
336.495,-48,738,0,0,90,head_only
336.567,-44,745,-8,0,90,head_only
336.607,-42,754,0,0,90,head_only
336.679,-42,754,0,0,88,head_only
336.751,-39,757,16,0,88,head_only
336.790,-38,759,0,0,85,head_only
336.864,-34,759,8,0,83,head_only
336.935,-34,759,8,0,83,head_only
336.974,-27,760,0,0,84,head_only
337.046,-18,761,8,0,84,head_only
337.120,-18,761,8,16,88,head_only
337.159,-10,763,0,0,92,head_only
337.231,0,762,8,0,92,head_only
337.303,0,762,8,21,91,head_only
337.342,13,763,0,21,91,head_only
337.415,24,763,0,0,90,head_only
337.487,24,763,0,0,90,head_only
337.527,25,757,0,0,90,head_only
337.600,24,753,0,0,89,head_only
337.672,24,753,0,0,89,head_only
337.712,20,746,0,0,88,head_only
337.787,10,738,-8,27,89,head_only
337.856,10,738,-8,27,89,head_only
337.896,0,732,0,0,90,head_only
337.968,1,730,-16,0,89,head_only
338.040,1,730,-16,0,89,head_only
338.079,2,734,0,0,89,head_only
338.153,4,737,0,0,88,head_only
338.224,4,737,0,0,88,head_only
338.264,10,741,8,0,87,head_only
338.335,21,743,0,0,87,head_only
338.408,29,745,0,0,85,head_only
338.449,29,745,0,0,85,head_only
338.527,32,747,8,0,82,head_only
338.600,29,746,8,0,83,head_only
338.640,23,745,8,0,83,head_only
338.711,23,745,8,0,83,head_only
338.784,22,746,-8,0,82,head_only
338.825,24,748,0,0,82,head_only
338.897,24,748,0,0,83,head_only
338.970,25,749,0,0,83,head_only
339.009,31,751,0,0,83,head_only
339.081,31,751,0,0,82,head_only
339.153,52,746,0,0,82,head_only
339.193,110,730,0,0,81,head_only
339.265,112,715,0,0,80,head_only
339.337,112,715,0,0,80,head_only
339.376,105,712,0,0,79,head_only
339.449,95,713,0,0,79,head_only
339.521,95,713,0,0,78,head_only
339.561,81,715,0,0,79,head_only
339.633,73,717,0,0,79,head_only
339.705,73,717,0,0,80,head_only
339.745,68,716,-8,0,80,head_only
339.817,61,715,-8,0,81,head_only
339.889,61,715,-8,0,81,head_only
339.928,60,715,-8,0,81,head_only
340.001,72,715,-8,0,81,head_only
340.073,72,715,-8,0,81,head_only
340.112,102,716,0,0,81,head_only
340.186,131,722,0,0,80,head_only
340.257,131,722,0,0,80,head_only
340.296,150,726,-8,0,78,head_only
340.369,158,730,0,0,78,head_only
340.441,158,730,0,0,78,head_only
340.481,149,728,0,0,76,head_only
340.559,146,727,0,0,74,head_only
340.630,139,726,0,0,74,head_only
340.670,139,726,0,0,75,head_only
340.744,134,726,0,0,75,head_only
340.816,125,724,0,0,76,head_only
340.857,125,724,0,0,77,head_only
340.930,115,720,8,0,77,head_only
341.003,110,717,8,21,79,head_only
341.043,104,716,8,21,79,head_only
341.114,104,716,8,0,77,head_only
341.188,102,717,8,22,75,head_only
341.228,106,719,0,22,75,head_only
341.304,106,719,0,0,76,head_only
341.372,110,720,0,0,76,head_only
341.412,106,719,0,0,78,head_only
341.484,106,719,0,0,80,head_only
341.556,97,717,0,0,80,head_only
341.595,90,715,0,0,83,head_only
341.668,87,710,0,0,86,head_only
341.740,87,710,0,0,86,head_only
341.779,87,706,0,0,85,head_only
341.852,86,703,-8,0,82,head_only
341.924,86,703,-8,0,82,head_only
341.964,88,702,-8,0,83,head_only
342.036,89,703,-8,0,83,head_only
342.107,89,703,-8,0,84,head_only
342.147,92,705,0,0,84,head_only
342.220,93,704,0,0,82,head_only
342.292,93,704,0,0,83,head_only
342.333,89,705,0,0,83,head_only
342.405,86,706,0,0,84,head_only
342.477,86,706,0,0,84,head_only
342.517,77,707,0,0,84,head_only
342.594,64,711,8,0,84,head_only
342.666,64,711,8,0,84,head_only
342.705,49,716,0,0,85,head_only
342.778,27,716,0,0,87,head_only
342.850,27,716,0,0,87,head_only
342.889,-37,708,0,0,89,head_only
342.962,-93,699,8,0,88,head_only
343.034,-108,702,0,0,88,head_only
343.075,-108,702,0,0,88,head_only
343.148,-106,707,0,0,88,head_only
343.220,-100,709,0,0,88,natural_typing
343.261,-100,709,0,0,89,natural_typing
343.334,-94,710,0,0,89,natural_typing
343.407,-91,708,0,0,89,natural_typing
343.447,-86,709,0,0,89,natural_typing
343.520,-86,709,0,0,90,natural_typing
343.594,-83,708,0,0,89,natural_typing
343.633,-81,710,0,0,89,natural_typing
343.706,-81,710,0,0,88,natural_typing
343.779,-82,711,0,0,88,natural_typing
343.820,-89,711,0,0,88,natural_typing
343.892,-96,710,0,0,88,natural_typing
343.965,-96,710,0,0,88,natural_typing
344.004,-112,709,-8,0,87,natural_typing
344.079,-127,709,0,0,85,natural_typing
344.150,-127,709,0,0,85,natural_typing
344.190,-145,708,0,0,86,natural_typing
344.265,-145,708,0,0,85,natural_typing
344.338,-145,708,0,0,85,natural_typing
344.376,-140,709,0,0,85,natural_typing
344.450,-133,710,0,0,85,natural_typing
344.523,-133,710,0,0,86,natural_typing
344.563,-124,710,0,0,87,natural_typing
344.641,-119,710,0,0,87,natural_typing
344.714,-119,710,0,0,87,natural_typing
344.754,-119,712,0,0,88,natural_typing
344.827,-128,719,0,0,88,natural_typing
344.900,-128,719,0,0,90,natural_typing
344.940,-139,727,0,0,90,natural_typing
345.014,-150,732,0,0,90,natural_typing
345.086,-149,723,0,0,92,natural_typing
345.126,-149,723,0,0,92,natural_typing
345.200,-144,714,0,0,94,natural_typing
345.273,-135,715,0,0,94,natural_typing
345.313,-123,721,0,0,98,natural_typing
345.386,-123,721,0,0,98,natural_typing
345.458,-112,733,0,0,98,natural_typing
345.499,-104,743,0,0,99,natural_typing
345.572,-104,743,0,0,100,natural_typing
345.645,-92,754,0,0,100,natural_typing
345.685,-88,755,0,0,100,natural_typing
345.759,-80,754,0,0,100,natural_typing
345.831,-80,754,0,0,100,natural_typing
345.870,-74,752,0,0,100,natural_typing
345.944,-70,751,0,0,100,natural_typing
346.016,-70,751,0,0,100,natural_typing
346.057,-69,749,0,0,100,natural_typing
346.130,-68,746,0,0,100,natural_typing
346.203,-68,746,0,0,100,natural_typing
346.243,-68,743,0,0,100,natural_typing
346.316,-68,740,0,0,100,natural_typing
346.389,-68,740,0,0,100,natural_typing
346.428,-68,740,0,0,100,natural_typing
346.502,-68,739,0,0,100,natural_typing
346.575,-68,739,0,0,100,natural_typing
346.614,-68,738,0,0,100,natural_typing
346.693,-67,736,0,0,100,natural_typing
346.765,-67,736,0,0,100,natural_typing
346.806,-66,734,0,0,100,natural_typing
346.879,-66,733,0,0,100,natural_typing
346.953,-66,733,0,0,100,natural_typing
346.991,-66,733,0,38,100,natural_typing
347.065,-65,733,0,0,100,natural_typing
347.138,-62,735,0,0,100,natural_typing
347.180,-62,735,0,0,100,natural_typing
347.251,-62,739,8,0,100,natural_typing
347.325,-63,740,0,0,100,natural_typing
347.364,-65,741,8,0,100,natural_typing
347.438,-65,741,8,0,100,natural_typing
347.514,-65,743,8,0,100,natural_typing
347.551,-59,746,0,0,100,natural_typing
347.624,-59,746,0,0,100,natural_typing
347.697,-43,752,0,0,100,natural_typing
347.737,-26,758,-8,0,100,natural_typing
347.810,-14,760,-8,0,100,natural_typing
347.883,-14,760,-8,0,100,natural_typing
347.922,-12,760,-8,0,100,natural_typing
347.996,-15,757,-8,0,100,natural_typing
348.069,-15,757,-8,0,100,natural_typing
348.109,-18,755,-8,0,100,natural_typing
348.184,-26,756,0,31,100,natural_typing
348.255,-26,756,0,31,100,natural_typing
348.295,-29,759,0,0,100,natural_typing
348.368,-20,755,0,0,100,natural_typing
348.441,-20,755,0,0,100,natural_typing
348.480,-9,753,0,0,100,natural_typing
348.554,-1,751,0,0,100,natural_typing
348.626,-1,751,0,0,100,natural_typing
348.667,0,750,0,0,100,natural_typing
348.744,-3,752,0,0,100,natural_typing
348.818,-6,755,0,0,100,natural_typing
348.857,-6,755,0,0,100,natural_typing
348.930,-4,753,0,0,100,natural_typing
349.004,-5,753,0,0,100,natural_typing
349.043,-5,753,0,0,100,natural_typing
349.117,-7,753,0,0,100,natural_typing
349.191,-7,752,0,0,100,natural_typing
349.232,-7,750,0,0,100,natural_typing
349.304,-7,750,0,0,100,natural_typing
349.377,-5,748,0,0,100,natural_typing
349.417,-1,746,0,0,100,natural_typing
349.491,-1,746,0,0,100,natural_typing
349.564,3,744,0,0,100,natural_typing
349.604,6,741,0,0,100,natural_typing
349.678,9,738,0,0,100,natural_typing
349.750,9,738,0,0,100,natural_typing
349.790,10,736,0,0,100,natural_typing
349.863,9,736,0,0,99,natural_typing
349.935,9,736,0,0,99,natural_typing
349.977,9,740,0,0,96,natural_typing
350.049,4,743,0,0,96,natural_typing
350.121,4,743,0,0,93,natural_typing
350.163,-7,739,0,0,90,natural_typing
350.235,-19,733,0,0,90,natural_typing
350.308,-19,733,0,0,88,natural_typing
350.347,-6,715,8,0,88,natural_typing
350.421,-1,709,0,0,85,natural_typing
350.494,-1,709,0,0,83,natural_typing
350.533,-1,706,0,0,83,natural_typing
350.607,-6,707,0,0,81,natural_typing
350.680,-6,707,0,0,81,natural_typing
350.719,-8,708,0,0,79,natural_typing
350.798,-10,708,0,0,78,natural_typing
350.871,-9,710,0,0,78,natural_typing
350.911,-9,710,0,0,76,natural_typing
350.985,-9,712,0,0,71,natural_typing
351.057,-10,710,0,0,71,natural_typing
351.097,-10,710,0,0,68,natural_typing
351.178,-11,708,0,0,66,natural_typing
351.245,-10,705,0,0,66,natural_typing
351.283,-10,703,0,0,64,natural_typing
351.358,-10,703,0,0,64,natural_typing
351.429,-7,701,0,0,64,natural_typing
351.468,-3,701,0,0,66,natural_typing
351.544,-3,701,0,0,66,natural_typing
351.612,1,699,0,0,64,natural_typing
351.652,5,697,0,0,65,natural_typing
351.724,5,690,0,0,65,natural_typing
351.796,5,690,0,0,65,natural_typing
351.835,2,686,0,0,65,natural_typing
351.908,-3,685,0,0,65,natural_typing
351.980,-3,685,0,0,65,natural_typing
352.019,-17,681,8,0,67,natural_typing
352.092,-29,679,0,0,64,natural_typing
352.164,-29,679,0,0,64,natural_typing
352.206,-30,678,0,0,64,natural_typing
352.276,-39,677,-8,0,62,natural_typing
352.348,-39,677,-8,0,62,natural_typing
352.387,-42,677,0,0,63,natural_typing
352.461,-40,675,0,0,64,natural_typing
352.532,-40,675,0,0,64,natural_typing
352.571,-38,672,0,0,63,natural_typing
352.645,-37,665,0,0,63,natural_typing
352.716,-37,665,0,0,63,natural_typing
352.756,-32,656,8,0,62,natural_typing
352.833,-32,650,0,0,62,natural_typing
352.905,-32,650,0,0,61,natural_typing
352.944,-33,651,0,0,61,natural_typing
353.018,-34,649,0,0,61,natural_typing
353.090,-41,647,0,0,61,natural_typing
353.129,-41,647,0,0,61,natural_typing
353.202,-51,645,0,0,60,natural_typing
353.274,-57,643,0,0,60,natural_typing
353.315,-57,643,0,0,58,natural_typing
353.387,-55,643,0,0,57,natural_typing
353.459,-48,645,0,0,57,natural_typing
353.499,-48,645,0,0,55,natural_typing
353.571,-39,647,0,0,54,natural_typing
353.644,-32,651,8,0,54,natural_typing
353.684,-27,659,0,0,54,natural_typing
353.756,-27,659,0,0,53,natural_typing
353.827,-22,669,0,0,53,natural_typing
353.868,-22,674,-8,0,54,natural_typing
353.940,-22,674,-8,0,54,natural_typing
354.012,-20,676,8,0,54,natural_typing
354.052,-25,680,0,0,54,natural_typing
354.124,-28,683,0,0,54,natural_typing
354.196,-28,683,0,0,54,natural_typing
354.236,-39,682,0,0,54,natural_typing
354.309,-44,682,0,0,54,natural_typing
354.380,-44,682,0,0,54,natural_typing
354.420,-38,681,0,0,54,natural_typing
354.494,-31,679,0,0,55,natural_typing
354.565,-31,679,0,0,55,natural_typing
354.605,-27,681,0,0,56,natural_typing
354.677,-18,684,0,0,57,natural_typing
354.749,-18,684,0,0,57,natural_typing
354.788,-13,684,0,0,57,natural_typing
354.866,-2,684,0,0,60,natural_typing
354.938,-2,684,0,0,60,natural_typing
354.977,6,686,-8,0,61,natural_typing
355.049,13,696,0,0,61,natural_typing
355.121,13,696,0,0,63,natural_typing
355.162,14,703,0,0,65,natural_typing
355.233,12,700,0,0,65,natural_typing
355.306,12,700,0,0,65,natural_typing
355.345,13,697,0,0,65,natural_typing
355.418,9,694,-8,0,64,natural_typing
355.490,0,692,-8,0,62,natural_typing
355.530,0,692,-8,0,62,natural_typing
355.603,-10,690,-8,0,59,natural_typing
355.676,-4,686,0,0,59,natural_typing
355.716,-4,686,0,0,57,natural_typing
355.789,5,677,0,0,55,natural_typing
355.861,15,670,0,0,55,natural_typing
355.901,15,670,0,0,53,natural_typing
355.974,26,669,0,0,51,natural_typing
356.046,41,673,0,0,51,natural_typing
356.085,56,678,0,0,49,natural_typing
356.158,56,678,0,0,48,natural_typing
356.230,82,699,0,0,48,natural_typing
356.271,102,726,0,0,47,natural_typing
356.341,102,726,0,0,47,natural_typing
356.413,109,735,0,0,48,natural_typing
356.454,114,749,0,0,46,natural_typing
356.525,120,760,0,0,46,natural_typing
356.598,120,760,0,0,46,natural_typing
356.638,117,770,8,0,46,natural_typing
356.713,120,778,8,0,46,natural_typing
356.783,120,778,8,0,47,natural_typing
356.826,120,782,0,0,47,natural_typing
356.901,116,784,8,0,47,natural_typing
356.973,116,784,8,0,47,natural_typing
357.012,116,783,0,0,48,natural_typing
357.085,110,778,8,0,50,natural_typing
357.157,110,778,8,0,50,natural_typing
357.196,104,772,0,0,52,natural_typing
357.269,97,767,0,23,54,natural_typing
357.341,97,767,0,23,54,natural_typing
357.380,86,764,8,0,55,natural_typing
357.453,76,760,-8,0,56,natural_typing
357.524,76,760,-8,0,56,natural_typing
357.564,66,757,-8,0,56,natural_typing
357.637,69,756,0,0,56,natural_typing
357.709,69,756,0,0,56,natural_typing
357.748,76,756,0,0,56,natural_typing
357.820,89,759,0,0,57,natural_typing
357.893,108,767,0,0,58,natural_typing
357.933,108,767,0,0,58,natural_typing
358.011,172,794,0,0,59,natural_typing
358.079,243,810,0,0,59,natural_typing
358.119,243,810,0,0,59,natural_typing
358.194,336,801,0,0,59,natural_typing
358.265,509,766,0,0,59,natural_typing
358.305,517,762,0,0,61,natural_typing
358.377,517,762,0,0,63,natural_typing
358.450,512,745,0,0,63,natural_typing
358.490,487,723,0,0,63,natural_typing
358.562,487,723,0,0,61,natural_typing
358.634,423,705,0,0,61,natural_typing
358.674,363,712,0,0,61,natural_typing
358.745,363,712,0,0,61,natural_typing
358.817,261,707,0,0,62,natural_typing
358.858,140,712,0,0,61,natural_typing
358.935,40,720,0,0,61,natural_typing
359.007,40,720,0,0,59,natural_typing
359.046,-13,732,0,0,59,natural_typing
359.121,-74,750,0,0,59,natural_typing
359.191,-74,750,0,0,58,natural_typing
359.231,-117,766,0,0,58,natural_typing
359.304,-96,766,8,0,57,natural_typing
359.375,-96,766,8,0,57,natural_typing
359.415,-79,756,8,0,57,natural_typing
359.489,-77,753,8,0,57,natural_typing
359.560,-77,753,8,0,57,natural_typing
359.600,-72,749,0,0,58,natural_typing
359.672,-69,741,0,0,59,natural_typing
359.744,-69,741,0,0,59,natural_typing
359.784,-70,735,0,0,58,natural_typing
359.856,-68,732,-8,0,59,natural_typing
359.928,-68,732,-8,0,59,natural_typing
359.967,-66,733,0,0,60,natural_typing
360.040,-68,735,0,0,60,natural_typing
360.111,-68,735,0,0,61,natural_typing
360.152,-72,739,0,0,61,natural_typing
360.223,-75,743,0,0,61,natural_typing
360.297,-79,744,0,0,61,natural_typing
360.336,-79,744,0,0,61,natural_typing
360.410,-81,744,0,0,62,natural_typing
360.483,-83,743,0,0,62,natural_typing
360.523,-83,743,0,0,63,natural_typing
360.594,-82,742,0,0,64,natural_typing
360.667,-82,738,0,0,64,natural_typing
360.707,-79,738,0,0,62,natural_typing
360.780,-79,738,0,0,62,natural_typing
360.852,-74,739,0,0,62,natural_typing
360.892,-72,737,0,0,62,natural_typing
360.969,-72,737,0,0,63,natural_typing
361.041,-72,734,0,0,63,natural_typing
361.081,-72,733,0,0,61,natural_typing
361.153,-72,729,0,0,60,natural_typing
361.225,-72,729,0,0,60,natural_typing
361.264,-68,725,0,0,60,natural_typing
361.337,-66,723,0,0,60,natural_typing
361.409,-66,723,0,0,61,natural_typing
361.448,-72,726,0,0,61,natural_typing
361.522,-79,726,0,0,62,natural_typing
361.593,-79,726,0,0,62,natural_typing
361.633,-92,727,0,0,62,natural_typing
361.706,-135,748,0,0,63,natural_typing
361.778,-135,748,0,0,63,natural_typing
361.817,-180,758,0,0,63,natural_typing
361.890,-290,744,0,0,62,natural_typing
361.962,-290,744,0,0,62,natural_typing
362.001,-374,727,0,0,64,natural_typing
362.074,-359,716,0,0,65,natural_typing
362.146,-359,716,0,0,65,natural_typing
362.185,-336,705,0,0,65,natural_typing
362.258,-303,691,0,0,63,natural_typing
362.330,-303,691,0,0,63,natural_typing
362.369,-285,679,0,0,61,natural_typing
362.442,-324,679,0,0,61,natural_typing
362.517,-324,679,0,0,61,natural_typing
362.554,-399,686,0,0,62,natural_typing
362.625,-386,691,8,0,62,natural_typing
362.698,-362,686,0,0,62,natural_typing
362.739,-362,686,0,0,62,natural_typing
362.811,-354,684,0,0,61,natural_typing
362.885,-347,682,0,0,60,natural_typing
362.924,-347,682,0,0,60,natural_typing
363.002,-343,683,-8,0,60,natural_typing
363.075,-340,685,-8,0,60,natural_typing
363.114,-334,686,-8,0,60,natural_typing
363.186,-334,686,-8,0,60,natural_typing
363.259,-318,689,0,0,60,natural_typing
363.298,-308,691,0,0,60,natural_typing
363.371,-308,691,0,0,60,natural_typing
363.443,-294,688,0,0,60,natural_typing
363.482,-283,685,0,0,59,natural_typing
363.555,-283,685,0,0,59,natural_typing
363.627,-281,686,0,0,59,natural_typing
363.666,-287,688,0,0,60,natural_typing
363.739,-293,691,0,0,60,natural_typing
363.811,-293,691,0,0,62,natural_typing
363.850,-284,693,0,0,61,natural_typing
363.923,-268,693,0,0,61,natural_typing
363.995,-268,693,0,0,61,natural_typing
364.035,-254,689,0,0,61,natural_typing
364.108,-234,687,0,0,63,natural_typing
364.180,-234,687,0,0,63,natural_typing
364.220,-215,688,0,0,64,natural_typing
364.292,-203,692,0,0,65,natural_typing
364.364,-203,692,0,0,65,natural_typing
364.403,-191,698,0,0,65,natural_typing
364.476,-184,704,0,25,67,natural_typing
364.548,-184,704,0,25,67,natural_typing
364.587,-184,705,0,0,68,natural_typing
364.660,-181,708,0,0,69,natural_typing
364.732,-181,708,0,0,69,natural_typing
364.771,-181,709,0,0,69,natural_typing
364.845,-186,707,0,0,69,natural_typing
364.916,-186,707,0,0,72,natural_typing
364.955,-193,705,0,0,73,natural_typing
365.033,-205,702,0,0,73,natural_typing
365.105,-215,701,0,0,72,natural_typing
365.145,-215,701,0,0,72,natural_typing
365.219,-223,700,0,0,71,natural_typing
365.291,-232,702,0,0,70,natural_typing
365.331,-232,702,0,0,70,natural_typing
365.405,-240,701,0,0,70,natural_typing
365.477,-249,699,0,0,70,natural_typing
365.516,-253,700,0,0,70,natural_typing
365.588,-253,700,0,0,70,natural_typing
365.661,-257,698,0,0,70,natural_typing
365.700,-257,696,0,0,69,natural_typing
365.773,-257,696,0,0,67,natural_typing
365.845,-260,698,0,0,67,natural_typing
365.884,-266,696,0,0,67,natural_typing
365.957,-266,696,0,0,66,natural_typing
366.031,-274,694,0,0,66,natural_typing
366.069,-281,691,0,0,65,natural_typing
366.140,-282,690,0,0,65,natural_typing
366.213,-282,690,0,0,64,natural_typing
366.252,-281,689,0,0,66,natural_typing
366.324,-275,687,0,0,66,natural_typing
366.397,-275,687,0,0,68,natural_typing
366.437,-268,687,0,0,68,natural_typing
366.509,-260,688,-8,0,67,natural_typing
366.582,-260,688,-8,0,67,natural_typing
366.621,-246,690,-8,0,67,natural_typing
366.694,-209,695,-8,0,70,natural_typing
366.766,-209,695,-8,0,70,natural_typing
366.806,-178,701,-8,0,70,natural_typing
366.878,-137,708,0,0,72,natural_typing
366.949,-137,708,0,0,72,natural_typing
366.989,-102,714,0,0,73,natural_typing
367.067,-84,713,0,0,74,natural_typing
367.139,-84,713,0,0,74,natural_typing
367.178,-82,704,0,0,77,natural_typing
367.251,-86,703,0,0,78,natural_typing
367.323,-86,703,0,0,78,natural_typing
367.363,-92,703,0,0,79,natural_typing
367.434,-96,705,0,0,79,natural_typing
367.508,-104,705,0,0,80,natural_typing
367.547,-104,705,0,0,80,natural_typing
367.620,-112,711,0,0,82,natural_typing
367.694,-114,718,0,0,83,natural_typing
367.733,-114,718,0,0,83,natural_typing
367.806,-117,723,0,0,83,natural_typing
367.880,-123,726,0,0,83,natural_typing
367.919,-126,729,0,0,84,natural_typing
367.992,-126,729,0,0,84,natural_typing
368.064,-114,737,0,0,84,natural_typing
368.103,-99,743,0,0,84,natural_typing
368.176,-99,743,0,0,83,natural_typing
368.248,-76,749,0,0,83,natural_typing
368.287,-16,759,0,0,83,natural_typing
368.363,-16,759,0,0,83,natural_typing
368.432,4,758,0,0,83,natural_typing
368.471,15,751,0,0,82,natural_typing
368.543,18,748,0,0,82,natural_typing
368.617,18,748,0,0,82,natural_typing
368.655,24,745,0,0,84,natural_typing
368.727,27,743,0,0,84,natural_typing
368.800,27,743,0,0,85,natural_typing
368.841,27,741,0,0,85,natural_typing
368.912,25,741,0,0,85,natural_typing
368.986,25,741,0,0,83,natural_typing
369.025,20,742,0,0,83,natural_typing
369.103,15,744,0,0,84,natural_typing
369.174,15,744,0,0,84,natural_typing
369.214,8,747,0,0,84,natural_typing
369.287,5,750,0,0,84,natural_typing
369.358,5,750,0,0,84,natural_typing
369.398,0,755,0,0,84,natural_typing
369.471,-1,766,0,0,85,natural_typing
369.542,-1,766,0,0,85,natural_typing
369.582,0,776,0,0,85,natural_typing
369.655,2,782,0,0,86,natural_typing
369.726,2,782,0,0,86,natural_typing
369.766,4,783,0,0,87,natural_typing
369.838,5,781,0,0,87,natural_typing
369.911,6,780,0,0,88,natural_typing
369.951,6,780,0,0,88,natural_typing
370.023,8,777,0,0,88,natural_typing
370.096,4,773,0,0,89,natural_typing
370.136,4,773,0,0,89,natural_typing
370.209,-1,768,0,0,90,natural_typing
370.282,-9,762,0,0,90,natural_typing
370.323,-17,757,0,0,88,natural_typing
370.394,-17,757,0,0,88,natural_typing
370.467,-21,752,0,0,88,natural_typing
370.507,-24,751,0,0,89,natural_typing
370.578,-24,751,0,0,89,natural_typing
370.651,-25,751,0,0,89,natural_typing
370.692,-20,752,0,0,88,natural_typing
370.762,-20,752,0,0,89,natural_typing
370.835,-18,753,0,0,89,natural_typing
370.874,-20,749,0,0,88,natural_typing
370.947,-24,746,-8,0,88,natural_typing
371.019,-24,746,-8,0,88,natural_typing
371.058,-27,743,-8,0,88,natural_typing
371.135,-29,742,-8,0,88,natural_typing
371.208,-29,742,-8,24,89,natural_typing
371.247,-31,741,-8,24,89,natural_typing
371.319,-30,741,0,42,92,natural_typing
371.391,-30,741,0,0,94,natural_typing
371.432,-32,745,8,0,94,natural_typing
371.504,-34,748,0,49,98,natural_typing
371.576,-34,748,0,49,98,natural_typing
371.615,-36,747,0,38,100,natural_typing
371.688,-32,747,0,27,100,natural_typing
371.760,-32,747,0,27,100,natural_typing
371.815,-28,744,0,25,100,natural_typing
371.874,-20,745,0,0,100,natural_typing
371.944,-20,745,0,0,100,natural_typing
371.984,-15,744,0,0,100,natural_typing
372.057,-11,743,0,0,100,natural_typing
372.128,-11,743,0,0,100,natural_typing
372.168,-8,742,0,0,100,natural_typing
372.240,-5,743,0,0,100,natural_typing
372.313,-2,745,0,0,100,natural_typing
372.353,-2,745,0,0,100,natural_typing
372.425,-2,750,0,0,100,natural_typing
372.498,-4,753,0,0,100,natural_typing
372.538,-4,753,0,0,100,natural_typing
372.619,-4,756,0,0,100,natural_typing
372.684,-4,757,0,0,100,natural_typing
372.725,-3,760,-8,0,100,natural_typing
372.797,-3,760,-8,0,100,natural_typing
372.868,-2,761,0,0,100,natural_typing
372.908,-4,762,0,26,100,natural_typing
372.981,-4,762,0,0,100,natural_typing
373.052,-5,766,0,0,100,natural_typing
373.092,-4,768,0,0,100,natural_typing
373.172,-5,765,-8,0,100,natural_typing
373.242,-5,765,-8,0,100,natural_typing
373.280,-8,762,0,0,100,natural_typing
373.354,-10,759,0,0,100,natural_typing
373.425,-10,759,0,0,100,natural_typing
373.466,-11,756,0,0,100,natural_typing
373.537,-7,752,0,0,100,natural_typing
373.610,-7,752,0,0,100,natural_typing
373.649,1,746,0,0,100,natural_typing
373.722,15,742,0,0,100,natural_typing
373.794,15,742,0,0,100,natural_typing
373.837,51,729,0,0,100,natural_typing
373.906,64,705,0,0,100,natural_typing
373.978,64,705,0,0,100,natural_typing
374.018,78,689,0,0,100,natural_typing
374.090,79,687,0,0,100,natural_typing
374.162,79,687,0,0,100,natural_typing
374.202,77,689,0,0,100,natural_typing
374.274,73,690,0,0,100,natural_typing
374.347,73,690,0,0,100,natural_typing
374.385,70,690,0,0,100,natural_typing
374.458,71,693,0,0,100,natural_typing
374.530,71,693,0,0,100,natural_typing
374.570,74,695,0,0,100,natural_typing
374.642,77,696,0,0,100,natural_typing
374.718,76,696,8,0,100,natural_typing
374.756,76,696,8,0,100,natural_typing
374.827,73,696,8,0,100,natural_typing
374.900,72,695,0,0,100,natural_typing
374.941,72,695,0,0,100,natural_typing
375.013,71,693,0,0,100,natural_typing
375.086,65,693,0,0,100,natural_typing
375.126,58,691,0,0,100,natural_typing
375.204,58,691,0,0,100,natural_typing
375.275,46,689,0,0,100,natural_typing
375.315,36,689,-8,0,100,natural_typing
375.391,36,689,-8,0,100,natural_typing
375.460,29,688,0,0,100,natural_typing
375.499,25,688,0,0,100,natural_typing
375.572,22,690,0,0,100,natural_typing
375.644,22,690,0,0,100,natural_typing
375.683,21,695,0,0,100,natural_typing
375.756,21,698,0,0,100,natural_typing
375.827,21,698,0,0,100,natural_typing
375.867,21,699,0,0,100,natural_typing
375.939,24,700,0,0,100,natural_typing
376.011,24,700,0,0,100,natural_typing
376.051,45,702,0,0,100,natural_typing
376.131,67,705,0,0,100,natural_typing
376.197,67,705,0,0,100,natural_typing
376.235,102,709,0,0,100,natural_typing
376.313,98,711,0,0,100,natural_typing
376.381,98,711,0,0,100,natural_typing
376.420,87,710,0,0,100,natural_typing
376.492,76,707,0,0,100,natural_typing
376.564,76,707,0,0,100,natural_typing
376.604,69,706,0,0,100,natural_typing
376.677,64,704,0,0,100,natural_typing
376.749,64,704,0,0,100,natural_typing
376.788,60,702,0,0,100,natural_typing
376.861,56,700,0,0,100,natural_typing
376.933,56,700,0,0,100,natural_typing
376.972,51,699,0,0,100,natural_typing
377.044,49,698,0,0,100,natural_typing
377.118,47,699,0,0,100,natural_typing
377.157,47,699,0,0,100,natural_typing
377.233,47,700,0,0,100,natural_typing
377.307,46,700,0,0,100,natural_typing
377.347,46,700,0,0,100,natural_typing
377.420,42,700,0,0,100,natural_typing
377.493,38,698,0,0,100,natural_typing
377.533,34,697,0,0,100,natural_typing
377.605,34,697,0,0,100,natural_typing
377.677,29,695,0,0,100,natural_typing
377.717,24,693,0,0,100,natural_typing
377.790,24,693,0,0,100,natural_typing
377.861,21,691,0,0,100,natural_typing
377.903,18,691,0,0,100,natural_typing
377.974,15,690,0,0,100,natural_typing
378.046,15,690,0,0,100,natural_typing
378.085,15,692,0,0,100,natural_typing
378.160,20,695,0,0,100,natural_typing
378.230,20,695,0,0,100,natural_typing
378.269,22,696,0,0,100,natural_typing
378.341,21,697,0,0,100,natural_typing
378.413,21,697,0,0,99,natural_typing
378.453,17,699,0,0,98,natural_typing
378.526,13,703,-8,0,98,natural_typing
378.598,13,703,-8,0,97,natural_typing
378.638,11,704,0,0,97,natural_typing
378.711,5,706,0,0,97,natural_typing
378.783,5,706,0,0,96,natural_typing
378.822,2,706,0,0,96,natural_typing
378.894,1,705,0,0,94,natural_typing
378.967,1,705,0,0,94,natural_typing
379.006,-1,704,0,0,93,natural_typing
379.078,-3,702,0,0,92,natural_typing
379.157,-3,702,0,0,92,natural_typing
379.190,-8,697,0,0,89,natural_typing
379.268,-11,694,0,0,86,natural_typing
379.340,-16,693,0,0,86,natural_typing
379.380,-16,693,0,0,84,natural_typing
379.454,-19,688,0,0,83,natural_typing
379.525,-21,687,0,0,83,natural_typing
379.566,-21,687,0,0,82,natural_typing
379.637,-26,686,0,0,82,natural_typing
379.710,-30,682,0,0,82,natural_typing
379.750,-30,682,0,0,83,natural_typing
379.822,-38,678,0,0,83,natural_typing
379.895,-46,679,0,0,82,natural_typing
379.936,-50,682,0,0,82,natural_typing
380.008,-50,682,0,0,80,natural_typing
380.079,-53,686,0,0,80,natural_typing
380.119,-52,689,0,0,80,natural_typing
380.191,-52,689,0,0,81,natural_typing
380.263,-53,690,0,0,81,natural_typing
380.303,-56,690,0,0,81,natural_typing
380.375,-58,690,0,0,82,natural_typing
380.449,-58,690,0,0,82,natural_typing
380.487,-58,690,0,0,81,natural_typing
380.559,-58,692,0,0,81,natural_typing
380.632,-58,692,0,0,81,natural_typing
380.671,-56,698,0,0,81,natural_typing
380.743,-56,704,0,0,81,natural_typing
380.817,-56,704,0,0,80,natural_typing
380.855,-56,710,0,0,79,natural_typing
380.928,-54,717,0,0,79,natural_typing
380.999,-54,717,0,0,77,natural_typing
381.041,-47,721,0,0,77,natural_typing
381.125,-38,723,0,0,76,natural_typing
381.185,-38,723,0,0,74,natural_typing
381.225,-31,724,0,0,74,natural_typing
381.304,-36,724,0,0,72,natural_typing
381.375,-36,724,0,0,72,natural_typing
381.414,-41,722,0,0,71,natural_typing
381.487,-43,717,0,0,70,natural_typing
381.559,-43,717,0,0,70,natural_typing
381.598,-42,710,0,0,70,natural_typing
381.671,-41,706,0,0,68,natural_typing
381.743,-40,705,0,0,68,natural_typing
381.784,-40,705,0,0,66,natural_typing
381.855,-40,708,0,0,64,natural_typing
381.928,-40,714,0,0,64,natural_typing
381.968,-40,714,0,0,61,natural_typing
382.042,-41,723,0,0,61,natural_typing
382.112,-39,730,0,0,60,natural_typing
382.153,-39,730,0,0,57,natural_typing
382.225,-40,732,0,0,57,natural_typing
382.297,-44,734,0,0,56,natural_typing
382.338,-48,736,0,0,56,natural_typing
382.410,-48,736,0,0,54,natural_typing
382.483,-50,736,0,0,53,natural_typing
382.523,-51,736,0,0,53,natural_typing
382.595,-51,736,0,0,52,natural_typing
382.667,-51,735,0,0,52,natural_typing
382.707,-52,734,0,0,52,natural_typing
382.780,-59,734,0,0,53,natural_typing
382.851,-59,734,0,0,53,natural_typing
382.890,-64,733,0,0,53,natural_typing
382.964,-66,731,0,0,54,natural_typing
383.036,-66,731,0,0,54,natural_typing
383.075,-65,728,0,0,54,natural_typing
383.151,-62,725,0,0,54,natural_typing
383.220,-62,725,0,0,54,natural_typing
383.259,-60,723,0,0,55,natural_typing
383.336,-59,722,0,0,55,natural_typing
383.409,-59,722,0,0,55,natural_typing
383.448,-59,721,0,0,55,natural_typing
383.521,-57,720,0,0,55,natural_typing
383.595,-57,720,0,0,55,natural_typing
383.633,-57,720,0,0,55,natural_typing
383.709,-56,717,0,0,53,natural_typing
383.777,-56,717,0,0,53,natural_typing
383.817,-57,714,0,0,52,natural_typing
383.889,-57,712,0,0,52,natural_typing
383.962,-57,712,0,0,52,natural_typing
384.001,-56,712,0,0,51,natural_typing
384.074,-56,713,0,0,50,natural_typing
384.146,-50,716,0,0,50,natural_typing
384.187,-50,716,0,0,49,natural_typing
384.258,-43,717,0,0,47,natural_typing
384.331,-35,719,0,0,47,natural_typing
384.371,-35,719,0,0,45,natural_typing
384.444,-26,723,0,0,45,natural_typing
384.516,-22,726,0,0,44,natural_typing
384.557,-18,729,0,0,42,natural_typing
384.628,-18,729,0,0,42,natural_typing
384.701,-14,732,0,0,40,natural_typing
384.741,-17,735,0,0,40,natural_typing
384.815,-17,735,0,0,40,natural_typing
384.885,-21,743,0,0,39,natural_typing
384.926,-26,748,0,0,39,natural_typing
384.998,-26,748,0,0,38,natural_typing
385.070,-30,748,0,0,38,natural_typing
385.110,-34,748,0,0,38,natural_typing
385.186,-37,745,0,0,38,natural_typing
385.254,-37,745,0,0,38,natural_typing
385.294,-37,742,0,0,38,natural_typing
385.373,-37,739,0,0,38,natural_typing
385.443,-37,739,0,0,38,natural_typing
385.483,-36,739,0,0,38,natural_typing
385.556,-35,741,0,0,38,natural_typing
385.627,-35,741,0,0,38,natural_typing
385.667,-37,743,0,0,39,natural_typing
385.739,-35,747,0,0,39,natural_typing
385.812,-35,747,0,0,39,natural_typing
385.851,-25,750,0,0,40,natural_typing
385.923,-16,755,0,0,40,natural_typing
385.995,-16,755,0,0,42,natural_typing
386.036,-11,758,0,0,42,natural_typing
386.108,-25,755,0,0,43,natural_typing
386.181,-25,755,0,0,43,natural_typing
386.219,-41,751,0,0,44,natural_typing
386.292,-63,746,0,0,43,natural_typing
386.364,-63,746,0,0,43,natural_typing
386.403,-84,740,0,0,45,natural_typing
386.476,-108,724,0,0,46,natural_typing
386.548,-112,720,0,0,46,natural_typing
386.588,-112,720,0,0,46,natural_typing
386.663,-118,715,0,0,45,natural_typing
386.735,-120,714,0,0,45,natural_typing
386.775,-120,714,0,0,46,natural_typing
386.848,-117,716,0,0,46,natural_typing
386.921,-117,718,0,0,45,natural_typing
386.962,-122,719,0,0,45,natural_typing
387.036,-122,719,0,0,45,natural_typing
387.106,-124,721,0,0,45,natural_typing
387.146,-125,722,0,0,45,natural_typing
387.217,-125,722,0,0,45,natural_typing
387.290,-126,724,0,0,46,natural_typing
387.331,-129,729,0,0,46,natural_typing
387.409,-130,732,0,0,46,natural_typing
387.480,-130,732,0,0,46,natural_typing
387.520,-133,732,0,0,47,natural_typing
387.592,-136,732,0,0,48,natural_typing
387.663,-136,732,0,0,48,natural_typing
387.703,-140,730,0,0,48,natural_typing
387.776,-140,727,0,0,48,natural_typing
387.847,-140,727,0,0,48,natural_typing
387.887,-139,725,0,0,48,natural_typing
387.959,-141,722,0,0,48,natural_typing
388.031,-141,722,0,0,48,natural_typing
388.070,-148,720,0,0,48,natural_typing
388.143,-152,717,0,0,48,natural_typing
388.216,-152,717,0,0,47,natural_typing
388.255,-146,712,0,0,46,natural_typing
388.327,-143,707,0,0,46,natural_typing
388.400,-143,707,0,0,47,natural_typing
388.439,-141,704,0,0,47,natural_typing
388.512,-142,703,0,0,48,natural_typing
388.585,-142,703,0,0,49,natural_typing
388.628,-142,702,0,0,49,natural_typing
388.699,-147,701,0,0,49,natural_typing
388.774,-147,701,0,0,49,natural_typing
388.810,-149,700,0,0,49,natural_typing
388.882,-148,699,0,0,49,natural_typing
388.955,-147,698,0,0,49,natural_typing
388.995,-147,698,0,0,49,natural_typing
389.070,-145,699,0,0,48,natural_typing
389.141,-145,705,0,0,48,natural_typing
389.181,-145,705,0,0,48,natural_typing
389.255,-147,707,0,0,48,natural_typing
389.327,-150,710,0,0,48,natural_typing
389.367,-150,716,0,0,48,natural_typing
389.443,-150,716,0,0,48,natural_typing
389.517,-145,717,0,0,48,natural_typing
389.555,-141,719,0,0,48,natural_typing
389.627,-141,719,0,0,48,natural_typing
389.700,-138,721,0,0,47,natural_typing
389.740,-136,725,0,0,47,natural_typing
389.812,-137,724,0,0,47,natural_typing
389.885,-137,724,0,0,46,natural_typing
389.927,-137,723,0,0,46,natural_typing
389.997,-134,720,0,0,46,natural_typing
390.070,-134,720,0,0,46,natural_typing
390.109,-127,719,0,0,45,natural_typing
390.182,-112,716,0,0,45,natural_typing
390.253,-112,716,0,0,45,natural_typing
390.292,-68,711,0,0,46,natural_typing
390.370,-28,703,0,0,46,natural_typing
390.437,-28,703,0,0,46,natural_typing
390.477,4,689,0,0,45,natural_typing
390.550,12,679,0,0,46,natural_typing
390.621,12,679,0,0,46,natural_typing
390.662,11,669,0,0,46,natural_typing
390.733,7,663,0,0,46,natural_typing
390.806,7,663,0,0,46,natural_typing
390.846,0,656,0,0,46,natural_typing
390.917,-11,652,0,0,45,natural_typing
390.990,-11,652,0,0,45,natural_typing
391.028,-26,653,0,0,45,natural_typing
391.102,-39,656,0,0,45,natural_typing
391.173,-39,656,0,0,45,natural_typing
391.213,-43,658,0,0,44,natural_typing
391.285,-45,663,0,0,44,natural_typing
391.358,-46,668,0,0,44,natural_typing
391.400,-46,668,0,0,44,natural_typing
391.476,-46,673,0,0,45,natural_typing
391.547,-42,678,0,0,45,natural_typing
391.593,-33,682,0,0,46,natural_typing
391.660,-33,682,0,0,48,natural_typing
391.733,-7,684,0,0,48,natural_typing
391.772,13,687,0,0,50,natural_typing
391.844,13,687,0,0,50,natural_typing
391.922,51,679,0,0,51,natural_typing
391.957,114,661,0,0,52,natural_typing
392.028,114,661,0,0,52,natural_typing
392.102,231,631,0,0,55,natural_typing
392.141,330,603,0,0,55,natural_typing
392.213,315,635,0,0,58,natural_typing
392.286,315,635,0,0,61,natural_typing
392.326,283,670,0,0,61,natural_typing
392.400,259,718,0,0,62,natural_typing
392.470,259,718,0,0,62,natural_typing
392.510,192,788,0,0,62,natural_typing
392.583,154,818,0,0,61,natural_typing
392.655,154,818,0,0,61,natural_typing
392.694,126,828,0,0,60,natural_typing
392.766,109,824,0,0,59,natural_typing
392.838,109,824,0,0,59,natural_typing
392.878,97,817,0,0,59,natural_typing
392.951,86,805,0,0,60,natural_typing
393.023,86,805,0,0,60,natural_typing
393.062,84,799,0,0,60,natural_typing
393.134,86,795,0,0,60,natural_typing
393.206,86,795,0,0,60,natural_typing
393.246,83,787,-8,0,60,natural_typing
393.319,88,785,0,0,62,natural_typing
393.391,88,785,0,0,63,natural_typing
393.431,90,785,0,0,63,natural_reach
393.509,93,786,0,0,65,natural_reach
393.583,100,784,0,0,67,natural_reach
393.622,100,784,0,0,67,natural_reach
393.696,105,782,0,0,69,natural_reach
393.769,113,781,0,0,69,natural_reach
393.810,113,781,0,0,71,natural_reach
393.882,117,781,0,0,72,natural_reach
393.955,114,779,0,0,72,natural_reach
393.995,110,777,0,0,73,natural_reach
394.068,110,777,0,0,73,natural_reach
394.141,101,772,0,0,73,natural_reach
394.181,76,763,0,0,73,natural_reach
394.254,76,763,0,0,72,natural_reach
394.327,55,759,0,0,72,natural_reach
394.367,40,754,0,0,71,natural_reach
394.441,30,744,0,0,71,natural_reach
394.513,30,744,0,0,72,natural_reach
394.553,23,735,0,0,72,natural_reach
394.626,22,731,0,0,72,natural_reach
394.699,22,731,0,0,72,natural_reach
394.739,20,728,0,0,72,natural_reach
394.812,16,727,0,0,72,natural_reach
394.885,16,727,0,0,73,natural_reach
394.925,10,726,0,0,73,natural_reach
394.999,5,728,0,0,74,natural_reach
395.070,5,728,0,0,74,natural_reach
395.111,1,726,0,0,73,natural_reach
395.184,0,729,0,0,73,natural_reach
395.257,0,729,0,0,73,natural_reach
395.297,2,733,0,0,73,natural_reach
395.371,4,734,0,0,73,natural_reach
395.442,4,734,0,0,73,natural_reach
395.483,3,732,0,0,71,natural_reach
395.561,-2,730,0,0,69,natural_reach
395.634,-8,725,0,0,69,natural_reach
395.674,-8,725,0,0,69,natural_reach
395.747,-10,722,0,0,69,natural_reach
395.820,-13,720,0,0,68,natural_reach
395.861,-11,719,0,0,67,natural_reach
395.932,-11,719,0,0,67,natural_reach
396.005,-4,719,0,0,66,natural_reach
396.045,5,716,0,0,66,natural_reach
396.118,5,716,0,0,64,natural_reach
396.191,14,715,0,0,61,natural_reach
396.231,18,715,0,0,61,natural_reach
396.306,21,716,0,0,59,natural_reach
396.376,21,716,0,0,59,natural_reach
396.416,21,717,0,0,57,natural_reach
396.489,19,717,0,0,56,natural_reach
396.561,19,717,0,0,56,natural_reach
396.602,18,719,0,0,55,natural_reach
396.675,16,719,0,0,55,natural_reach
396.747,16,719,0,0,55,natural_reach
396.787,8,716,0,0,55,natural_reach
396.859,2,714,0,0,55,natural_reach
396.932,2,714,0,0,55,natural_reach
396.972,-1,712,0,0,54,natural_reach
397.044,-4,711,0,0,54,natural_reach
397.117,-4,711,0,0,54,natural_reach
397.158,-7,709,0,0,54,natural_reach
397.229,-5,707,0,0,54,natural_reach
397.302,-5,707,0,0,53,natural_reach
397.342,-4,704,0,0,53,natural_reach
397.415,-4,701,0,0,53,natural_reach
397.491,-4,701,0,0,52,natural_reach
397.528,-5,703,0,0,52,natural_reach
397.606,-9,706,0,0,51,natural_reach
397.679,-14,708,0,0,51,natural_reach
397.719,-14,708,0,0,51,natural_reach
397.792,-18,711,0,0,49,natural_reach
397.865,-22,713,0,0,49,natural_reach
397.906,-24,716,0,0,48,natural_reach
397.977,-24,716,0,0,47,natural_reach
398.050,-27,720,0,0,47,natural_reach
398.090,-29,721,0,0,46,natural_reach
398.162,-29,721,0,0,45,natural_reach
398.235,-29,724,0,0,45,natural_reach
398.275,-30,728,0,0,44,natural_reach
398.347,-30,728,0,0,44,natural_reach
398.420,-30,729,0,0,43,natural_reach
398.460,-27,728,0,0,42,natural_reach
398.532,-23,726,0,0,42,natural_reach
398.604,-23,726,0,0,40,natural_reach
398.644,-23,726,0,0,40,natural_reach
398.718,-18,726,-8,0,40,natural_reach
398.791,-18,726,-8,0,39,natural_reach
398.830,-17,727,0,0,39,natural_reach
398.904,-22,728,0,0,40,natural_reach
398.977,-22,728,0,0,40,natural_reach
399.017,-25,731,0,0,41,natural_reach
399.090,-25,735,0,0,42,natural_reach
399.163,-25,735,0,0,42,natural_reach
399.203,-19,738,0,0,42,natural_reach
399.276,-15,741,0,0,43,natural_reach
399.348,-15,741,0,0,43,natural_reach
399.389,-14,741,0,0,43,natural_reach
399.462,-16,737,0,0,44,natural_reach
399.535,-16,737,0,0,44,natural_reach
399.575,-14,728,0,0,45,natural_reach
399.653,-13,717,0,0,44,natural_reach
399.726,-12,702,0,0,44,natural_reach
399.766,-12,702,0,0,44,natural_reach
399.838,-13,690,0,0,44,natural_reach
399.912,-16,684,0,0,43,natural_reach
399.952,-24,682,0,0,42,natural_reach
400.025,-24,682,0,0,42,natural_reach
400.098,-35,681,0,0,41,natural_reach
400.138,-45,682,0,0,41,natural_reach
400.211,-45,682,0,0,41,natural_reach
400.285,-47,685,-8,23,44,natural_reach
400.324,-52,689,0,23,44,natural_reach
400.398,-55,691,0,0,45,natural_reach
400.469,-55,691,0,0,45,natural_reach
400.509,-56,693,-8,0,48,natural_reach
400.584,-57,694,-8,0,48,natural_reach
400.656,-57,694,-8,0,48,natural_reach
400.695,-60,695,-16,0,48,natural_reach
400.770,-61,695,-8,0,51,natural_reach
400.843,-61,695,-8,0,51,natural_reach
400.881,-63,694,-16,0,53,natural_reach
400.955,-64,692,-16,0,53,natural_reach
401.028,-64,692,-16,0,53,natural_reach
401.073,-68,690,-8,0,54,natural_reach
401.141,-70,687,-8,0,54,natural_reach
401.214,-70,687,-8,0,55,natural_reach
401.254,-73,681,0,0,56,natural_reach
401.330,-74,674,0,0,56,natural_reach
401.400,-74,674,0,0,56,natural_reach
401.447,-80,664,0,0,56,natural_reach
401.513,-87,659,0,0,57,natural_reach
401.586,-91,658,0,0,56,natural_reach
401.628,-91,658,0,0,56,natural_reach
401.704,-93,655,0,0,56,natural_reach
401.777,-93,655,0,0,56,natural_reach
401.816,-93,655,0,0,58,natural_reach
401.889,-93,655,0,0,60,natural_reach
401.962,-97,657,8,0,60,natural_reach
402.002,-99,656,0,0,61,natural_reach
402.074,-99,656,0,0,63,natural_reach
402.146,-98,656,8,0,63,natural_reach
402.186,-92,656,8,0,64,natural_reach
402.258,-92,656,8,0,64,natural_reach
